ID,Year_Birth,Education,Marital_Status,Income,Kidhome,Teenhome,Dt_Customer,Recency,MntWines,MntFruits,MntMeatProducts,MntFishProducts,MntSweetProducts,MntGoldProds,NumDealsPurchases,NumWebPurchases,NumCatalogPurchases,NumStorePurchases,NumWebVisitsMonth,Complain,Response,Age,Total_Spent,Total_Purchases,Total_Children,Customer_Days,Cluster,PCA1,PCA2
5524,1957,Graduation,Single,58138.0,0,0,2012-09-04,58,635,88,546,172,88,88,3,8,10,4,7,0,1,69,1617,22,0,4867,3,1.6895917146051105,1.7718077684872244
2174,1954,Graduation,Single,46344.0,1,1,2014-03-08,38,11,1,6,2,1,6,2,1,1,2,5,0,0,72,27,4,2,4317,0,-1.5651071705083521,-1.0827408940112258
4141,1965,Graduation,Together,71613.0,0,0,2013-08-21,26,426,49,127,111,21,42,1,8,2,10,4,0,0,61,776,20,0,4516,3,1.8145235534241602,-0.5592319253852323
6182,1984,Graduation,Together,26646.0,1,0,2014-02-10,26,11,4,20,10,3,5,2,2,0,4,6,0,0,42,53,6,1,4343,0,-1.5672720961653581,-1.20261496053951
5324,1981,PhD,Married,58293.0,1,0,2014-01-19,94,173,43,118,46,27,15,5,5,3,6,5,0,0,45,422,14,1,4365,1,-0.06962967968633522,0.406062303206002
7446,1967,Master,Together,62513.0,0,1,2013-09-09,16,520,42,98,0,42,14,2,6,4,10,6,0,0,59,716,20,1,4497,3,0.6761524106219379,0.21373950687781243
965,1971,Graduation,Divorced,55635.0,0,1,2012-11-13,34,235,65,164,50,49,27,4,7,3,7,6,0,0,55,590,17,1,4797,1,0.09150233344896944,1.4845655775324433
6177,1985,PhD,Married,33454.0,1,0,2013-05-08,32,76,10,56,3,1,23,2,4,0,4,8,0,0,41,169,8,1,4621,2,-1.5222777629468272,-0.03942879564699845
4855,1974,PhD,Together,30351.0,1,0,2013-06-06,19,14,0,24,3,3,2,1,3,0,2,9,0,1,52,46,5,1,4592,2,-1.983774831225939,-0.5245088117011334
5899,1950,PhD,Together,5648.0,1,1,2014-03-13,68,28,0,6,1,1,13,1,1,0,0,20,0,0,76,49,1,2,4312,2,-5.111127592022528,0.18186615183901625
1994,1983,Graduation,Married,51381.5,1,0,2013-11-15,11,5,5,6,0,2,1,1,1,0,2,7,0,0,43,19,3,1,4430,0,-1.3228290380810974,-1.231424756137118
387,1976,Basic,Married,7500.0,0,0,2012-11-13,59,6,16,11,11,1,16,1,2,0,3,8,0,0,50,61,5,0,4797,2,-1.8368088405530498,-0.4612536140190995
2125,1959,Graduation,Divorced,63033.0,0,0,2013-11-15,82,194,61,480,225,112,30,1,3,4,8,2,0,0,67,1102,15,0,4430,3,1.9244908759531363,-1.127120350738067
8180,1952,Master,Divorced,59354.0,1,1,2013-11-15,53,233,2,53,3,5,14,3,6,1,5,6,0,0,74,310,12,2,4430,0,-0.7669270444999445,0.2028545324855573
2569,1987,Graduation,Married,17323.0,0,0,2012-10-10,38,3,14,17,6,1,5,1,1,0,3,8,0,0,39,46,4,0,4831,2,-1.6952127104233803,-0.40285172174433903
2114,1946,PhD,Single,82800.0,0,0,2012-11-24,23,1006,22,115,59,68,45,1,7,6,12,3,0,1,80,1315,25,0,4786,3,3.0000167970854847,0.4994217088877179
9736,1980,Graduation,Married,41850.0,1,1,2012-12-24,51,53,5,19,2,13,4,3,3,0,3,8,0,0,46,96,6,2,4756,2,-2.0520450227764235,0.9087143183257614
4939,1946,Graduation,Together,37760.0,0,0,2012-08-31,20,84,5,38,150,12,28,2,4,1,6,7,0,0,80,317,11,0,4871,2,-0.4749467065314357,0.38183946049667333
6565,1949,Master,Married,76995.0,0,1,2013-03-28,91,1012,80,498,0,16,176,2,11,4,9,5,0,0,77,1782,24,1,4662,3,2.327555111135388,1.2269039901211083
2278,1985,2n Cycle,Single,33812.0,1,0,2012-11-03,86,4,17,19,30,24,39,2,2,1,3,6,0,0,41,133,6,1,4807,2,-1.313348818616183,0.1706739339654393
9360,1982,Graduation,Married,37040.0,0,0,2012-08-08,41,86,2,73,69,38,48,1,4,2,5,8,0,0,44,316,11,0,4894,2,-0.5814645766397687,0.2626362716767926
5376,1979,Graduation,Married,2447.0,1,0,2013-01-06,42,1,1,1725,1,1,1,15,0,28,0,1,0,0,47,1730,28,1,4743,1,0.5615910891444125,4.980027344419689
1993,1949,PhD,Married,58607.0,0,1,2012-12-23,63,867,0,86,0,0,19,3,2,3,9,8,0,0,77,972,14,1,4757,1,0.02620653173358697,1.3408623193215436
4047,1954,PhD,Married,65324.0,0,1,2014-01-11,0,384,0,102,21,32,5,3,6,2,9,4,0,0,72,544,17,1,4373,3,0.6668254117030752,-0.24514653592947555
1409,1951,Graduation,Together,40689.0,0,1,2013-03-18,69,270,3,27,39,6,99,7,7,1,5,8,0,0,75,444,13,1,4672,1,-1.168652314861658,2.1189029182705448
7892,1969,Graduation,Single,18589.0,0,0,2013-01-02,89,6,4,25,15,12,13,2,2,1,3,7,0,0,57,75,6,0,4747,2,-1.406555988223482,-0.26528814380854077
2404,1976,Graduation,Married,53359.0,1,1,2013-05-27,4,173,4,30,3,6,41,4,5,1,4,7,0,0,50,257,10,2,4602,1,-1.326280128197416,0.9277799955659841
5255,1986,Graduation,Single,51381.5,1,0,2013-02-20,19,5,1,3,3,263,362,0,27,0,0,1,0,0,40,637,27,1,4698,3,1.7958756424381455,-0.2715248388766207
9422,1989,Graduation,Married,38360.0,1,0,2013-05-31,26,36,2,42,20,21,10,2,2,1,4,3,0,0,37,131,7,1,4598,0,-0.6632953506143517,-0.7686653464005913
1966,1965,PhD,Married,84618.0,0,0,2013-11-22,96,684,100,801,21,66,0,1,6,9,10,2,0,0,61,1672,25,0,4423,3,3.5189511534535676,-0.39034029615816696
6864,1989,Master,Divorced,10979.0,0,0,2014-05-22,34,8,4,10,2,2,4,2,3,0,3,5,0,0,37,30,6,0,4242,0,-1.3032644179090123,-1.9821450992202447
3033,1963,Master,Together,38620.0,0,0,2013-05-11,56,112,17,44,34,22,89,1,2,5,3,3,0,0,63,318,10,0,4618,2,0.23686536611971215,-1.1244121239350215
5710,1970,Graduation,Together,40548.0,0,1,2012-10-10,31,110,0,5,2,0,3,2,2,1,4,5,0,0,56,120,7,1,4831,2,-0.9550062220039994,0.1184829879669768
7373,1952,PhD,Divorced,46610.0,0,2,2012-10-29,8,96,12,96,33,22,43,6,4,1,6,6,0,1,74,302,11,2,4812,1,-1.3513090984453258,2.057306335440847
8755,1946,Master,Married,68657.0,0,0,2013-02-20,4,482,34,471,119,68,22,1,3,5,9,7,0,0,80,1196,17,0,4698,3,1.3929222032403838,0.27683520346444396
10738,1951,Master,Single,49389.0,1,1,2013-08-29,55,40,0,19,2,1,3,1,2,0,3,7,0,0,75,65,5,2,4508,0,-1.6581331876314445,-0.5551200572378633
4339,1970,PhD,Married,67353.0,0,1,2013-12-31,37,702,17,151,0,8,35,5,5,6,12,2,0,0,56,913,23,1,4384,3,1.5986245827263375,0.635916460231955
10755,1976,2n Cycle,Married,23718.0,1,0,2013-09-02,76,6,3,14,15,7,36,3,3,1,2,7,0,0,50,81,6,1,4504,2,-1.8349100213551042,-0.26594239406407116
8595,1973,Graduation,Widow,42429.0,0,1,2014-02-11,99,55,0,6,2,0,4,2,1,1,3,5,0,0,53,67,5,1,4342,0,-1.0705786974535543,-1.223821928049486
2968,1943,PhD,Divorced,48948.0,0,0,2013-02-01,53,437,8,206,160,49,42,2,7,10,5,6,0,1,83,902,22,0,4717,3,1.131254306727708,0.6268751533335792
8601,1980,Graduation,Married,80011.0,0,1,2013-04-29,3,421,76,536,82,178,102,2,8,6,5,4,0,0,46,1395,19,1,4630,3,1.9039916072424967,0.5704348031932609
503,1985,Master,Married,20559.0,1,0,2013-03-12,88,13,1,29,3,0,7,2,2,0,3,8,0,0,41,53,5,1,4678,2,-2.0822727896297275,-0.05337870164744108
8430,1957,Graduation,Together,21994.0,0,1,2012-12-24,4,9,0,6,3,1,3,1,0,0,3,5,0,0,69,22,3,1,4756,2,-1.6456999129482885,-0.7312353062449193
7281,1959,PhD,Single,51381.5,0,0,2013-11-05,80,81,11,50,3,2,39,1,1,3,4,2,0,0,67,186,8,0,4440,0,0.4642892247882057,-1.7849628771418438
2139,1975,Master,Married,7500.0,1,0,2013-10-02,19,3,1,10,3,2,12,3,2,0,3,5,0,0,51,31,5,1,4474,0,-1.986723293365936,-0.7888741015033219
1371,1976,Graduation,Single,79941.0,0,0,2014-06-28,72,123,164,266,227,30,174,1,2,4,9,1,0,0,50,984,15,0,4205,3,2.373090686431325,-1.8392525626105363
9909,1996,2n Cycle,Married,7500.0,0,0,2012-11-09,24,3,18,14,15,22,50,3,3,1,3,9,0,1,30,122,7,0,4801,2,-1.985150369856703,0.3981735743070999
7286,1968,Graduation,Together,41728.0,1,0,2013-05-24,92,13,6,15,3,5,13,1,2,0,2,10,0,0,58,55,4,1,4605,2,-1.9286244210472543,-0.2790163963720606
7244,1951,Graduation,Single,51381.5,2,1,2014-01-01,96,48,5,48,6,10,7,3,2,1,4,6,0,0,75,124,7,3,4383,0,-1.8736379305313091,0.11904366256896212
6566,1954,PhD,Married,72550.0,1,1,2012-11-08,39,826,50,317,50,38,38,9,5,2,12,8,0,0,72,1319,19,2,4802,1,0.03136450824376995,4.11271121204503
8614,1957,Graduation,Widow,65486.0,0,1,2014-05-12,29,245,19,125,37,67,14,1,4,2,10,2,0,0,69,507,16,1,4252,3,1.066910424164305,-1.496430363736489
4114,1964,Master,Married,79143.0,0,0,2012-08-11,2,650,37,780,27,167,32,1,6,9,13,3,0,0,62,1693,28,0,4891,3,3.4130292108229794,1.0104292123097431
1331,1977,Graduation,Single,35790.0,1,0,2013-01-02,54,12,6,20,30,1,3,2,2,0,3,7,0,0,49,72,5,1,4747,2,-1.561214820547955,0.039843696651738265
2225,1977,Graduation,Divorced,82582.0,0,0,2014-06-07,54,510,120,550,156,40,241,1,4,9,7,1,0,1,49,1617,20,0,4226,3,3.2644648623304837,-1.3460801517057452
9381,1978,Graduation,Married,66373.0,1,1,2013-06-12,57,328,9,124,12,24,109,7,4,2,10,3,0,0,48,606,16,2,4586,1,0.10734811423199164,1.869151112762227
6260,1955,Master,Together,82384.0,0,0,2012-11-19,55,984,51,432,180,120,190,1,3,10,13,1,0,1,71,1957,26,0,4791,3,3.9287499232372944,0.565104053121479
10383,1966,Graduation,Divorced,70287.0,0,0,2013-04-02,30,295,35,482,121,120,40,1,5,5,10,3,0,1,60,1093,20,0,4657,3,2.217429975322753,-0.19550713589941487
7437,1988,Graduation,Single,27938.0,1,0,2014-04-28,31,13,0,8,2,1,5,1,1,0,4,3,0,0,38,29,5,1,4266,0,-1.0412557749809455,-2.1517849174365886
8557,1982,Graduation,Single,51381.5,1,0,2013-06-17,57,11,3,22,2,2,6,2,2,0,3,6,0,0,44,46,5,1,4581,2,-1.062014028505003,-0.4726338503885657
8375,1968,PhD,Married,55954.0,0,1,2014-03-03,63,447,0,28,0,0,43,3,8,2,6,7,0,0,58,518,16,1,4322,0,-0.11914284890153086,-0.03217664891873825
6853,1982,Master,Single,75777.0,0,0,2013-07-04,12,712,26,538,69,13,80,1,3,6,11,1,0,1,44,1438,20,0,4564,3,2.9563261952852016,-0.5728033427883056
3076,1975,Graduation,Together,66653.0,1,1,2012-09-07,18,452,18,102,16,18,6,4,4,2,12,3,0,0,51,612,18,2,4864,1,0.45699818586817414,1.6914052993192057
1012,1952,Graduation,Single,61823.0,0,1,2013-02-18,26,523,7,134,37,14,169,4,8,2,10,7,0,0,74,884,20,1,4700,1,0.4903175069498005,1.6023910640638002
6518,1951,PhD,Widow,67680.0,0,1,2013-06-11,8,546,0,48,0,6,6,1,7,3,8,5,0,0,75,606,18,1,4587,3,0.817394117765595,-0.11026648726340905
4137,1948,Graduation,Together,70666.0,0,0,2013-12-06,29,398,40,367,119,122,30,1,7,4,4,4,0,0,78,1076,15,0,4409,3,1.722474260821215,-0.9708778945071221
8082,1971,Graduation,Married,25721.0,1,0,2013-05-21,75,1,3,6,3,6,15,1,1,1,2,7,0,1,55,34,4,1,4608,2,-1.8073144878760146,-0.7369242249187105
1386,1967,Graduation,Together,32474.0,1,1,2014-05-11,0,10,0,1,0,0,0,1,1,0,2,7,0,0,59,11,3,2,4253,0,-2.233254448771937,-1.4822468108943496
9369,1979,2n Cycle,Single,88194.0,0,1,2014-03-19,19,688,14,309,201,24,38,1,11,10,10,5,0,1,47,1274,31,1,4306,3,2.6522785696541984,0.05095338050342046
4477,1958,Graduation,Together,69096.0,0,1,2013-09-27,4,247,49,159,7,82,109,1,5,2,10,4,0,0,68,653,17,1,4479,3,0.9907481613638162,-0.5532088260894238
1357,1970,Graduation,Together,74854.0,1,2,2013-04-08,90,856,59,487,58,29,73,7,2,5,5,5,0,0,56,1562,12,3,4651,1,0.03684464840940432,2.833327937719445
1402,1954,Master,Married,66991.0,0,0,2012-09-11,1,496,36,460,189,60,12,3,4,8,6,3,0,0,72,1253,18,0,4860,3,1.996764517741618,0.9210747566942761
10629,1973,2n Cycle,Married,51381.5,1,0,2012-09-14,25,25,3,43,17,4,17,3,3,0,3,8,0,0,53,109,6,1,4857,2,-1.362408319856481,0.8766897198337927
6312,1959,Graduation,Married,65031.0,0,1,2013-03-17,29,258,107,291,84,37,86,4,10,3,13,7,0,0,67,863,26,1,4673,1,0.9256866380221164,1.8111351399391766
8132,1975,PhD,Married,60631.0,1,1,2013-04-05,88,565,6,65,0,6,19,5,9,2,8,7,0,0,51,661,19,2,4654,1,-0.30731498359513326,2.064680954782473
1050,1952,Graduation,Married,28332.0,0,0,2014-04-30,58,14,10,13,4,15,9,1,2,1,4,2,0,0,74,65,7,0,4264,0,-0.23068996382025078,-2.465995734549982
5846,1977,Graduation,Divorced,40246.0,1,0,2012-12-19,68,2,1,6,2,1,1,1,1,0,2,6,0,0,49,13,3,1,4761,2,-1.3889680656273993,-0.4496613771015185
1859,1972,Master,Married,75251.0,0,0,2012-08-27,34,721,111,925,97,18,18,1,7,6,5,5,0,1,54,1890,18,0,4875,3,2.5257211841573732,0.8504345405147512
7503,1976,Graduation,Single,75825.0,0,0,2012-10-12,40,1032,105,779,137,105,51,0,5,8,9,4,0,1,50,2209,22,0,4829,3,3.2966366051955385,0.5772291123582868
10401,1976,2n Cycle,Together,26326.0,0,0,2013-09-04,12,1,0,5,0,3,9,1,0,0,3,3,1,0,50,18,3,0,4502,0,-0.7462060621745127,-1.9577398148705123
1618,1965,Graduation,Together,56046.0,0,0,2013-01-02,9,577,0,64,0,0,51,2,10,1,8,8,0,1,61,692,19,0,4747,1,0.5796900661732727,0.7285281034525134
3332,1985,Graduation,Single,29760.0,1,0,2012-08-29,87,64,4,68,7,5,17,4,3,1,4,8,0,0,41,165,8,1,4873,2,-1.7345937227240837,1.3346835412856826
2261,1969,Graduation,Married,26304.0,1,0,2013-06-23,5,4,1,5,2,0,4,1,1,0,2,7,0,0,57,16,3,1,4575,2,-1.8933943758037872,-0.9526670154765279
5346,1973,2n Cycle,Married,23559.0,1,0,2013-07-03,87,25,5,19,7,0,23,3,3,0,3,7,0,0,53,79,6,1,4565,2,-1.835868678516471,-0.09083955094126328
4119,1963,Master,Together,38620.0,0,0,2013-05-11,56,112,17,44,34,22,89,1,2,5,3,3,0,0,63,318,10,0,4618,2,0.23686536611971215,-1.1244121239350215
535,1987,Graduation,Divorced,81361.0,0,0,2014-02-25,18,163,23,424,27,65,76,1,3,10,13,1,0,0,39,778,26,0,4328,3,2.917746458472935,-1.1346166733401768
5268,1960,Graduation,Married,29440.0,1,1,2013-08-11,95,17,8,14,10,4,3,2,1,0,4,7,0,0,66,56,5,2,4526,0,-2.1787593960878557,-0.22241509688647018
273,1970,Master,Married,36138.0,1,1,2013-07-16,48,130,0,16,0,0,5,5,3,1,4,7,0,0,56,151,8,2,4552,1,-1.9912052411858985,0.9689070614528952
4452,1957,Graduation,Single,50388.0,0,1,2014-05-28,3,292,6,37,0,3,34,4,6,1,6,7,0,1,69,372,13,1,4236,0,-0.6472111401829984,-0.2143455565133665
8504,1973,Graduation,Married,79593.0,0,0,2014-05-12,70,350,60,568,110,133,145,1,5,6,7,2,0,0,53,1366,18,0,4252,3,2.700208754904488,-1.3237079067173374
771,1967,Graduation,Together,54178.0,0,1,2014-01-21,79,135,9,39,4,0,7,1,2,2,5,2,0,0,59,194,9,1,4363,0,0.12718691985977768,-1.614597491820599
8996,1957,PhD,Married,51381.5,2,1,2012-11-19,4,230,42,192,49,37,53,12,7,2,8,9,0,0,69,603,17,3,4791,1,-2.0305511238516156,5.0385823309562054
9235,1957,Graduation,Single,51381.5,1,1,2014-05-27,45,7,0,8,2,0,1,1,1,0,2,7,0,0,69,18,3,2,4237,0,-1.7856141553414182,-1.394561383922006
5798,1973,Master,Together,51381.5,0,0,2013-11-23,87,445,37,359,98,28,18,1,2,4,8,1,0,0,53,985,14,0,4422,3,1.6710336459994182,-1.4017137982834957
11178,1972,Master,Single,42394.0,1,0,2014-03-23,69,15,2,10,0,1,4,1,1,0,3,7,0,0,54,32,4,1,4302,0,-1.4377709795569014,-1.4990532001394758
2230,1970,PhD,Married,23626.0,1,0,2014-05-24,84,27,2,14,0,0,0,3,3,1,3,5,0,0,56,43,7,1,4240,0,-1.4693721606188792,-1.1850338250699828
7516,1983,Graduation,Married,30096.0,1,0,2014-05-22,30,5,3,11,12,5,9,1,2,0,3,6,0,0,43,45,5,1,4242,0,-1.4864704358687357,-1.8295391216455164
7247,1960,Graduation,Widow,47916.0,0,1,2012-11-22,72,505,0,26,0,0,75,5,7,4,6,6,0,0,66,606,17,1,4788,1,-0.13223571097675174,1.8016927756653
11100,1972,Graduation,Divorced,51813.0,1,1,2013-04-11,37,51,2,7,0,1,2,2,2,0,3,7,0,0,54,63,5,2,4648,2,-1.6806419310304865,0.13680326497184483
4646,1951,2n Cycle,Married,78497.0,0,0,2013-12-01,44,207,26,447,75,0,223,1,5,7,12,2,0,0,75,978,24,0,4414,3,2.730966427783051,-0.7830811617044612
3037,1983,PhD,Married,50150.0,0,0,2013-06-20,32,135,46,92,65,61,11,2,5,2,7,5,0,0,43,410,14,0,4578,3,0.4085334490800887,-0.42315137375296025
1473,1960,2n Cycle,Single,47823.0,0,1,2013-07-23,0,53,1,5,2,1,10,2,2,0,3,8,0,0,66,72,5,1,4545,2,-1.4765696239981527,-0.38962094320856633
1016,1959,PhD,Single,34554.0,0,1,2014-03-30,43,41,1,6,2,0,5,2,2,0,3,6,0,0,67,55,5,1,4295,0,-1.4452913153885851,-1.3248486103348835
4518,1979,Graduation,Together,85693.0,0,1,2013-04-20,59,386,172,183,185,132,111,2,9,5,11,5,0,0,47,1169,25,1,4639,3,2.0744139278166154,0.9988108759051301
9370,1945,PhD,Married,65846.0,0,0,2013-05-17,68,562,81,276,80,40,81,1,6,3,6,4,0,0,81,1120,15,0,4612,3,1.6643019034231334,-0.38576451694941866
8908,1959,Graduation,Married,87195.0,0,0,2014-05-08,35,217,76,690,50,26,38,1,3,11,5,1,0,1,67,1097,19,0,4256,3,2.8733719022412303,-1.4924938646300006
8373,1979,Basic,Together,24594.0,1,0,2013-12-10,94,1,3,6,10,0,9,1,1,0,3,5,0,0,47,29,4,1,4405,0,-1.4970784492058558,-1.5177834983652594
7533,1964,Graduation,Married,49096.0,1,1,2013-09-24,15,144,1,32,2,1,7,4,4,1,4,7,0,0,62,187,9,2,4482,0,-1.5425271080321412,0.5296779525411355
2683,1969,Graduation,Married,52413.0,0,2,2013-02-02,56,295,106,271,75,98,65,4,6,4,12,6,0,0,57,910,22,2,4716,1,0.13401053673557595,1.9340573517961082
3629,1978,Graduation,Single,38557.0,1,0,2012-12-19,17,76,3,31,4,4,27,2,3,1,3,7,0,0,48,145,7,1,4761,2,-1.3226878411045464,0.16385780247662973
10991,1960,Master,Married,89058.0,0,0,2012-12-07,18,454,194,106,31,22,43,1,5,4,4,2,0,0,66,850,13,0,4773,3,2.168079899001878,-0.34467894191510084
5077,1979,Graduation,Together,77298.0,0,1,2013-11-02,46,425,115,292,23,35,79,1,6,6,11,3,0,0,47,969,23,1,4443,3,1.996610702763629,-0.3126212807295799
7431,1991,PhD,Single,68126.0,0,0,2012-11-10,40,1332,17,311,23,51,86,1,7,4,5,9,0,1,35,1820,16,0,4800,3,1.5051307482782421,1.008724695518448
3267,1963,Master,Together,57288.0,0,1,2014-06-25,27,527,0,21,0,0,60,3,8,1,8,6,0,0,63,608,17,1,4208,0,0.2046022606647826,-0.42158589854987083
999,1991,Graduation,Single,86037.0,0,0,2013-01-02,95,490,44,125,29,20,22,1,6,7,11,3,0,1,35,730,24,0,4747,3,2.55004098865209,0.24010383521305656
9215,1980,PhD,Married,43974.0,1,0,2012-12-12,19,378,0,101,0,0,72,5,6,4,6,7,0,0,46,551,16,1,4768,1,-0.5149762362709358,1.7327759254024795
2286,1962,Graduation,Single,50785.0,1,1,2013-09-10,27,64,1,21,0,1,27,2,2,1,3,6,0,0,64,114,6,2,4496,0,-1.4354772185978777,-0.3493237522297661
1592,1970,Graduation,Married,90765.0,0,0,2014-01-24,25,547,99,812,151,82,33,0,4,6,5,1,0,0,56,1724,15,0,4360,3,3.2884060769499217,-1.4989215846759063
367,1978,2n Cycle,Married,36550.0,1,0,2013-02-19,74,47,90,94,123,103,120,5,9,1,5,9,0,0,48,577,15,1,4699,1,-1.0478733777530296,1.789951301761992
5234,1967,2n Cycle,Together,30753.0,1,1,2013-07-11,85,12,5,25,0,9,30,2,1,1,3,5,0,0,59,81,5,2,4557,0,-1.7931255332663318,-0.3849631758251043
9862,1969,Graduation,Together,21918.0,1,0,2013-11-14,37,1,6,7,11,5,3,2,2,0,3,6,0,0,57,33,5,1,4431,0,-1.7494358446728655,-1.0253262987676526
9805,1953,Master,Together,56129.0,0,1,2013-06-20,65,320,48,133,39,72,48,4,6,2,10,4,0,0,73,660,18,1,4578,1,0.5666625555571778,0.7519600277468457
6205,1967,Master,Single,32557.0,1,0,2014-02-24,13,34,3,29,0,4,10,3,2,1,3,5,0,1,59,80,6,1,4329,0,-1.31912733634972,-1.0197867140474268
8442,1985,Master,Married,19510.0,2,0,2013-09-04,63,9,0,7,3,4,7,2,1,0,3,7,0,0,41,30,4,2,4502,0,-2.4984678129585487,-0.4180676245421858
7386,1976,Graduation,Divorced,30992.0,1,0,2013-04-22,83,17,0,14,7,3,2,1,1,0,3,7,0,0,50,43,4,1,4637,2,-1.6775047841104291,-0.6249991968164886
7215,1983,Graduation,Single,101970.0,0,0,2013-03-12,69,722,27,102,44,72,168,0,6,8,13,2,0,1,43,1135,27,0,4678,3,3.6669014355091525,-0.082503288103359
1491,1965,2n Cycle,Together,71488.0,0,0,2013-02-18,87,162,33,124,40,28,172,2,3,4,7,1,0,0,61,559,14,0,4700,3,1.7087864742863492,-0.3916107592343869
11071,1984,Graduation,Single,79607.0,0,0,2013-04-21,37,450,133,951,173,0,216,1,3,6,6,1,0,1,42,1923,15,0,4638,3,3.1342569695032614,-0.3889002918396657
3381,1953,Master,Married,54348.0,1,1,2014-06-08,51,70,0,16,0,0,4,2,2,0,4,6,0,0,73,90,6,2,4225,0,-1.3718963297976894,-1.045850372862368
8268,1961,PhD,Married,51381.5,0,1,2013-07-11,23,352,0,27,10,0,15,3,6,1,7,6,0,0,65,404,14,1,4557,1,-0.28199425650194704,0.2825475736628812
11051,1956,PhD,Together,77376.0,1,1,2014-05-10,72,492,19,110,16,12,12,4,6,3,10,4,0,0,70,661,19,2,4254,1,0.6404553319156265,0.3402348994571571
8026,1952,Graduation,Married,62998.0,0,1,2013-09-30,10,120,58,73,65,89,58,5,5,4,5,5,0,0,74,463,14,1,4476,1,0.04781936602293365,0.6453189054691589
433,1958,Master,Alone,61331.0,1,1,2013-03-10,42,534,5,47,0,5,41,5,11,1,6,8,0,0,68,632,18,2,4680,1,-0.5605473725371303,2.15562271438875
9597,1969,Graduation,Married,73448.0,0,0,2014-02-10,10,236,106,189,23,41,130,1,7,2,9,4,0,0,57,725,18,0,4343,3,1.6800740891305208,-1.143515475105788
1295,1963,Graduation,Married,51381.5,0,1,2013-08-11,96,231,65,196,38,71,124,1,6,5,7,4,0,0,63,725,18,1,4526,3,0.7393907861971866,-0.32767004975327935
5290,1964,PhD,Married,41551.0,1,1,2013-08-14,51,220,0,33,3,0,23,5,5,1,5,8,0,0,62,279,11,2,4523,1,-1.7419876900953497,1.221403852462053
1685,1967,PhD,Together,62981.0,0,0,2013-03-17,21,796,14,590,38,44,0,1,4,5,13,3,0,0,59,1482,22,0,4673,3,2.4955159450347795,0.03253562885970412
5342,1976,Basic,Divorced,9548.0,1,0,2012-08-08,31,0,1,3,10,6,9,2,1,0,3,8,0,0,50,29,4,1,4894,2,-2.4281711470675402,0.3655978133401907
9579,1959,PhD,Married,33762.0,2,1,2013-07-07,61,53,1,34,2,0,16,3,2,2,2,8,0,0,67,106,6,3,4561,0,-2.6963700143574942,0.6838211292951698
7660,1973,PhD,Alone,35860.0,1,1,2014-05-19,37,15,0,8,4,2,20,2,1,1,2,5,0,1,53,49,4,2,4245,0,-1.7863368313559522,-1.3135509746174727
1461,1965,PhD,Divorced,36921.0,1,1,2013-07-28,74,17,1,12,3,1,4,2,2,0,3,7,0,0,61,38,5,2,4540,0,-2.029848800611378,-0.1832607543554869
821,1992,Master,Single,92859.0,0,0,2012-10-19,46,962,61,921,52,61,20,1,5,4,12,2,0,0,34,2077,21,0,4822,3,3.777757602089079,0.6212675269671962
11084,1976,Master,Together,65104.0,0,1,2013-11-14,4,738,0,232,13,20,50,2,3,5,7,7,0,1,50,1053,15,1,4431,3,0.522149250538382,0.04778561734197221
8690,1962,Graduation,Married,86111.0,0,0,2013-04-19,73,399,28,756,36,40,126,1,5,7,10,2,0,0,64,1385,22,0,4640,3,3.1241045249274153,-0.06074539788289888
2937,1974,PhD,Single,68352.0,0,1,2013-08-28,47,614,16,132,43,33,33,3,8,5,9,6,0,0,52,871,22,1,4509,1,0.9989326163830994,0.7745994451726954
9701,1988,Graduation,Together,41883.0,1,0,2013-03-19,13,32,34,41,73,16,116,3,4,2,3,7,0,0,38,312,9,1,4671,2,-1.0591319512594448,0.4049565209178642
9949,1976,Graduation,Married,59809.0,0,2,2012-10-18,36,598,16,141,32,41,49,3,3,3,6,8,0,0,50,877,12,2,4823,1,-0.6266929764110218,1.6890975067319967
10837,1975,Graduation,Married,23957.0,1,0,2012-10-28,47,2,1,18,20,11,16,1,2,0,3,6,0,1,51,68,5,1,4813,2,-1.592069929269418,-0.29077692342174205
3120,1981,Graduation,Together,38547.0,1,0,2013-08-28,49,6,1,10,0,1,4,1,1,0,2,8,1,0,45,22,3,1,4509,2,-1.7677503844605362,-0.9041839238741903
5885,1973,2n Cycle,Married,35688.0,2,1,2012-08-22,94,73,3,90,12,1,32,7,4,1,4,8,0,0,53,211,9,3,4880,1,-2.6530832146620327,3.0621640427204704
4050,1966,Master,Married,49605.0,0,0,2014-06-21,65,42,16,29,12,20,8,1,2,1,4,3,0,0,60,127,7,0,4212,0,0.13508275771639797,-2.3641109654444388
3830,1953,Master,Married,59354.0,0,2,2014-04-24,59,295,21,78,39,13,13,1,4,4,7,3,0,0,73,459,15,2,4270,0,0.1967114535288745,-1.0584282019495388
7987,1969,Graduation,Married,65747.0,0,1,2014-03-07,96,346,17,48,23,13,13,4,8,1,6,6,0,0,57,460,15,1,4318,0,0.09773078044905673,0.17000474931570533
7798,1972,2n Cycle,Together,46344.0,0,1,2012-12-14,28,233,20,57,8,20,91,4,7,1,5,7,0,0,54,429,13,1,4766,1,-0.6756802445190725,1.2433552185132442
92,1988,Graduation,Alone,34176.0,1,0,2014-05-12,12,5,7,24,19,14,20,4,3,0,4,6,0,0,38,89,7,1,4252,0,-1.455143642967088,-0.7229273430256405
7055,1952,PhD,Together,61010.0,0,1,2012-10-09,57,888,0,57,0,0,76,2,8,5,11,5,0,0,74,1021,24,1,4832,3,1.3323853159697976,1.317382935903473
10240,1949,Graduation,Together,69372.0,0,0,2013-02-19,10,997,26,269,34,13,42,1,10,4,6,4,0,1,77,1381,20,0,4699,3,2.259302922024163,0.11568497062321775
3025,1958,Graduation,Single,49967.0,0,1,2013-07-08,4,212,6,69,4,12,3,3,6,1,5,7,0,0,68,306,12,1,4560,2,-0.6955382922339715,0.26357191640047745
9283,1978,Graduation,Single,60199.0,1,2,2013-09-12,49,8,1,7,2,0,0,1,0,0,3,4,0,0,48,18,3,3,4494,0,-1.5422019593891982,-0.7160267795389479
9970,1977,Graduation,Together,55375.0,0,1,2013-10-17,3,42,11,57,10,28,14,1,1,1,6,2,0,0,49,162,8,1,4459,0,0.04394557280277721,-1.4919785264588816
2730,1955,Graduation,Single,80317.0,0,0,2013-08-20,64,536,11,387,149,91,57,1,3,4,10,1,0,0,71,1231,17,0,4517,3,2.714037897019899,-0.8304173609712697
2795,1958,Master,Single,30523.0,2,1,2013-07-01,0,5,0,3,0,0,5,1,1,0,2,7,0,0,68,13,3,3,4567,0,-2.7392630748194677,-0.32513269235105674
9260,1945,PhD,Married,70356.0,0,0,2012-11-05,20,1349,16,249,43,16,33,2,10,6,9,6,0,0,81,1706,25,0,4805,3,2.4590499159491004,1.3300231293850584
8182,1984,Graduation,Married,23228.0,1,0,2014-01-05,91,53,3,49,7,4,5,4,3,0,4,8,0,0,42,121,7,1,4379,0,-1.989366023711542,-0.078569728207268
10095,1975,PhD,Divorced,74165.0,0,0,2013-05-01,9,1001,12,240,16,12,12,1,5,4,10,2,0,0,51,1293,19,0,4628,3,2.568685134679556,-0.3815021135906586
8475,1973,PhD,Married,157243.0,0,1,2014-03-01,98,20,2,1582,1,2,1,15,0,22,0,0,0,0,53,1608,22,1,4324,1,3.7711700952102563,4.116927978171928
4370,1966,Graduation,Together,43482.0,2,1,2013-11-13,83,18,1,32,6,3,28,3,2,0,4,6,0,0,60,88,6,3,4432,0,-2.1486485137159255,0.1459954076931516
10573,1953,Graduation,Divorced,62551.0,0,0,2013-11-18,27,125,16,98,134,21,27,1,6,7,4,3,0,0,73,421,17,0,4427,3,1.2951549661178587,-1.2186330004384622
3712,1959,Graduation,Divorced,52332.0,0,0,2013-08-28,63,212,5,33,7,0,2,1,3,2,6,4,0,0,67,259,11,0,4509,0,0.393969369377725,-1.2038410283248941
6637,1988,Graduation,Single,66951.0,0,0,2013-11-02,46,277,162,305,173,76,124,1,3,4,7,1,0,0,38,1117,14,0,4443,3,2.120884319861987,-1.2805147260379839
3152,1957,Graduation,Together,26091.0,1,1,2014-02-25,84,15,10,19,8,17,20,3,2,1,3,5,0,0,69,89,6,2,4328,0,-1.9061404342711006,-0.6482302245173797
5610,1965,Graduation,Together,33456.0,1,1,2014-04-21,58,7,3,10,8,1,7,2,1,0,3,7,0,0,61,36,4,2,4273,0,-2.1825961754858247,-0.980305499772231
6460,1982,Graduation,Married,28718.0,1,0,2013-07-13,78,12,4,6,11,8,16,2,2,0,3,8,0,0,44,57,5,1,4555,2,-1.898978397181367,-0.36045056991562857
1349,1970,Graduation,Married,50447.0,2,0,2014-04-21,4,85,7,24,2,3,27,1,3,1,3,6,0,0,56,148,7,2,4273,0,-1.2896564087365114,-1.245189805009047
1880,1959,PhD,Together,53537.0,1,1,2014-01-30,17,81,0,6,0,0,6,2,2,1,3,5,0,0,67,93,6,2,4354,0,-1.226821381964839,-0.8631085710055509
641,1967,Graduation,Single,52074.0,0,1,2014-04-04,77,59,0,12,0,0,48,1,2,2,2,4,0,0,59,119,6,1,4290,0,-0.5114645827809651,-1.73506782947564
8717,1975,PhD,Married,80427.0,0,1,2012-09-12,56,1149,71,449,69,71,26,1,11,8,8,5,0,0,51,1835,27,1,4859,3,2.704570584092188,1.5614182500451705
10314,1948,PhD,Married,83837.0,0,0,2012-12-16,79,847,66,119,86,89,111,1,9,10,5,4,0,1,78,1318,24,0,4764,3,2.8100870678411014,0.5868671264669916
10854,1970,PhD,Married,38853.0,1,1,2014-05-23,90,29,0,14,0,0,2,2,2,0,3,7,0,0,56,45,5,2,4241,0,-1.9806259914061783,-0.9600972834925023
10492,1959,Graduation,Together,38285.0,2,1,2014-06-24,96,2,0,5,2,0,1,1,0,0,3,2,0,0,67,10,3,3,4209,0,-1.6990183885830616,-1.7737663582005248
6935,1951,2n Cycle,Married,78497.0,0,0,2013-12-01,44,207,26,447,75,0,223,1,5,7,12,2,0,0,75,978,24,0,4414,3,2.730966427783051,-0.7830811617044612
7698,1976,PhD,Married,51650.0,0,1,2014-05-11,81,152,3,22,2,5,7,1,4,1,4,5,0,0,50,191,9,1,4253,0,-0.44050252743923474,-1.5465629908848637
3559,1988,2n Cycle,Married,16248.0,1,0,2014-05-10,77,12,11,10,3,12,9,3,2,1,3,6,0,0,38,57,6,1,4254,0,-1.859150099489889,-1.1016992355425643
10562,1946,Master,Married,66835.0,0,0,2013-09-28,21,620,26,195,34,17,141,1,6,4,13,2,0,0,80,1033,23,0,4478,3,2.4427041088204007,-0.7109678639309097
10796,1984,Master,Married,30477.0,1,0,2014-01-22,16,47,1,6,0,0,12,1,1,1,3,6,0,0,42,66,5,1,4362,0,-1.462670995123851,-1.5131532078291674
2563,1961,Basic,Married,28249.0,0,0,2014-06-15,80,1,9,7,2,14,10,1,2,0,3,6,0,0,65,43,5,0,4218,0,-1.0468825801690782,-2.166066176835804
3518,1983,Graduation,Married,25271.0,1,0,2012-12-05,45,10,1,18,10,4,7,1,1,1,2,9,0,0,43,50,4,1,4775,2,-2.1481447090201606,-0.06793973918242219
5823,1970,PhD,Single,32303.0,0,1,2014-03-08,63,35,0,2,0,0,2,2,1,0,4,5,0,0,56,39,5,1,4317,0,-1.334337015349183,-1.3827673928933386
3934,1966,Graduation,Married,61286.0,0,1,2013-08-02,34,356,0,107,19,9,117,2,7,1,8,5,0,0,60,608,16,1,4535,3,0.48144200997578207,-0.012281935381883215
6982,1976,Graduation,Married,74068.0,0,0,2013-03-19,14,783,30,537,140,76,15,1,4,10,9,2,0,0,50,1581,23,0,4671,3,3.058352168990838,0.020420940112060807
6431,1964,PhD,Married,45759.0,1,1,2013-02-23,13,42,1,18,3,0,4,2,2,0,3,7,0,0,62,68,5,2,4695,2,-1.8201461069165692,0.21333069940661814
9733,1978,Basic,Together,24882.0,1,0,2012-09-09,52,1,4,10,29,0,36,1,1,1,2,6,0,0,48,80,4,1,4862,2,-1.6221547004595567,-0.1906567379299063
5602,1989,PhD,Together,66973.0,0,0,2013-05-17,98,466,22,432,147,113,102,1,8,7,12,3,0,0,37,1282,27,0,4612,3,2.7596270468208437,0.12790730205206738
1324,1988,Graduation,Married,38872.0,1,0,2013-05-30,93,23,3,21,3,19,22,2,3,0,3,8,0,0,38,91,6,1,4599,2,-1.5723036071293734,-0.12613319484618343
326,1973,Graduation,Married,51148.0,1,1,2013-02-18,38,235,6,45,8,9,12,4,5,1,6,6,0,0,53,315,12,2,4700,1,-1.0216869556116226,1.2064857288738116
7224,1977,Graduation,Married,31353.0,1,1,2013-12-29,24,10,0,10,3,1,7,2,1,1,2,8,0,0,49,31,4,2,4386,0,-2.4114103620339944,-0.5997675574815272
6999,1980,Master,Married,69661.0,0,0,2014-05-13,80,656,16,106,32,16,8,1,7,3,12,3,0,0,46,834,22,0,4251,3,2.1247358075760965,-1.234591122082443
9938,1954,Graduation,Married,80067.0,0,0,2013-09-19,82,519,17,813,27,173,51,1,4,6,6,2,0,0,72,1600,16,0,4487,3,2.784343078270876,-0.6854519608738642
6422,1954,Graduation,Married,86718.0,0,0,2013-01-17,20,344,189,482,50,33,172,1,5,6,5,2,0,0,72,1270,16,0,4732,3,2.6498038360123344,-0.18123672906898838
3182,1973,PhD,Single,46854.0,1,1,2014-03-31,81,96,1,79,7,1,79,6,5,1,3,8,0,1,53,263,9,2,4294,0,-1.8292565164063852,0.8895282698851122
7300,1952,Graduation,Divorced,69142.0,0,1,2014-06-29,50,448,4,34,6,4,39,3,8,1,7,5,0,0,74,535,16,1,4204,0,0.5258354663216448,-0.5527741627065856
10424,1968,Graduation,Single,75922.0,0,0,2013-12-09,60,265,138,553,224,23,92,1,4,4,9,1,0,0,58,1295,17,0,4406,3,2.6638824483242933,-1.1297982937279263
8727,1978,Graduation,Divorced,63693.0,0,1,2013-10-14,63,587,43,337,42,87,54,3,11,6,9,6,0,0,48,1150,26,1,4462,3,1.3794547113334246,0.9243986298246921
2798,1977,PhD,Together,102160.0,0,0,2012-11-02,54,763,29,138,76,176,58,0,7,9,10,4,0,1,49,1240,26,0,4808,3,3.354302200231078,0.49161037909896504
1030,1965,PhD,Single,40637.0,1,1,2013-07-17,72,22,0,13,0,0,3,2,1,0,3,7,0,0,61,38,4,2,4551,0,-2.0092094741107913,-0.18580870432748461
624,1984,Master,Single,18890.0,0,0,2012-11-10,5,6,4,1,7,2,15,1,0,1,2,6,0,1,42,35,3,0,4800,2,-1.4045032191500277,-0.8146171996073798
5176,1988,Graduation,Together,29604.0,1,0,2013-12-08,88,7,6,13,7,6,14,1,1,0,3,9,0,0,38,53,4,1,4407,0,-2.040937179652244,-0.9920006412097183
5552,1963,Master,Divorced,48721.0,1,1,2013-05-13,50,81,18,113,47,13,21,6,4,2,5,6,0,0,63,293,11,2,4616,1,-1.3017331214204046,1.5818709852521051
868,1966,Graduation,Married,44794.0,0,1,2014-06-08,99,54,0,7,0,0,4,1,2,0,3,6,0,0,60,65,5,1,4225,0,-1.1165396687363511,-1.7308444805599836
380,1954,Graduation,Divorced,64497.0,0,1,2012-09-10,17,1170,48,320,42,32,192,5,11,4,9,8,0,1,72,1804,24,1,4861,1,1.318350682608628,2.9866746965341364
2677,1956,Graduation,Together,46097.0,0,1,2013-03-31,11,72,24,68,65,4,8,5,3,1,6,4,0,0,70,241,10,1,4659,1,-0.5986543550488527,0.6864221133303346
6521,1954,Graduation,Together,77972.0,0,0,2014-03-18,18,613,22,319,33,102,12,1,4,6,9,1,0,0,72,1101,19,0,4307,3,2.6633077131478107,-1.4109039119142237
6927,1968,PhD,Married,44377.0,1,1,2012-10-05,70,224,0,30,0,0,10,8,5,1,5,8,0,0,58,264,11,2,4836,1,-1.8979749452429782,3.068612861019843
2877,1974,Master,Together,46014.0,1,1,2013-01-21,21,410,0,59,19,9,44,10,7,1,8,7,0,0,52,541,16,2,4728,1,-1.3102527625135236,3.579477973339745
0,1985,Graduation,Married,70951.0,0,0,2013-05-04,66,239,10,554,254,87,54,1,3,4,9,1,0,0,41,1198,16,0,4625,3,2.4136715476047588,-0.6329954370456758
1584,1977,Graduation,Married,41443.0,1,0,2014-04-01,79,171,7,171,25,19,89,6,8,1,5,8,0,0,49,482,14,1,4293,1,-0.9876659012625045,0.845576472506149
7264,1978,2n Cycle,Single,52195.0,2,1,2014-05-12,2,12,0,4,0,0,1,1,1,0,2,8,0,0,48,17,3,3,4252,0,-2.4180598512882656,-0.9553151679669245
6274,1948,Master,Married,83790.0,0,0,2013-11-15,81,1076,16,417,42,48,16,1,8,10,6,3,0,0,78,1615,24,0,4430,3,3.216897359508351,-0.33214605098830025
1377,1954,Master,Widow,44551.0,0,1,2013-08-31,24,182,4,33,0,0,66,2,4,1,5,7,0,0,72,285,10,1,4506,0,-0.8842204410987596,-0.3056304052209064
454,1980,Graduation,Together,69508.0,1,0,2012-11-14,48,824,32,162,42,32,43,2,11,4,11,6,0,0,46,1135,26,1,4796,3,1.5731597155875297,1.5003050098508792
1755,1988,2n Cycle,Together,45204.0,1,0,2014-04-11,93,30,11,25,29,1,18,1,1,1,4,3,0,0,38,114,6,1,4283,0,-0.4979110769814607,-1.8908493333110337
2075,1969,Graduation,Married,72460.0,0,0,2013-11-14,56,377,10,540,80,30,10,1,3,5,7,1,0,0,57,1047,15,0,4431,3,2.254298890133248,-1.2577506300603234
4785,1970,PhD,Together,77622.0,0,2,2014-04-14,3,520,7,154,19,0,14,2,6,3,11,3,0,0,56,714,20,2,4280,3,1.047531521246684,-0.3774274628051478
9076,1980,PhD,Married,30732.0,1,0,2013-01-05,44,155,1,25,0,1,3,4,4,1,4,8,0,0,46,185,9,1,4744,2,-1.647784849332549,0.9959003294000828
7079,1962,Graduation,Divorced,63887.0,0,1,2012-09-08,38,897,23,207,15,11,92,5,9,6,12,6,0,0,64,1245,27,1,4863,1,1.378794699675622,2.706542574655058
4653,1978,Graduation,Together,42011.0,1,0,2013-03-26,46,131,0,16,2,1,39,4,3,1,4,8,0,0,48,189,8,1,4664,2,-1.4526833546827438,0.7855151973199951
7375,1976,Graduation,Together,51369.0,0,1,2012-10-25,84,297,7,79,0,11,182,2,8,2,4,8,0,0,50,576,14,1,4816,2,-0.3833047058799048,1.0304467302755966
709,1952,Graduation,Divorced,51537.0,0,1,2012-12-09,27,787,20,204,0,0,92,3,2,2,11,8,0,0,74,1103,15,1,4771,1,0.026342063479711346,1.3999296140514677
460,1972,PhD,Married,79930.0,0,0,2012-08-08,72,792,86,740,67,51,17,1,3,5,8,2,0,0,54,1753,16,0,4894,3,2.9109433927547874,0.45161109643116293
3726,1986,PhD,Together,34320.0,1,0,2014-02-16,66,4,1,9,3,0,0,1,1,0,2,8,0,0,40,17,3,1,4337,0,-1.8656288477933496,-1.3676511064697203
6798,1966,Graduation,Single,37070.0,1,1,2013-03-20,30,231,7,137,4,15,39,9,5,1,8,7,0,1,60,433,14,2,4670,1,-1.6537792384159191,2.9425749547702904
5341,1962,2n Cycle,Divorced,81975.0,0,1,2013-01-05,2,983,76,184,180,138,27,1,6,3,4,7,0,0,64,1588,13,1,4744,3,1.2956552837895055,0.7269591888492443
1606,1971,Graduation,Together,38590.0,1,0,2013-05-15,65,3,1,8,4,3,3,1,1,0,2,8,0,0,55,22,3,1,4614,2,-1.760256359534148,-0.6035327971185553
9617,1951,Graduation,Single,15033.0,0,0,2014-04-16,37,0,4,5,6,0,4,1,1,0,3,3,0,0,75,19,4,0,4278,0,-0.9346970827716212,-2.5341950739633488
3233,1965,PhD,Married,62745.0,0,1,2013-03-23,89,562,21,464,28,10,32,3,7,8,11,5,0,0,61,1117,26,1,4667,3,1.510877580889023,1.3653769794061326
89,1975,2n Cycle,Married,22212.0,1,0,2013-12-09,49,5,9,20,6,8,21,2,2,0,4,6,0,0,51,69,6,1,4406,0,-1.6468156087122106,-1.02029413814887
2936,1982,Master,Together,23661.0,1,0,2013-12-04,46,18,0,4,0,0,1,1,1,0,3,7,0,0,44,23,4,1,4411,0,-1.8750074044460376,-1.3118800666696666
9449,1958,PhD,Single,79761.0,0,1,2013-10-04,32,415,5,124,15,35,11,1,5,2,11,3,0,0,68,605,18,1,4472,3,1.4334676248263893,-0.5925111699240586
7297,1973,Graduation,Single,7500.0,1,0,2013-12-26,54,5,3,10,12,7,20,4,3,1,3,7,0,0,53,57,7,1,4389,0,-2.2406039649379856,-0.30456088249040897
313,1968,Graduation,Widow,73455.0,0,0,2013-10-28,98,901,61,757,186,163,20,1,6,5,10,3,0,0,58,2088,21,0,4448,3,3.1868457551032567,-0.2800738188134841
9940,1958,Graduation,Together,64961.0,0,1,2012-12-23,97,382,114,276,75,124,38,2,6,4,4,3,0,0,68,1009,14,1,4757,3,1.1280356619340302,0.46964336898799197
10735,1971,Graduation,Single,22804.0,1,0,2013-07-31,75,14,1,7,2,1,1,1,2,0,2,9,0,0,55,26,4,1,4537,2,-2.2189958963970673,-0.6939466814194273
9529,1990,Graduation,Married,73687.0,0,0,2013-11-28,8,559,153,503,218,13,181,1,3,9,9,2,0,1,36,1627,21,0,4417,3,2.954943252759294,-0.7464775013222278
6439,1958,Graduation,Married,61074.0,0,1,2012-08-17,37,789,0,133,0,28,152,7,11,5,8,7,0,0,68,1102,24,1,4885,1,0.6931555974053579,3.3432424696834397
7411,1964,PhD,Married,31686.0,1,1,2014-06-05,31,11,0,5,0,0,1,2,1,0,3,6,0,0,62,17,4,2,4228,0,-2.078241355866072,-1.2698557681597897
2176,1972,Graduation,Married,80134.0,1,0,2013-05-20,40,1218,16,272,104,0,80,2,5,3,6,6,0,1,54,1690,14,1,4609,3,1.505884799164363,0.6797980708580744
9265,1953,Graduation,Married,75027.0,0,1,2013-01-09,74,925,64,179,133,12,77,2,9,4,6,5,0,0,73,1390,19,1,4740,3,1.6408445603379473,1.0475605201849123
8867,1988,PhD,Married,67546.0,0,0,2012-08-31,90,864,134,768,150,38,172,1,4,10,5,3,0,0,38,2126,19,0,4871,3,2.9623991293707106,0.7478965173510744
8932,1969,Master,Together,65176.0,0,1,2012-10-29,57,960,28,183,220,70,70,4,9,6,6,6,0,0,57,1531,21,1,4812,1,1.3413003096076144,2.096901971903736
10236,1975,Master,Single,31160.0,1,0,2013-09-16,59,16,3,25,6,1,13,2,2,0,3,8,0,0,51,64,5,1,4490,2,-1.8445637203219956,-0.5440152655617503
6340,1985,Graduation,Single,29938.0,1,0,2013-10-27,52,3,3,7,0,2,11,2,1,0,3,6,0,0,41,26,4,1,4449,0,-1.6317810389862266,-0.9747299187905719
10089,1974,Graduation,Divorced,102692.0,0,0,2013-04-05,5,168,148,444,32,172,148,1,6,9,13,2,0,1,52,1112,28,0,4654,3,3.635372585222436,0.14780578745891895
2227,1958,2n Cycle,Together,26490.0,0,0,2012-09-22,92,45,47,52,21,20,25,2,3,1,5,6,0,0,68,210,9,0,4849,2,-0.755188985250502,0.10365239522718585
10992,1967,Graduation,Together,75702.0,1,1,2012-08-29,77,650,28,353,45,42,30,5,4,6,11,8,0,0,59,1148,21,2,4873,1,0.39284434814810343,3.088209070926641
5304,1974,PhD,Single,30899.0,1,0,2012-10-13,35,24,0,8,0,0,1,2,1,0,3,6,0,0,52,33,4,1,4828,2,-1.6028163044838515,0.0332232953239723
309,1961,PhD,Together,63342.0,0,1,2012-10-16,48,918,21,118,13,10,21,3,8,3,5,6,0,0,65,1101,16,1,4825,1,0.7005593994645145,1.413228567140728
3406,1964,Graduation,Single,45989.0,0,1,2012-10-22,97,138,33,87,28,24,12,4,3,2,7,3,0,0,62,322,12,1,4819,1,-0.13812188794065092,0.8808593718629113
2661,1964,Graduation,Single,18701.0,1,1,2013-06-04,95,12,4,2,10,6,10,4,2,0,4,5,0,0,62,44,6,2,4594,0,-2.1758620286637282,0.35959315405753095
3153,1957,PhD,Single,40737.0,2,1,2013-12-08,24,11,0,4,0,0,2,1,1,0,2,8,0,0,69,17,3,3,4407,0,-2.6687982110498525,-0.5610496838654813
10264,1979,Graduation,Divorced,15287.0,1,0,2012-10-10,60,1,2,8,4,3,13,2,1,1,2,7,0,1,47,31,4,1,4831,2,-2.1199824106986505,0.12816131767200792
1184,1968,PhD,Divorced,69674.0,0,2,2013-05-22,46,554,41,215,11,0,24,3,10,2,10,5,0,0,58,845,22,2,4607,1,0.709048016515904,1.2284226173149555
4200,1970,Master,Married,44159.0,1,0,2014-06-17,85,167,2,62,24,13,7,4,4,1,6,5,0,0,56,275,11,1,4216,0,-0.6330369983395151,-0.576187909157916
9396,1978,PhD,Married,37717.0,1,0,2012-11-23,31,9,0,6,4,1,5,1,1,0,2,9,0,0,48,25,3,1,4787,2,-1.9535774257385192,-0.05358427918272923
2387,1952,Master,Together,43776.0,1,1,2013-02-03,9,177,2,71,3,2,20,6,5,2,4,8,0,1,74,275,11,2,4715,1,-1.7768696897008809,2.0251636375939914
6690,1966,Master,Married,38179.0,1,1,2013-03-14,30,38,4,22,4,2,20,4,3,1,3,7,0,0,60,90,7,2,4676,2,-1.9886032453158107,0.8991739953421513
1225,1963,Graduation,Married,80124.0,0,0,2014-06-26,47,483,84,398,205,84,241,1,3,7,8,1,0,0,63,1495,18,0,4207,3,2.9795730093819315,-1.5480876286837095
9703,1970,PhD,Married,38097.0,1,1,2012-10-15,70,77,2,35,0,1,69,4,3,2,2,7,0,1,56,184,7,2,4826,2,-1.8988235699836014,1.3796321486262135
291,1970,Graduation,Married,72940.0,0,0,2013-06-19,13,182,74,298,162,149,116,1,3,3,6,1,0,0,56,981,12,0,4579,3,2.011018913191984,-1.063901571866966
4557,1970,Graduation,Together,22070.0,1,0,2013-10-04,11,10,7,19,8,2,21,2,2,2,2,6,0,0,56,67,6,1,4472,0,-1.6617997153805015,-0.8860750259183183
2379,1953,Graduation,Single,69267.0,0,0,2012-09-22,31,778,44,499,95,73,146,2,3,4,5,7,0,1,73,1635,12,0,4849,3,1.389014386378282,0.9666371996458759
5726,1983,Master,Single,31788.0,1,0,2014-03-20,15,16,7,23,0,8,6,3,3,0,4,5,1,0,43,60,7,1,4305,0,-1.2895832836598162,-1.0469430809060176
3066,1975,PhD,Together,61905.0,0,1,2014-02-04,2,167,0,43,6,2,13,2,4,2,4,5,0,0,51,231,10,1,4349,0,-0.20643012374290484,-0.9485176352854219
6336,1960,Graduation,Married,29315.0,1,1,2014-04-06,55,13,2,14,8,7,4,4,2,0,4,6,0,0,66,48,6,2,4288,0,-2.117740713131812,-0.33883386224461365
10967,1963,Graduation,Divorced,33378.0,1,1,2013-02-06,38,33,6,40,3,7,10,3,2,0,4,7,0,0,63,99,6,2,4712,2,-2.0774604166465833,0.6172346637382303
2304,1963,PhD,Together,66313.0,0,1,2013-09-16,86,625,7,99,10,22,7,2,6,3,12,4,0,0,63,770,21,1,4490,3,1.228289436551772,0.10340706934944703
3445,1956,Graduation,Single,60714.0,0,0,2013-01-17,56,216,162,224,101,92,162,2,7,4,10,5,0,1,70,957,21,0,4732,3,1.5500969345772662,0.5685407995773228
7828,1981,Master,Together,77882.0,0,0,2014-04-30,29,68,129,396,188,22,15,1,3,3,5,1,0,0,45,818,11,0,4264,3,1.925283130484416,-1.9754872150780936
3762,1986,PhD,Single,69867.0,0,0,2013-04-02,30,196,0,512,33,130,54,1,3,5,8,1,0,1,40,925,16,0,4657,3,2.154609073378292,-0.6857370889003362
4391,1968,Master,Divorced,63841.0,0,1,2013-04-21,64,635,15,100,20,7,131,1,9,3,9,6,0,0,58,908,21,1,4638,3,1.0168089670715785,0.43831844688113814
4669,1981,Basic,Married,24480.0,1,0,2013-02-11,46,4,19,9,28,25,17,3,3,0,4,7,0,0,45,102,7,1,4707,2,-1.742551430732287,0.3030709403898134
10144,1976,Graduation,Together,51369.0,0,1,2012-10-25,84,297,7,79,0,11,182,2,8,2,4,8,0,0,50,576,14,1,4816,2,-0.3833047058799048,1.0304467302755966
8652,1946,Graduation,Together,37760.0,0,0,2012-08-31,20,84,5,38,150,12,28,2,4,1,6,7,0,0,80,317,11,0,4871,2,-0.4749467065314357,0.38183946049667333
1672,1974,PhD,Together,65640.0,0,1,2014-03-01,74,204,7,149,20,15,66,1,5,1,8,2,0,0,52,461,14,1,4324,3,0.9206549032053105,-1.3585658507698923
8962,1975,Master,Married,44319.0,1,1,2014-04-17,18,26,0,8,0,0,3,2,2,0,3,5,0,0,51,37,5,2,4277,0,-1.5461752702305451,-1.1722371863029464
9974,1974,Graduation,Married,30631.0,1,0,2013-07-12,75,15,6,20,4,5,20,1,3,1,2,7,0,0,52,70,6,1,4556,2,-1.5407668114273927,-0.7534354599276506
10983,1952,Graduation,Together,75278.0,0,0,2013-01-29,17,304,98,230,150,74,74,1,6,3,13,3,0,0,74,930,22,0,4720,3,2.320372623148122,0.014677649058033024
8148,1956,Master,Together,50898.0,1,1,2013-01-08,88,285,28,242,55,114,135,13,6,2,12,5,0,0,70,859,20,2,4741,1,-0.5460838797671036,4.72836226395656
10102,1966,Graduation,Widow,79946.0,0,0,2014-05-12,19,395,183,565,166,141,28,1,5,11,5,3,0,0,60,1478,21,0,4252,3,2.806026927344584,-1.079606997308407
4697,1949,Master,Divorced,35416.0,0,0,2013-06-13,62,248,3,81,4,3,51,3,7,1,5,8,0,0,77,390,13,0,4585,2,-0.5758423534150057,0.214792144954075
9262,1984,2n Cycle,Together,32414.0,0,0,2013-07-04,11,20,6,5,0,9,12,1,1,0,3,7,0,0,42,52,4,0,4564,2,-1.1916565830245813,-1.2115861494774354
7254,1969,Graduation,Together,38361.0,1,0,2013-12-27,74,39,0,56,20,8,14,3,3,1,3,7,0,0,57,137,7,1,4388,0,-1.3960875485093296,-0.4550759284342917
4543,1980,Graduation,Married,82497.0,0,0,2012-10-31,32,777,129,573,216,21,203,1,2,7,9,4,0,0,46,1919,18,0,4810,3,2.8810760853756086,0.5887717697681577
4927,1971,Graduation,Together,16626.0,2,0,2014-01-15,76,8,3,22,21,1,13,3,3,0,3,9,0,0,55,68,6,2,4369,0,-2.8152235028776706,-0.09522560010021278
10451,1965,Graduation,Together,29672.0,1,1,2013-03-12,6,9,1,3,0,4,8,1,0,0,3,6,0,0,61,25,3,2,4678,2,-2.1074309855686972,-0.46257428779332976
2926,1952,Master,Together,55951.0,0,1,2012-08-23,62,1241,0,80,0,13,40,3,3,6,11,8,0,0,74,1374,20,1,4879,1,0.6775727197122182,2.068339373798654
2874,1988,2n Cycle,Divorced,35388.0,1,0,2013-03-07,20,6,4,7,4,3,8,1,1,0,3,7,0,0,38,32,4,1,4683,2,-1.6046939912486797,-0.556695569888309
9738,1986,Master,Together,42386.0,1,0,2013-01-13,43,65,4,16,0,4,11,1,3,0,3,8,0,0,40,100,6,1,4736,2,-1.4247673665803364,-0.12073878596686724
7119,1982,Graduation,Single,68627.0,0,0,2013-01-12,45,395,15,263,60,54,38,1,2,3,6,1,0,0,44,825,11,0,4737,3,1.7338966979535184,-0.7201424451841215
3924,1965,PhD,Divorced,57912.0,0,1,2014-03-17,34,801,0,80,0,0,35,5,8,3,12,5,0,0,61,916,23,1,4308,1,0.8781694712667474,0.7633625653363747
5827,1958,Graduation,Divorced,35246.0,1,1,2014-04-16,53,36,0,12,2,2,10,4,3,1,3,5,0,0,68,62,7,2,4278,0,-1.7403648372190377,-0.41770639747924626
5596,1956,2n Cycle,Together,58821.0,0,1,2013-10-12,44,513,14,154,19,0,28,1,9,2,9,6,0,0,70,728,20,1,4464,3,0.6828976595354359,-0.1807861112108106
10812,1978,PhD,Married,46377.0,1,0,2014-03-01,89,37,0,46,4,3,0,1,2,1,3,4,0,0,48,90,6,1,4324,0,-0.66038592318605,-1.663842958657858
1717,1988,Graduation,Single,39747.0,1,0,2014-04-13,43,80,15,93,20,13,52,3,5,1,4,8,0,0,38,273,10,1,4281,0,-1.2430173516843672,-0.46427054424471603
9491,1984,Graduation,Together,23976.0,1,0,2013-12-27,68,14,1,21,2,3,25,3,3,1,3,7,0,0,42,66,7,1,4388,0,-1.78248560339201,-0.545920758695339
9274,1961,Master,Married,80950.0,0,0,2013-03-28,44,525,147,112,219,147,63,1,6,7,9,2,0,0,65,1213,22,0,4662,3,2.8574798884282133,-0.11460162026422287
6609,1966,Graduation,Widow,27038.0,0,0,2012-09-18,64,1,26,25,17,23,15,1,3,0,3,9,0,1,60,107,6,0,4853,2,-1.459053666444528,-0.03818804174469693
6963,1947,Graduation,Single,77457.0,0,0,2014-03-05,85,675,11,400,15,45,11,1,2,5,10,1,0,0,79,1157,17,0,4320,3,2.591214161973618,-1.3749530476840681
4440,1964,Master,Married,64100.0,0,1,2013-09-10,93,509,0,27,0,0,10,1,8,3,6,7,0,0,62,546,17,1,4496,0,0.3095043084107739,-0.09282164710931938
1379,1992,Master,Together,42670.0,0,0,2013-04-27,12,154,2,46,20,4,15,1,4,2,4,4,0,0,34,241,10,0,4632,2,0.08379302174097966,-1.0209298155889082
10032,1976,Graduation,Divorced,12571.0,1,0,2014-01-18,86,3,5,14,2,12,17,4,3,1,3,6,0,0,50,53,7,1,4366,0,-1.950929902304428,-0.43581296485668125
2826,1967,Graduation,Married,22574.0,2,1,2013-10-28,28,25,0,8,2,0,2,2,2,0,3,7,0,0,59,37,5,3,4448,0,-2.8399921495713714,-0.22277192208213692
2437,1989,Graduation,Married,51381.5,0,0,2013-06-03,69,861,138,461,60,30,61,1,6,5,12,3,0,0,37,1611,23,0,4595,3,2.4145588991824756,-0.08228069481270192
6320,1976,Master,Single,70893.0,0,0,2013-02-06,42,768,44,561,77,44,14,1,6,6,10,3,0,0,50,1508,22,0,4712,3,2.7032146198510185,0.2026484718244712
3050,1966,Graduation,Married,54198.0,1,1,2013-12-17,13,185,0,28,3,2,17,6,3,1,6,4,0,0,60,235,10,2,4398,1,-0.9653304848060958,0.6621301956622557
231,1956,Master,Together,28839.0,1,1,2014-03-11,86,24,0,7,0,0,1,2,2,0,3,5,0,0,70,32,5,2,4314,0,-1.8806449671022532,-1.0629928348941067
2392,1972,Graduation,Married,40321.0,1,1,2013-07-29,59,44,4,21,6,0,27,2,3,0,3,7,0,0,54,102,6,2,4539,0,-1.8413477108739091,-0.12103624289264382
9478,1985,Graduation,Single,66503.0,1,0,2012-08-14,30,91,64,128,65,3,50,2,4,3,6,3,0,0,41,401,13,1,4888,3,0.5824811900263223,0.4986917189984977
113,1951,Graduation,Married,30833.0,1,1,2013-07-16,33,11,0,7,3,1,6,2,1,0,3,5,0,0,75,28,4,2,4552,0,-1.9135783177344359,-0.5195193507592774
2863,1970,Graduation,Single,51381.5,1,2,2013-08-23,67,738,20,172,52,50,20,6,2,3,10,7,0,0,56,1052,15,3,4514,1,-0.9989471964479073,2.2246479291068146
1802,1971,Graduation,Married,64795.0,0,1,2013-01-17,23,412,5,119,38,29,77,3,3,3,12,2,0,0,55,680,18,1,4732,3,1.1804870345173497,0.5881718053678497
520,1974,Graduation,Married,34421.0,1,0,2013-07-01,81,3,3,7,6,2,9,1,1,0,2,7,0,0,52,30,3,1,4567,2,-1.67543652133464,-0.8513194159162941
8275,1965,PhD,Divorced,47025.0,1,1,2014-02-09,6,16,0,3,0,0,1,1,1,0,2,7,0,0,61,20,3,2,4344,0,-1.8924998163637274,-1.1671484499890188
9750,1961,PhD,Divorced,64325.0,0,1,2013-02-07,41,731,60,353,78,12,73,5,10,3,5,7,0,0,65,1307,18,1,4711,1,0.6999614939950614,2.0402728155821532
2607,1953,Graduation,Single,40464.0,0,1,2013-01-11,78,424,17,118,7,23,41,6,8,2,8,8,0,0,73,630,18,1,4738,1,-0.6280050298940485,2.2711101805458247
7214,1957,Graduation,Married,62187.0,0,0,2013-07-05,49,792,0,275,45,45,126,1,4,8,5,3,0,0,69,1283,17,0,4563,3,2.004169820278116,-0.5313870117896649
5835,1976,PhD,Divorced,14849.0,1,0,2013-07-02,39,21,2,28,3,2,9,3,2,0,4,8,0,0,50,65,6,1,4566,2,-2.227981062049756,-0.05789840755519391
3896,1984,Graduation,Married,27255.0,1,0,2013-11-07,3,22,1,11,0,1,2,1,1,0,3,7,0,0,42,37,4,1,4438,0,-1.7942466212172552,-1.2671987505410838
10350,1950,PhD,Married,54432.0,2,1,2013-05-09,37,33,0,5,0,0,0,1,1,0,3,4,0,0,76,38,4,3,4620,0,-1.5947355679081099,-0.36174791197312084
7786,1986,PhD,Single,29999.0,1,0,2013-02-13,22,68,7,59,10,5,11,4,3,1,4,8,0,0,40,160,8,1,4705,2,-1.7553682040916045,0.8094329456690305
2861,1983,Graduation,Single,24072.0,1,0,2013-04-16,79,9,1,6,3,0,4,1,1,0,2,8,0,0,43,23,3,1,4643,2,-2.0840867051673806,-0.569734145227801
663,1989,PhD,Single,33996.0,0,0,2013-09-11,46,40,2,15,8,0,6,1,1,1,3,4,0,0,37,71,5,0,4495,0,-0.5611315955729815,-1.6735153901420343
10675,1956,PhD,Married,66334.0,0,1,2013-04-03,82,909,11,218,0,0,23,2,9,3,5,5,0,1,70,1161,17,1,4656,3,1.129927352325767,0.6243507275312997
2521,1971,Master,Married,35178.0,1,0,2013-01-10,10,23,1,13,2,2,18,1,1,1,2,7,0,1,55,59,4,1,4739,2,-1.5892728370249527,-0.408556810447901
9592,1983,Graduation,Together,22010.0,1,0,2013-06-30,51,11,2,9,3,0,8,2,2,0,3,8,0,0,43,33,5,1,4568,2,-2.078615922776539,-0.391538514679881
10151,1960,Graduation,Divorced,62204.0,0,2,2012-09-12,38,317,46,247,151,46,139,1,4,5,12,3,0,0,66,946,21,2,4859,3,1.0448433029075677,0.9564210402350184
7381,1968,Graduation,Divorced,75693.0,0,0,2012-12-06,10,797,153,293,72,97,30,1,11,4,6,4,0,1,58,1442,21,0,4774,3,2.517320270788128,0.41026106613813823
4099,1972,Graduation,Married,30675.0,1,0,2012-11-12,14,10,2,16,11,2,21,1,1,0,3,8,0,0,54,62,4,1,4798,2,-1.855623523382542,-0.13838982024908145
9560,1965,Graduation,Together,83003.0,0,0,2013-03-03,18,856,61,570,40,25,122,1,7,6,8,3,0,1,61,1674,21,0,4687,3,3.0435502350715415,0.17095045708402387
10172,1988,Graduation,Single,68655.0,0,0,2012-08-10,95,456,19,832,75,118,38,1,4,5,11,3,0,0,38,1538,20,0,4892,3,2.569370428257851,0.6565516810410889
11191,1986,Graduation,Divorced,41411.0,0,0,2013-12-07,11,37,32,38,11,3,18,1,2,1,4,6,0,0,40,139,7,0,4408,0,-0.5601548475640863,-1.55268185104429
9707,1969,PhD,Married,55212.0,0,1,2012-11-23,65,1103,0,45,0,0,34,3,4,2,11,8,0,0,57,1182,17,1,4787,1,0.31261669794996977,1.6184576658191776
6245,1950,PhD,Together,59292.0,0,1,2013-06-13,71,378,14,68,19,14,14,2,3,5,8,3,0,0,76,507,16,1,4585,3,0.7027409276094768,-0.12876740233970824
8234,1973,Basic,Together,27190.0,1,0,2013-08-15,13,1,6,7,0,1,3,1,1,0,2,8,0,1,53,18,3,1,4522,2,-2.0390584318410583,-0.9576184100370165
1411,1952,Graduation,Divorced,82623.0,0,0,2013-11-10,58,204,34,204,172,153,173,1,2,9,4,1,0,0,74,940,15,0,4435,3,2.397528723903381,-1.2396454947640152
8553,1965,Graduation,Married,44300.0,1,1,2013-06-23,65,30,0,9,0,0,3,2,1,0,3,6,0,0,61,42,4,2,4575,0,-1.7556342560694884,-0.23689675649932906
1826,1970,Graduation,Divorced,84835.0,0,0,2014-06-16,0,189,104,379,111,189,218,1,4,4,6,1,0,1,56,1190,14,0,4217,3,2.569061696979041,-1.8407105650090156
8842,1971,Graduation,Widow,30372.0,1,1,2012-12-25,33,15,0,12,7,3,7,3,2,0,3,7,0,0,55,44,5,2,4755,2,-2.254830890170651,0.6506271839961317
11030,1976,Master,Married,33181.0,1,0,2014-01-03,90,9,0,3,0,0,4,1,1,0,2,6,0,0,50,16,3,1,4381,0,-1.54669855797479,-1.47659565905938
2579,1957,Graduation,Married,71113.0,0,1,2013-12-17,95,495,33,255,11,33,8,4,6,7,9,4,0,0,69,835,22,1,4398,3,1.309119384599839,0.604659847278647
175,1986,Graduation,Married,71952.0,1,0,2013-01-10,93,656,80,455,52,107,93,2,8,4,8,4,0,0,40,1443,20,1,4739,3,1.8523711609349895,0.9924020469667779
9185,1966,PhD,Single,69759.0,0,0,2013-10-28,38,452,20,514,13,30,0,3,4,6,5,3,0,1,60,1029,15,0,4448,3,1.6896695151030419,-0.3491560792999459
11056,1974,Graduation,Married,72099.0,0,0,2012-10-27,18,546,91,410,119,0,22,1,3,4,10,1,0,0,52,1188,17,0,4814,3,2.483744095848528,-0.13078821758263837
9365,1976,PhD,Single,60000.0,0,1,2012-12-22,57,1048,0,217,0,0,12,5,11,3,5,6,0,0,50,1277,19,1,4758,1,0.8148500901034641,2.0771294032981373
6201,1978,Graduation,Single,38643.0,1,1,2013-11-29,45,22,2,14,0,1,10,2,2,0,3,7,1,0,48,49,5,2,4416,0,-1.9924387449216072,-0.538384467295051
2061,1955,Graduation,Married,50737.0,0,1,2013-05-11,61,78,0,11,0,0,10,1,2,0,4,6,0,0,71,99,6,1,4618,2,-0.8951211228829961,-0.633184259948011
6184,1969,PhD,Married,68462.0,0,0,2012-12-12,6,561,64,785,84,128,48,1,3,3,8,1,0,0,57,1670,14,0,4768,3,2.6033411186431947,-0.2523613579991579
6142,1943,Master,Married,65073.0,0,0,2013-08-20,65,629,17,177,69,0,8,1,5,3,5,2,1,0,83,900,13,0,4517,3,1.6747140178881803,-1.0638637721997084
4107,1948,PhD,Together,46681.0,0,2,2013-10-08,52,269,15,69,15,19,38,2,4,6,4,5,0,0,78,425,14,2,4468,0,-0.591253795909165,-0.06812036599354432
7274,1957,Graduation,Married,78618.0,0,0,2012-09-28,87,736,163,818,212,163,61,1,4,7,10,2,0,0,69,2153,21,0,4843,3,3.5297016485418493,0.6906008522048529
9336,1969,PhD,Widow,62187.0,0,1,2014-03-22,38,512,0,83,0,0,41,3,6,2,10,4,0,0,57,636,18,1,4303,3,0.7445773606263086,-0.32725079943430685
2958,1978,Graduation,Married,28442.0,2,0,2014-02-24,53,19,3,10,11,8,6,3,2,1,4,4,0,0,48,57,7,2,4329,0,-1.6561617671928812,-0.7604410060041848
933,1978,PhD,Married,37717.0,1,0,2012-11-23,31,9,0,6,4,1,5,1,1,0,2,9,0,0,48,25,3,1,4787,2,-1.9535774257385192,-0.05358427918272923
5837,1967,Graduation,Married,51479.0,1,1,2012-12-28,67,247,8,160,6,8,65,7,6,3,6,7,0,0,59,494,15,2,4752,1,-1.055450921097545,2.6793743396947214
10704,1969,Graduation,Single,54803.0,0,1,2012-08-21,65,404,0,92,28,27,142,2,6,2,9,4,0,0,57,693,17,1,4881,1,0.6514206574143362,0.8770991466857506
5125,1960,Graduation,Married,79530.0,0,0,2013-05-17,64,333,0,815,129,42,29,1,4,10,11,2,0,0,66,1348,25,0,4612,3,3.1310103603197232,-0.05016571561361207
4432,1976,Graduation,Divorced,31615.0,1,0,2013-03-16,82,2,3,20,6,11,9,2,2,0,3,7,0,0,50,51,5,1,4674,2,-1.6661262182877075,-0.15017644344339032
5955,1962,Graduation,Together,72025.0,0,0,2012-11-17,27,833,33,549,151,133,233,1,4,3,8,3,0,0,64,1932,15,0,4793,3,2.6316233995749827,0.2380035688083936
2928,1975,PhD,Single,52614.0,0,1,2012-12-01,63,789,0,142,12,9,38,2,2,4,8,8,0,0,51,990,14,1,4779,1,-0.021654955779992647,1.0558628862998736
5680,1984,2n Cycle,Married,35684.0,1,0,2014-04-22,66,10,4,7,0,6,3,1,1,0,3,6,0,0,42,30,4,1,4272,0,-1.424134851080818,-1.7361597752166669
10313,1975,Graduation,Married,48178.0,1,1,2012-10-28,69,159,4,45,6,2,38,6,5,1,4,8,0,0,51,254,10,2,4813,1,-1.7381090105509727,2.3212894517329166
2557,1970,Master,Single,29548.0,1,0,2013-08-29,52,7,1,6,3,1,11,1,1,1,2,4,0,0,56,29,4,1,4508,0,-1.2265202250668907,-1.3910715380552658
1245,1966,Graduation,Single,63810.0,0,1,2012-11-11,45,977,12,253,16,12,101,4,4,3,12,8,0,0,60,1371,19,1,4799,1,0.7108303755817396,2.1458759940949084
1519,1972,PhD,Single,38578.0,1,1,2013-06-22,2,38,4,22,3,3,3,3,3,0,3,8,0,1,54,73,6,2,4576,2,-2.1627177820748695,0.3481447226423443
10703,1975,Master,Single,46098.0,1,1,2012-08-18,86,57,0,27,0,0,36,4,3,2,2,8,0,0,51,120,7,2,4884,2,-1.9330994414340799,1.689086064766012
1726,1970,Graduation,Single,22585.0,0,0,2013-03-18,23,3,9,15,13,2,39,1,1,1,2,9,0,1,56,81,4,0,4672,2,-1.723108383197331,-0.689190084228587
4459,1989,Graduation,Single,30279.0,1,0,2012-12-30,13,10,4,14,4,4,1,1,1,0,3,8,0,0,37,37,4,1,4750,2,-1.886263996282666,-0.27902511847112893
1729,1961,PhD,Together,66426.0,0,1,2013-10-02,14,1043,24,97,32,24,157,2,3,5,10,6,0,0,65,1377,18,1,4474,3,1.1806967018948435,0.3037504299486221
1517,1969,Graduation,Single,30822.0,1,0,2013-06-14,92,3,9,13,2,12,12,1,1,0,3,7,0,0,57,51,4,1,4584,2,-1.6730242875896757,-0.7556402703314558
2098,1969,PhD,Married,33581.0,2,0,2013-01-08,38,11,0,5,0,0,1,1,1,0,2,8,0,0,57,17,3,2,4741,2,-2.3525446564802617,0.005017752143445833
9543,1985,Graduation,Married,19986.0,1,0,2013-11-14,74,3,6,5,0,2,6,1,0,0,3,7,0,0,41,22,3,1,4431,0,-2.0137992333329278,-1.2878606144934577
6878,1954,Graduation,Widow,27421.0,0,0,2012-12-12,14,43,12,96,78,40,55,3,4,1,6,7,0,0,72,324,11,0,4768,2,-0.7801217023510979,0.38304288342266846
3310,1973,2n Cycle,Married,35688.0,2,1,2012-08-22,94,73,3,90,12,1,32,7,4,1,4,8,0,0,53,211,9,3,4880,1,-2.6530832146620327,3.0621640427204704
2724,1981,Master,Single,36143.0,1,0,2014-03-30,33,12,0,1,0,0,6,1,0,1,2,3,0,0,45,19,3,1,4295,0,-0.9887691109649791,-2.1316255281381666
948,1971,Graduation,Single,10245.0,1,0,2013-05-15,32,4,7,7,6,4,13,3,1,2,2,5,0,0,55,41,5,1,4614,2,-1.9100181380879764,-0.3826615630896876
6720,1968,Master,Together,43795.0,0,1,2013-10-16,11,314,11,53,4,3,107,3,7,3,4,7,0,1,58,492,14,1,4460,0,-0.5558098435684254,0.13154777622551875
6202,1960,Graduation,Together,63381.0,0,1,2012-10-05,78,571,50,142,33,50,159,4,4,5,13,2,0,0,66,1005,22,1,4836,1,1.6136211631013195,1.5428169927810327
2066,1949,Graduation,Together,38823.0,0,1,2012-08-30,56,70,0,11,2,8,23,1,2,1,3,6,0,0,77,114,6,1,4872,2,-1.1501784469737126,0.0009447406026136758
9799,1968,PhD,Divorced,83664.0,1,1,2013-05-08,57,866,21,151,28,21,86,3,2,2,12,5,0,0,58,1173,16,2,4621,1,0.9199858695746074,1.1776946903864094
8318,1979,Graduation,Together,90300.0,0,0,2014-01-03,7,594,134,786,33,134,57,0,5,6,8,1,0,0,47,1738,19,0,4381,3,3.537356298332996,-1.2780721624226172
5642,1979,Master,Together,62499.0,1,0,2013-12-09,0,140,4,61,0,13,4,2,3,1,6,4,0,0,47,222,10,1,4406,0,-0.031107787687520264,-0.9224201486072903
2669,1993,Graduation,Single,74293.0,0,0,2014-05-04,66,375,152,335,93,91,81,1,5,4,6,2,0,0,33,1127,15,0,4260,3,2.1928050125598957,-1.547282481247096
455,1946,PhD,Married,51012.0,0,0,2013-04-18,86,102,9,63,2,9,24,1,4,1,4,6,0,0,80,209,9,0,4641,2,-0.13223200377431127,-0.6873589335786279
7683,1968,Master,Married,70777.0,0,1,2014-02-25,80,554,35,113,0,7,78,3,5,3,12,3,0,0,58,787,20,1,4328,3,1.3717103681492748,-0.1592716371127687
3428,1991,PhD,Together,68682.0,0,0,2013-10-06,56,919,0,505,99,30,45,1,4,9,10,2,0,0,35,1598,23,0,4470,3,2.9591700281322835,-0.49055745922497157
7414,1971,Graduation,Married,43824.0,1,1,2012-09-15,18,96,1,42,12,3,32,4,3,1,4,8,0,0,55,186,8,2,4856,2,-1.887786761968825,1.5969306031204122
6354,1984,Graduation,Together,15345.0,1,0,2012-08-31,51,5,2,16,3,2,19,2,1,1,2,8,0,1,42,47,4,1,4871,2,-2.276368381990387,0.356136504294652
798,1987,Graduation,Single,23442.0,1,0,2012-12-24,71,2,0,6,8,6,5,1,1,0,3,7,0,0,39,27,4,1,4756,2,-1.8634251229201477,-0.3547552392293036
8213,1980,2n Cycle,Together,14515.0,1,0,2012-11-09,71,6,4,9,6,36,35,4,2,2,3,7,0,1,46,96,7,1,4801,2,-2.0374073226513425,0.8661617972825446
2488,1956,2n Cycle,Divorced,31395.0,1,1,2013-03-23,80,23,1,25,0,8,7,4,2,1,3,6,0,0,70,64,6,2,4667,2,-2.043573617410217,0.7235129607026659
9999,1965,Graduation,Together,75276.0,0,0,2012-09-27,2,610,105,125,137,42,21,1,9,4,9,5,0,0,61,1040,22,0,4844,3,2.0706656214639314,0.6189161959756746
7617,1974,Graduation,Single,42373.0,1,1,2013-08-15,83,67,5,61,3,8,19,5,2,1,5,5,0,0,52,163,8,2,4522,0,-1.4923428215011285,0.7079998526194329
615,1960,Graduation,Together,30507.0,0,0,2013-03-11,29,65,36,74,38,20,110,1,5,1,4,7,0,0,66,343,10,0,4679,2,-0.609027530488686,-0.5171446722454744
2552,1955,PhD,Single,55521.0,1,2,2013-10-22,11,416,0,26,0,0,4,9,6,3,6,7,0,1,71,446,15,3,4454,1,-1.6393963927098498,2.7853190626222966
194,1965,Graduation,Married,48006.0,1,1,2014-06-09,55,23,0,11,3,2,2,1,1,0,3,6,0,0,61,41,4,2,4224,0,-1.6084258924786636,-1.5036458532735693
3645,1972,PhD,Single,27213.0,1,0,2012-08-30,19,19,3,26,10,9,3,3,2,0,4,8,0,1,54,70,6,1,4872,2,-1.9441540035474425,0.7967483866369177
8890,1971,PhD,Divorced,65808.0,1,1,2014-05-30,1,155,7,80,13,7,10,3,5,1,5,6,0,0,55,272,11,2,4234,0,-0.733728836025772,-0.41434665889015593
5049,1974,PhD,Together,30351.0,1,0,2013-06-06,19,14,0,24,3,3,2,1,3,0,2,9,0,0,52,46,5,1,4592,2,-1.983774831225939,-0.5245088117011334
9973,1963,Graduation,Married,50437.0,0,2,2012-10-17,28,370,9,92,6,9,4,3,7,1,8,7,0,0,63,490,16,2,4824,1,-0.737846738157147,1.567086895106121
7301,1982,2n Cycle,Single,23616.0,1,0,2012-11-17,76,4,22,11,3,7,32,2,3,0,3,8,0,1,44,79,6,1,4793,2,-1.9299224846372367,0.30993302806574696
10882,1976,Graduation,Married,53858.0,0,1,2012-11-09,50,407,53,221,58,150,26,4,4,3,6,4,0,0,50,915,13,1,4801,1,0.40788512741512556,1.1877710085768682
7030,1955,PhD,Married,66465.0,0,1,2013-03-30,1,1200,0,204,38,29,14,3,11,9,12,6,0,0,71,1485,32,1,4660,3,2.0821159629561694,1.7880809317959934
7422,1987,Graduation,Single,46923.0,1,0,2012-08-22,90,85,44,54,102,78,6,3,5,1,7,7,0,0,39,369,13,1,4880,2,-0.618679726677174,1.275172781155564
3523,1962,Graduation,Together,75072.0,0,1,2013-01-23,83,583,34,309,0,22,125,2,5,4,8,3,0,0,64,1073,17,1,4726,3,1.5950161065420845,0.5707134607677296
7106,1943,PhD,Married,75865.0,0,0,2014-03-31,73,483,0,591,156,0,12,1,3,5,10,1,0,0,83,1242,18,0,4294,3,2.6842118883911645,-1.3901349848772384
6504,1975,2n Cycle,Together,19789.0,1,0,2013-11-20,24,2,5,9,28,6,28,3,2,1,3,5,0,0,51,78,6,1,4425,0,-1.6054793250861128,-0.8027115622490953
5067,1994,Graduation,Together,80134.0,0,0,2014-02-14,11,966,26,282,52,26,26,1,2,7,11,5,0,0,32,1378,20,0,4339,3,2.3262391726717326,-0.6844085862014867
4216,1981,Graduation,Single,91065.0,0,0,2013-02-22,33,822,114,108,179,137,114,1,7,9,9,3,0,1,45,1474,25,0,4696,3,3.319582763137196,0.35746214787453495
8581,1971,Master,Married,49505.0,1,1,2013-03-05,4,604,0,100,19,0,28,9,10,2,8,8,0,0,55,751,20,2,4685,1,-0.9072507578907963,3.512193585915886
5929,1973,PhD,Married,37401.0,1,0,2014-05-06,14,19,3,19,3,1,3,2,2,0,3,7,0,0,53,48,5,1,4258,0,-1.5645481079142953,-1.3227960282551212
3129,1983,Graduation,Married,30096.0,1,0,2014-05-22,30,5,3,11,12,5,9,1,2,0,3,6,0,0,43,45,5,1,4242,0,-1.4864704358687357,-1.8295391216455164
6528,1982,Master,Together,18492.0,1,0,2014-06-05,75,2,2,2,2,1,1,1,1,0,2,8,0,0,44,10,3,1,4228,0,-2.229572248076968,-1.719156217939687
1361,1974,Master,Married,82584.0,0,0,2013-06-04,26,1076,68,103,29,91,68,1,3,4,8,1,0,1,52,1435,15,0,4594,3,2.796705373352528,-0.6760357797284874
6932,1941,PhD,Married,93027.0,0,0,2013-04-13,77,1285,42,716,55,0,21,0,7,10,5,2,0,0,85,2119,22,0,4646,3,3.9584044703288366,-0.08322132280384245
7284,1953,Graduation,Married,48686.0,1,2,2013-12-04,8,10,0,7,2,0,1,1,1,0,2,8,0,0,73,20,3,3,4411,0,-2.490704389831281,-0.5340634849723215
1340,1986,Graduation,Married,92910.0,0,0,2014-04-24,42,551,137,792,179,103,33,1,6,7,13,1,0,0,40,1795,26,0,4270,3,4.021646144852004,-0.8644895438061188
8746,1989,Graduation,Married,75433.0,1,0,2014-04-05,28,800,0,297,0,34,57,2,2,5,10,6,0,0,37,1188,17,1,4289,3,1.1674105477961128,-0.2521856267890137
5987,1989,2n Cycle,Together,10404.0,1,0,2014-05-04,52,2,2,11,10,6,12,2,1,0,4,5,0,0,37,43,5,1,4260,0,-1.831970600760789,-1.63783596077926
3767,1968,Graduation,Married,61314.0,0,1,2013-04-25,1,378,0,189,97,172,172,2,5,5,12,3,0,0,58,1008,22,1,4634,3,1.5199210892583503,0.37916812220615775
3725,1961,PhD,Single,84865.0,0,0,2013-05-09,1,1248,16,349,43,16,16,1,2,4,9,4,0,1,65,1688,15,0,4620,3,2.5428132171501057,-0.16333702831268873
4324,1989,Graduation,Married,42387.0,1,0,2012-10-29,42,235,0,235,19,4,191,5,8,1,7,8,0,0,37,684,16,1,4812,1,-0.6029795922814192,2.04070832578739
238,1967,2n Cycle,Together,67309.0,1,1,2013-01-23,76,515,47,181,149,95,95,15,9,6,9,7,0,0,59,1082,24,2,4726,1,-0.22496841671441833,5.90142062151259
6694,1964,Graduation,Married,75236.0,0,1,2013-11-25,27,438,66,400,12,38,114,1,8,3,13,4,0,0,62,1068,24,1,4420,3,1.919565559454606,-0.20010682568866012
498,1970,Graduation,Single,30015.0,1,0,2014-02-02,28,25,0,22,2,3,5,2,1,0,4,5,0,0,56,57,5,1,4351,0,-1.3812144111403484,-1.333351315213076
9347,1956,Master,Together,50943.0,0,1,2013-06-21,49,31,0,7,2,0,6,1,1,0,3,5,0,0,70,46,4,1,4577,0,-0.8958654351026429,-0.9895682624203772
9699,1966,Graduation,Divorced,67272.0,0,1,2013-12-21,12,357,35,271,28,28,14,3,6,2,12,5,0,0,60,733,20,1,4394,3,0.8910989047400242,0.15870329827667634
10664,1949,Master,Widow,51529.0,0,1,2013-09-07,14,400,4,35,6,0,22,2,9,1,5,8,0,0,77,467,15,1,4499,2,-0.4321181839314852,0.1075188074021026
5455,1971,PhD,Married,32011.0,1,0,2013-08-22,89,99,0,15,2,1,5,3,2,1,4,7,0,0,55,122,7,1,4515,2,-1.5458448237653208,-0.1279883909570622
456,1986,2n Cycle,Married,7500.0,1,0,2013-02-07,96,1,11,5,4,6,9,2,2,0,3,8,0,0,40,36,5,1,4711,2,-2.389511759924222,-0.01565218443723604
5012,1989,Graduation,Married,28691.0,1,0,2013-07-04,56,5,4,13,8,0,4,1,1,0,3,8,0,0,37,34,4,1,4564,2,-1.9151890518008992,-0.7396822115021461
7495,1948,PhD,Married,56223.0,0,1,2013-12-20,72,77,28,31,16,0,4,2,2,1,5,4,0,0,78,156,8,1,4395,0,-0.33306502613089917,-1.0116112919418063
5029,1946,Graduation,Married,18100.0,0,0,2013-08-06,14,3,1,2,4,3,1,1,0,0,3,5,0,0,80,14,3,0,4531,2,-1.2727230053494474,-1.6639204841539261
10642,1989,Graduation,Single,30279.0,1,0,2012-12-30,13,10,4,14,4,4,1,1,1,0,3,8,0,0,37,37,4,1,4750,2,-1.886263996282666,-0.27902511847112893
2106,1974,2n Cycle,Married,20130.0,0,0,2014-03-17,99,0,6,3,7,6,12,1,1,0,3,8,0,0,52,34,4,0,4308,0,-1.6322552553034229,-1.7357617031706374
10364,1959,Graduation,Divorced,23295.0,0,0,2013-07-13,72,0,0,1,2,12,5,1,1,0,2,8,0,0,67,20,3,0,4555,2,-1.6390026796676795,-1.1377876979441377
5954,1972,Master,Divorced,42618.0,1,0,2013-10-09,92,76,14,74,13,5,10,2,5,0,4,8,0,0,54,192,9,1,4467,0,-1.2171519182206083,-0.296144967345011
1137,1964,Graduation,Single,81246.0,0,0,2013-12-29,87,398,190,537,61,156,37,1,4,5,7,1,0,0,62,1379,16,0,4386,3,2.7980823832969803,-1.1478864304824554
2541,1976,Graduation,Married,24027.0,1,0,2013-06-09,7,14,7,11,11,0,5,2,2,0,3,8,0,0,50,48,5,1,4589,2,-2.033199529307095,-0.3703128159391896
1142,1953,PhD,Married,55707.0,0,1,2013-12-22,91,208,7,82,30,66,35,2,3,2,9,3,0,0,73,428,14,1,4393,0,0.43267364922732604,-0.7563775533117646
2276,1955,Graduation,Single,57959.0,0,1,2013-05-02,71,430,16,322,43,24,33,5,4,7,11,3,0,0,71,868,22,1,4627,1,1.1306540145075463,1.352584410619025
2807,1969,Graduation,Married,56796.0,0,1,2013-02-16,24,656,38,161,62,47,37,3,8,9,7,7,0,0,57,1001,24,1,4702,1,0.7977582068419298,1.4809519147782235
6471,1971,Master,Single,36230.0,1,0,2013-10-17,17,14,2,30,8,2,3,1,2,0,4,5,0,0,55,59,6,1,4459,0,-1.103884766733275,-1.3086063641573178
6131,1980,2n Cycle,Married,70829.0,1,1,2013-12-01,87,141,70,106,72,19,23,2,4,2,8,3,0,0,46,431,14,2,4414,0,0.3085593682299723,-0.32147425173489713
6233,1976,Graduation,Married,65991.0,0,1,2012-09-07,21,507,19,364,25,47,9,3,9,5,10,7,0,0,50,971,24,1,4864,1,0.9835236661355262,1.9415280249956555
4148,1972,Graduation,Married,38988.0,1,2,2012-08-20,90,164,24,103,12,3,42,7,5,1,6,8,0,0,54,348,12,3,4882,1,-2.2770692411663123,3.2602084889286376
4947,1966,2n Cycle,Single,89572.0,0,0,2012-09-15,44,606,24,974,197,194,64,1,7,7,9,4,0,1,60,2059,23,0,4856,3,3.477138532076877,1.0304274423791377
3225,1984,Master,Married,42207.0,1,0,2013-04-01,71,116,11,72,3,17,46,4,4,1,5,6,0,1,42,265,10,1,4658,2,-0.9142645943422797,0.6659182539877305
7540,1952,Graduation,Married,50300.0,0,1,2014-05-25,52,143,15,60,24,23,5,2,2,1,8,2,0,0,74,270,11,1,4239,0,0.14517442819356588,-1.5519185971490297
10648,1982,2n Cycle,Together,66664.0,0,0,2012-09-25,78,398,96,447,220,96,32,1,5,7,6,3,0,0,44,1289,18,0,4846,3,2.187276075720454,0.3287515989447378
1992,1964,Graduation,Married,60597.0,0,1,2014-01-01,2,522,0,257,32,16,66,4,2,2,8,7,0,1,62,893,12,1,4383,1,-0.04850081585138248,0.3575054314465031
7851,1949,Graduation,Widow,70165.0,0,0,2013-09-22,60,161,0,253,199,191,122,1,3,7,11,1,0,0,77,926,21,0,4484,3,2.4843221704674066,-0.8898999630399385
8594,1958,PhD,Widow,50520.0,0,1,2014-01-28,25,112,0,6,2,1,14,2,3,1,3,6,0,0,68,135,7,1,4356,0,-0.8952207956069242,-0.9960613465994229
7059,1963,Graduation,Married,80124.0,0,0,2014-06-26,47,483,84,398,205,84,241,1,3,7,8,1,0,0,63,1495,18,0,4207,3,2.9795730093819315,-1.5480876286837095
2815,1975,Graduation,Married,33183.0,1,0,2014-02-24,46,7,5,39,17,15,37,2,4,0,3,7,0,0,51,120,7,1,4329,0,-1.4638898591640455,-0.9979845186929015
2416,1969,PhD,Single,66582.0,0,0,2014-03-03,83,789,25,420,16,38,0,1,2,8,9,1,0,0,57,1288,19,0,4322,3,2.5781415351483288,-1.2808619392495975
7999,1955,PhD,Together,75261.0,0,0,2013-04-23,17,1239,17,413,23,34,17,1,5,6,5,2,0,1,71,1743,16,0,4636,3,2.776167877458867,-0.3269244814483628
9213,1970,Graduation,Widow,31880.0,1,0,2012-10-31,13,4,1,5,2,0,3,1,1,0,2,8,0,0,56,15,3,1,4810,2,-1.9302518700327815,-0.1637991693725038
9697,1951,Graduation,Married,53790.0,0,2,2014-03-06,86,335,42,127,28,5,5,3,7,2,8,6,0,0,75,542,17,2,4319,0,-0.37837854075064303,0.22455590733130582
3916,1971,PhD,Together,49269.0,1,0,2012-08-15,92,639,8,166,11,8,58,3,7,3,12,7,0,0,55,890,22,1,4887,1,0.4325918788373607,1.894283264002601
2021,1975,Graduation,Married,61456.0,0,1,2013-03-27,47,563,76,384,84,192,89,4,6,10,13,4,0,0,51,1388,29,1,4663,3,1.9775626545346978,1.7335144385217973
1581,1980,Graduation,Married,37406.0,1,0,2013-10-10,18,2,0,8,2,2,3,1,1,0,2,8,0,1,46,17,3,1,4466,2,-1.8076411821132148,-1.0608434173279278
564,1981,PhD,Together,56937.0,1,0,2012-08-04,81,746,8,125,11,8,8,7,8,6,9,6,0,1,45,906,23,1,4898,1,0.5571041374564443,3.172322348791926
6619,1978,Graduation,Married,38415.0,1,1,2013-01-02,91,22,1,13,4,0,4,2,1,0,3,7,0,0,48,44,4,2,4747,2,-2.045722578654402,0.3558716548584881
9081,1988,Graduation,Single,20518.0,1,0,2014-05-18,58,4,1,6,4,1,9,1,1,1,2,5,0,0,38,25,4,1,4246,0,-1.6061685267915786,-2.0041358869766954
178,1956,Graduation,Married,62503.0,0,1,2013-02-18,40,478,0,193,110,75,117,4,8,3,11,5,0,0,70,973,22,1,4700,1,1.0472460983900849,1.4932353717914597
916,1972,PhD,Single,41644.0,1,1,2014-05-09,67,20,3,4,2,0,2,2,1,0,3,3,0,0,54,31,4,2,4255,0,-1.3231587719002493,-1.4845598892630076
5512,1977,Master,Married,55842.0,0,1,2014-05-23,19,451,0,39,0,4,24,1,7,1,8,5,0,0,49,518,16,1,4241,0,0.3474602899318735,-1.1998249060869335
8970,1972,PhD,Married,62010.0,0,1,2012-10-23,93,371,22,39,6,0,92,4,6,2,7,5,0,0,54,530,15,1,4818,1,0.24698452071170326,1.397108254230713
10581,1977,Graduation,Married,41124.0,1,0,2012-10-31,41,281,7,84,15,0,119,7,7,3,4,8,0,0,49,506,14,1,4810,1,-1.0505274565822518,2.527955845322549
5300,1973,Master,Married,38961.0,1,0,2013-12-30,60,19,7,19,0,1,24,1,2,1,2,7,0,0,53,70,5,1,4385,0,-1.4224164482221382,-1.241316835692234
5154,1972,Master,Divorced,37760.0,1,0,2013-08-11,54,26,3,13,2,10,0,1,2,0,3,6,0,0,54,54,5,1,4526,0,-1.2933151995506194,-1.0033592616109053
8346,1974,Graduation,Single,32233.0,1,0,2012-08-19,26,138,15,35,25,11,72,2,6,2,2,9,0,1,52,296,10,1,4883,2,-1.4853041436023913,0.9133793234448371
1676,1975,Graduation,Married,43057.0,0,1,2013-10-30,30,213,2,44,0,2,5,4,4,2,5,5,0,0,51,266,11,1,4446,0,-0.6777889531534688,-0.025690975697101045
9286,1960,Master,Together,83151.0,0,0,2012-10-10,93,407,28,100,120,74,18,1,5,9,4,3,0,0,66,747,18,0,4831,3,2.1199527781382783,0.18588944961948553
2426,1964,PhD,Divorced,78825.0,0,0,2012-09-14,35,483,74,114,169,37,18,1,5,10,13,3,0,1,62,895,28,0,4857,3,2.759150639455997,0.6781996886706323
5172,1976,Master,Together,65104.0,0,1,2013-11-14,4,738,0,232,13,20,50,2,3,5,7,7,0,0,50,1053,15,1,4431,3,0.522149250538382,0.04778561734197221
5562,1974,Graduation,Married,60093.0,0,1,2013-06-26,92,502,12,109,16,6,90,2,7,2,10,6,0,0,52,735,19,1,4572,1,0.5973983411566773,0.45126744162210697
3436,1969,Graduation,Married,14045.0,1,0,2014-01-26,24,11,0,5,2,1,1,1,1,0,3,7,0,0,57,20,4,1,4358,0,-2.1029859279291703,-1.519904812931606
3921,1952,2n Cycle,Widow,28457.0,0,0,2012-10-28,96,24,1,108,29,29,14,1,4,1,4,8,0,0,74,205,9,0,4813,2,-0.9789510677528704,-0.059030573059500276
3403,1958,PhD,Together,78952.0,0,1,2012-09-24,11,1170,19,594,99,76,134,2,2,5,12,6,0,0,68,2092,19,1,4847,3,2.121132397831623,1.6492647655346144
22,1976,Graduation,Divorced,46310.0,1,0,2012-12-03,99,185,2,88,15,5,14,2,6,1,5,8,0,0,50,309,12,1,4777,2,-0.8401930608229382,0.7380884250359727
10965,1955,Graduation,Together,76005.0,0,0,2013-02-22,72,983,20,389,240,50,40,1,3,5,13,6,0,0,71,1722,21,0,4696,3,2.4337975866941695,0.6162437657224855
9426,1964,Master,Single,58308.0,0,1,2013-01-12,77,691,0,69,10,0,130,4,2,6,3,8,0,0,62,900,11,1,4737,1,-0.2985669749496431,1.465999476775323
6605,1944,PhD,Divorced,55614.0,0,0,2013-11-27,85,504,13,131,8,0,26,1,9,4,6,7,0,0,82,682,19,0,4418,3,0.8203314894358277,-0.5282444856626348
3136,1962,Master,Divorced,59432.0,0,1,2013-04-13,88,317,25,265,25,19,12,3,5,3,11,5,0,0,64,663,19,1,4646,1,0.6192755407377346,0.8195409867038395
8737,1978,Graduation,Divorced,55563.0,0,1,2014-04-05,22,29,1,9,2,0,2,1,2,0,3,3,0,0,48,43,5,1,4289,0,-0.40545033834786504,-1.980510057264985
11088,1971,PhD,Together,78642.0,0,1,2013-04-21,83,1396,0,322,46,35,17,1,4,9,4,6,0,0,55,1816,17,1,4638,3,1.8514327423117625,0.6534477064393707
716,1949,PhD,Together,67911.0,0,1,2014-05-22,63,529,0,356,63,28,0,3,6,7,11,3,0,0,77,976,24,1,4242,3,1.7085061620002502,-0.17482261920329142
466,1944,Graduation,Married,65275.0,0,0,2013-04-03,9,388,14,218,91,14,21,1,4,3,13,2,0,0,82,746,20,0,4656,3,1.981202582182948,-0.48681575704481517
9135,1950,Graduation,Together,27203.0,1,1,2012-08-06,92,13,2,21,4,0,24,2,1,1,2,8,0,0,76,64,4,2,4896,2,-2.4496275506279472,0.8430972477955923
10623,1961,Master,Together,48330.0,0,1,2013-11-15,2,28,0,4,0,0,0,1,1,0,3,5,0,0,65,32,4,1,4430,0,-0.9830416338604281,-1.4532224283920439
8151,1990,Basic,Married,24279.0,0,0,2012-12-29,6,16,36,21,20,62,108,1,4,1,3,8,0,0,36,263,8,0,4751,2,-1.1169644936048189,-0.36851066936160987
5140,1985,PhD,Married,64355.0,1,0,2012-08-24,66,1047,0,140,67,38,153,2,4,3,12,8,0,0,41,1445,19,1,4878,1,0.9373653743912083,1.7585159915388302
10160,1956,Master,Together,50943.0,0,1,2013-06-21,49,31,0,7,2,0,6,1,1,0,3,5,0,0,70,46,4,1,4577,0,-0.8958654351026429,-0.9895682624203772
4945,1953,Graduation,Widow,53653.0,0,0,2012-11-07,29,815,10,239,28,10,108,2,10,4,12,6,0,0,73,1210,26,0,4803,3,1.7384261117043285,1.1391880881188698
10584,1976,Graduation,Married,65665.0,0,1,2013-12-02,77,225,162,387,106,36,29,1,5,10,8,3,0,0,50,945,23,1,4413,3,1.7216952552860292,-0.4154856413292849
6071,1989,Graduation,Single,81217.0,0,0,2013-07-19,77,493,70,324,146,40,84,1,3,7,11,1,0,0,37,1157,21,0,4549,3,2.930981726585669,-0.5703048763407622
3386,1992,Graduation,Married,34935.0,0,0,2013-06-21,71,34,4,66,3,10,20,1,2,1,4,7,0,0,34,137,7,0,4577,2,-0.856927813767746,-0.934065605911013
8939,1959,Graduation,Divorced,61250.0,0,1,2012-12-16,49,382,138,65,60,26,59,6,5,2,12,5,0,0,67,730,19,1,4764,1,0.4873445037297544,2.101501190916855
9925,1981,PhD,Together,39665.0,1,0,2013-05-25,97,127,1,56,0,1,31,3,4,2,3,7,0,0,45,216,9,1,4604,2,-1.1646272070865358,0.27545102147395195
4320,1979,Graduation,Single,60152.0,0,1,2013-03-28,6,325,83,300,86,58,91,1,6,4,12,3,0,0,47,943,22,1,4662,3,1.5149991192145582,0.10719117658211387
5389,1964,Graduation,Married,48920.0,0,2,2013-10-20,93,238,17,68,8,10,6,3,6,2,5,7,0,0,62,347,13,2,4456,0,-1.0665282078038736,0.456673704497734
6036,1959,Master,Together,89120.0,0,0,2014-03-17,78,1168,92,408,72,129,55,1,5,6,7,1,0,0,67,1924,18,0,4308,3,3.547083476801801,-1.056054276236563
182,1946,PhD,Together,44124.0,0,1,2013-05-11,62,284,0,55,0,6,52,4,6,2,5,8,0,0,80,397,13,1,4618,1,-0.9136594190220075,0.9868636603653779
203,1975,Master,Single,81169.0,0,0,2013-04-14,47,1288,20,613,80,61,27,1,5,7,9,2,0,0,51,2089,21,0,4645,3,3.519761972086933,0.10151665966431785
11025,1961,Graduation,Married,36443.0,1,1,2013-02-03,9,65,0,46,4,3,20,4,3,1,3,8,0,0,65,138,7,2,4715,2,-2.1629467463481777,1.1147627946234382
10203,1990,Graduation,Single,26095.0,1,0,2013-06-30,77,11,7,9,3,1,11,1,1,0,3,7,0,0,36,42,4,1,4568,2,-1.7923451907181422,-0.8380827697127945
4607,1959,Graduation,Together,71367.0,0,0,2013-08-23,24,227,23,389,42,21,75,1,4,5,7,2,0,0,67,777,16,0,4514,3,1.8939191634832149,-0.9978919000082224
3711,1944,Master,Married,80184.0,0,0,2014-03-01,19,1035,134,670,25,38,0,1,6,3,10,3,0,0,82,1902,19,0,4324,3,3.0346417775670615,-0.8288021712110883
3696,1965,Graduation,Divorced,30630.0,1,1,2014-01-27,67,27,1,12,2,0,10,2,2,0,3,7,0,0,61,52,5,2,4357,0,-2.166213107200289,-0.7049806110955189
2532,1987,Master,Single,73454.0,0,0,2014-03-01,95,982,73,351,56,14,175,1,2,4,6,5,0,0,39,1651,12,0,4324,3,1.91777556354683,-0.9275369973089748
9214,1991,Graduation,Married,42691.0,0,0,2013-08-16,48,179,2,64,38,17,58,1,5,1,6,5,0,0,35,358,12,0,4521,0,0.14680115578685624,-1.0240635029842102
4943,1953,Graduation,Married,70503.0,0,0,2012-09-30,73,1379,33,216,0,33,66,1,2,4,9,6,0,0,73,1727,15,0,4841,3,1.9364373998559772,0.7146051656569512
35,1987,Graduation,Married,25545.0,1,0,2012-09-08,35,32,1,64,16,12,85,3,2,2,3,6,0,1,39,210,7,1,4863,2,-1.461366910970965,0.6281442317116982
2258,1986,Graduation,Married,32880.0,1,0,2012-12-04,76,8,4,15,7,6,2,1,1,0,3,8,0,0,40,42,4,1,4776,2,-1.8040807554727534,-0.12654813468775028
4322,1958,PhD,Together,77863.0,0,0,2013-11-27,20,881,38,319,16,25,12,1,4,5,10,2,0,0,68,1291,19,0,4418,3,2.6506003879868514,-0.9200589294247652
713,1977,Master,Married,50353.0,0,0,2014-06-08,72,141,15,153,67,31,35,1,4,4,6,3,0,0,49,442,14,0,4225,3,0.8559066630801525,-1.8918607967277197
4702,1964,Graduation,Single,61839.0,0,0,2012-08-12,20,1000,155,379,224,17,120,1,4,8,4,8,0,0,62,1895,16,0,4890,3,1.588656012326789,1.104216109594297
3281,1960,PhD,Married,49154.0,1,1,2013-11-03,69,206,10,67,30,27,71,6,4,1,8,6,0,0,66,411,13,2,4442,1,-1.0657899076375037,1.2677905875061486
702,1975,2n Cycle,Widow,47682.0,0,1,2013-02-15,80,162,61,83,97,57,61,4,4,3,8,5,0,0,51,521,15,1,4703,1,-0.09119112147204277,1.0105423102751374
2004,1969,Graduation,Single,72679.0,0,1,2013-09-18,65,619,54,260,127,54,54,1,4,7,5,1,0,0,57,1168,16,1,4488,3,1.956843397075052,-0.6870936007786774
4769,1977,Master,Together,57954.0,1,1,2014-06-18,52,456,4,24,0,0,9,7,8,2,6,7,0,0,49,493,16,2,4215,1,-0.8597399194411678,1.2887235149856138
4437,1962,Graduation,Married,65316.0,1,1,2013-04-24,65,112,6,92,3,9,38,2,3,2,5,4,0,0,64,260,10,2,4635,0,-0.38160057749867754,0.11023754246882499
8724,1982,Graduation,Single,28567.0,1,0,2013-06-17,57,11,3,22,2,2,6,2,2,0,3,6,0,0,44,46,5,1,4581,2,-1.579476418152626,-0.5671966164859348
10741,1951,Master,Together,47352.0,0,1,2013-04-11,70,172,12,112,8,0,15,4,6,1,5,7,0,0,75,319,12,1,4648,1,-0.796043856833554,0.8930767546248274
1991,1967,Graduation,Together,44931.0,0,1,2014-01-18,0,78,0,11,0,0,7,1,2,1,3,5,0,0,59,96,6,1,4366,0,-0.882736247945949,-1.529018589858786
6931,1967,Graduation,Divorced,76982.0,0,0,2014-02-15,19,464,151,292,65,60,30,1,8,3,4,4,0,1,59,1062,15,0,4338,3,1.8500575699755517,-1.1518087281200162
11096,1952,2n Cycle,Together,57247.0,0,1,2013-08-08,50,99,4,32,37,54,6,2,2,1,7,2,0,0,74,232,10,1,4529,0,0.21260990914040362,-0.8030324472028687
304,1981,Master,Single,22944.0,1,0,2013-12-23,67,19,3,19,4,5,26,3,3,0,3,7,0,0,45,76,6,1,4392,0,-1.8611415690320028,-0.5824260339800478
3665,1977,2n Cycle,Together,25315.0,1,0,2013-11-07,46,1,9,8,11,3,22,3,3,0,3,8,0,0,49,54,6,1,4438,2,-1.9997447144164224,-0.3551793687236283
10591,1969,Graduation,Widow,43638.0,0,1,2012-08-06,37,63,10,83,7,19,19,2,4,1,4,7,0,0,57,201,9,1,4896,2,-1.0267279737254384,0.6806667010454512
5036,1984,PhD,Single,42710.0,1,0,2012-11-28,38,252,3,42,4,3,102,2,4,5,3,6,0,0,42,406,12,1,4782,2,-0.522347722850578,0.45344010466034623
5547,1982,PhD,Married,84169.0,0,0,2013-08-07,9,1478,19,403,0,19,0,1,7,6,6,3,0,1,44,1919,19,0,4530,3,3.139542750048808,-0.2628713088877343
7822,1976,Graduation,Together,54058.0,0,1,2013-06-04,56,198,18,252,32,108,54,2,4,6,8,3,0,0,50,662,18,1,4594,3,0.8336114396573462,0.0014160596063577115
8541,1990,2n Cycle,Married,24683.0,1,0,2014-03-08,98,8,4,10,6,7,6,2,2,0,4,5,0,0,36,41,6,1,4317,0,-1.4319307013621925,-1.329444824074693
10955,1964,Graduation,Widow,85620.0,0,0,2014-01-07,68,416,46,925,60,107,46,1,3,6,4,1,0,1,62,1600,13,0,4377,3,2.88343002544049,-1.2346854715736946
4368,1980,Graduation,Married,47850.0,1,0,2013-12-03,72,42,7,43,20,12,10,1,3,0,4,6,0,0,46,134,7,1,4412,0,-0.8688453518722272,-1.13012168229225
9671,1968,Graduation,Married,19514.0,1,1,2014-01-26,47,14,3,21,2,1,28,4,3,1,2,8,0,1,58,69,6,2,4358,0,-2.6616952509301677,0.056388401150370235
2256,1973,Master,Married,27159.0,1,1,2014-03-29,33,17,0,3,0,0,1,2,1,0,3,6,0,0,53,21,4,2,4296,0,-2.1758842177479316,-1.1019302090554322
4279,1963,2n Cycle,Single,39548.0,1,1,2014-03-31,87,15,4,10,3,4,18,2,1,1,3,3,0,0,63,54,5,2,4294,0,-1.2819762096934642,-1.3127311419206134
5371,1989,Graduation,Single,21474.0,1,0,2014-04-08,0,6,16,24,11,0,34,2,3,1,2,7,0,1,37,91,6,1,4286,0,-1.8308786886304431,-1.2687519315320914
9240,1971,PhD,Single,60504.0,0,1,2014-02-07,73,458,0,24,6,4,34,2,6,2,8,6,0,0,55,526,16,1,4346,0,0.23576721074952947,-0.3849440988907729
9460,1963,Graduation,Married,22419.0,0,0,2013-04-18,74,30,3,47,19,21,42,1,3,2,2,8,0,0,63,162,7,0,4641,2,-1.2871534434868703,-0.6771502692731223
9504,1949,Master,Married,81698.0,0,0,2013-11-06,4,179,28,520,111,123,47,1,3,8,13,1,0,1,77,1008,24,0,4439,3,2.9856858083117537,-0.8610463993853027
8692,1952,Graduation,Together,43462.0,1,1,2012-09-12,50,90,17,97,15,6,15,6,4,1,5,8,0,0,74,240,10,2,4859,1,-1.8614189163441468,2.3996511333104387
448,1978,PhD,Single,54880.0,1,0,2013-03-01,57,308,85,137,102,45,118,2,6,2,11,5,0,0,48,795,19,1,4689,1,0.6889768176408828,0.6020594841556667
8314,1982,Graduation,Married,79908.0,0,0,2013-04-05,30,557,129,761,29,185,111,1,5,6,7,2,0,0,44,1772,18,0,4654,3,3.03603340677084,-0.14404049532823512
8420,1970,2n Cycle,Married,15315.0,0,0,2013-08-03,27,7,4,13,15,8,17,2,2,0,4,5,0,0,56,64,6,0,4534,2,-1.1740807792817354,-1.1739994337647437
3174,1959,Graduation,Together,87771.0,0,1,2013-05-22,61,1492,38,287,50,57,33,1,5,10,4,6,0,1,67,1957,19,1,4607,3,2.293817548419786,0.7228506651465798
7685,1978,Graduation,Married,33039.0,1,0,2013-09-09,4,30,8,12,8,8,12,1,2,0,4,5,0,0,48,78,6,1,4497,0,-1.1638450618596432,-1.2273857060295683
3179,1980,Graduation,Single,81741.0,0,0,2013-06-16,75,249,153,940,58,134,38,0,6,6,7,2,0,0,46,1572,19,0,4582,3,3.0614626873019013,-0.6297731121652907
9780,1971,Master,Together,71499.0,0,1,2013-06-25,12,465,25,132,136,0,37,2,8,3,13,4,0,0,55,795,24,1,4573,3,1.5356997570410384,0.4108781111052351
10681,1970,2n Cycle,Married,62466.0,0,1,2014-01-15,13,129,129,259,168,121,83,5,6,3,12,4,0,0,56,889,21,1,4369,1,0.9964837656974823,0.6986256284406882
10232,1963,PhD,Divorced,48799.0,0,1,2013-11-05,9,174,18,81,28,6,24,3,3,2,7,3,0,0,63,331,12,1,4440,0,-0.02656871381950062,-0.5481543428502371
4184,1950,PhD,Together,52157.0,0,1,2014-06-07,48,189,2,29,3,2,40,2,3,2,5,4,0,0,76,265,10,1,4226,0,-0.21919777058928358,-1.3817433310698208
9120,1962,Graduation,Single,66565.0,0,1,2012-12-05,80,747,10,161,65,40,42,4,4,2,9,8,0,0,64,1065,15,1,4775,1,0.27881316907012604,1.8443215082108289
891,1951,Master,Together,29298.0,1,1,2013-09-07,60,6,0,2,2,0,1,1,1,0,2,5,0,0,75,11,3,2,4499,0,-1.9456193033066578,-1.0154399774808067
10381,1979,Graduation,Single,47691.0,0,1,2013-07-05,43,14,0,3,0,0,4,1,1,0,2,6,0,0,47,21,3,1,4563,2,-1.2242934447559612,-0.9768988294341477
3525,1970,Graduation,Together,38200.0,1,1,2012-12-07,19,12,0,4,0,0,1,1,1,0,2,7,0,0,56,17,3,2,4773,2,-2.083987619507702,-0.035278428529145305
6818,1974,Graduation,Married,44989.0,0,1,2012-09-12,26,98,0,106,49,10,106,5,5,1,5,6,0,0,52,369,11,1,4859,1,-0.7852461599647442,1.5755883658207435
3526,1968,PhD,Married,38443.0,1,1,2014-01-27,58,32,0,5,0,0,1,2,1,0,3,7,0,0,58,38,4,2,4357,0,-2.0664125642207645,-0.7327798952258845
8181,1978,2n Cycle,Single,38593.0,1,0,2013-09-13,42,51,12,49,17,24,24,3,4,1,3,8,0,0,48,177,8,1,4493,2,-1.4712614918191413,-0.023267401434843633
1029,1970,PhD,Together,64413.0,0,1,2013-08-01,27,200,5,44,0,10,20,1,5,1,5,5,0,0,56,279,11,1,4536,0,0.036619281090107814,-0.6705462503943513
7369,1981,Master,Married,36959.0,1,0,2013-10-02,56,25,6,25,6,0,0,2,2,0,3,8,0,0,45,62,5,1,4474,2,-1.7158381927305117,-0.5670813923928455
2574,1977,PhD,Married,61996.0,0,1,2013-01-31,27,1050,12,144,0,0,24,3,6,4,8,5,0,1,49,1230,18,1,4718,1,1.0633677913431925,1.1070514544546937
8159,1968,Graduation,Married,51287.0,1,1,2014-04-01,10,117,0,22,13,0,30,3,4,1,3,7,0,0,58,182,8,2,4293,0,-1.491974406680585,-0.3483548887553936
1160,1970,Graduation,Married,13260.0,1,1,2013-08-23,48,9,4,17,10,2,7,4,3,0,3,8,0,0,56,49,6,2,4514,2,-2.817033098285153,0.44467713837662975
10242,1966,PhD,Together,47472.0,1,1,2013-09-16,39,56,0,11,0,0,8,2,2,0,4,5,0,0,60,75,6,2,4490,0,-1.370356199741516,-0.5038718518964589
5253,1956,Master,Together,54603.0,1,1,2013-07-09,85,145,13,46,17,2,4,6,4,2,4,7,0,0,70,227,10,2,4559,1,-1.4452885541053304,1.5479760600815653
5966,1974,PhD,Married,45207.0,1,1,2012-11-10,64,203,0,10,0,0,2,5,3,1,6,6,0,0,52,215,10,2,4800,1,-1.4286104745994717,1.6803156960368626
5314,1951,Graduation,Together,40689.0,0,1,2013-03-18,69,270,3,27,39,6,99,7,7,1,5,8,0,0,75,444,13,1,4672,1,-1.168652314861658,2.1189029182705448
5081,1967,2n Cycle,Together,47821.0,1,1,2013-10-20,54,9,0,16,6,6,10,1,1,0,3,8,0,0,59,47,4,2,4456,0,-1.9417797529909466,-0.6298088419739032
5123,1951,Master,Married,27450.0,0,0,2013-04-15,57,37,12,23,8,11,52,1,2,1,3,7,0,0,75,143,6,0,4644,2,-1.088008337070108,-0.843515558429105
5756,1983,Graduation,Together,39453.0,1,0,2014-04-03,64,46,0,7,0,0,2,2,2,0,3,6,0,0,43,55,5,1,4291,0,-1.32803107526803,-1.2919913868641255
8036,1971,2n Cycle,Together,26850.0,1,1,2014-04-18,10,31,1,13,7,2,9,4,2,1,4,4,0,0,55,63,7,2,4276,0,-1.7738611885837483,-0.6297971951039737
9058,1955,Graduation,Widow,79800.0,0,0,2012-09-23,65,1060,21,530,32,0,224,1,5,11,5,3,0,1,71,1867,21,0,4848,3,3.1461643952639538,0.710105610377372
5057,1961,Master,Married,61794.0,0,1,2013-09-14,74,264,47,188,54,47,11,2,4,4,10,2,0,0,65,611,18,1,4492,3,1.1396183947081047,-0.36329547028547005
254,1955,Graduation,Together,53863.0,0,1,2014-05-17,4,399,4,30,6,4,30,3,7,1,7,7,0,0,71,473,15,1,4247,0,-0.28552286273849087,-0.3692075124641996
4179,1959,Graduation,Together,24221.0,0,0,2013-08-20,94,8,9,9,2,5,22,1,1,1,3,4,0,0,67,55,5,0,4517,0,-0.7814168539026765,-1.6070264572157116
3710,1984,PhD,Single,39684.0,1,0,2012-10-12,41,19,0,35,6,4,17,2,2,1,2,7,1,1,42,81,5,1,4829,2,-1.4679486860433075,0.2654383538460096
7627,1975,Master,Married,92163.0,0,0,2012-12-12,25,817,183,797,106,163,20,0,5,11,5,2,0,1,51,2086,21,0,4768,3,3.8351372933372025,0.12716506829272978
4501,1965,Master,Single,69882.0,0,0,2013-11-10,94,292,127,635,132,127,165,1,3,7,9,1,0,0,61,1478,19,0,4435,3,2.8143202430779044,-0.8850060397544016
6424,1977,Graduation,Together,33178.0,1,0,2014-01-30,9,12,6,2,11,2,16,1,1,0,3,4,0,0,49,49,4,1,4354,0,-1.1430892710179763,-1.8314940733056653
3075,1972,PhD,Married,59973.0,0,0,2013-09-11,47,130,30,168,20,34,0,1,3,4,7,1,0,0,54,382,14,0,4495,3,1.35972145685949,-1.4225470599640149
4992,1975,Master,Together,17459.0,1,0,2013-09-19,12,6,4,16,3,10,30,3,3,1,2,7,0,1,51,69,6,1,4487,2,-2.005957320781502,-0.4128811920089453
5252,1969,Graduation,Divorced,23910.0,1,0,2012-10-26,80,16,12,18,7,1,13,1,2,0,3,7,0,0,57,67,5,1,4815,2,-1.7530301229378753,-0.12478649412313436
7444,1969,Master,Married,42169.0,1,1,2013-10-19,20,19,0,9,0,0,2,2,1,0,3,8,0,0,57,30,4,2,4457,0,-2.1668874804653417,-0.3685628907280915
6919,1978,2n Cycle,Married,26224.0,1,0,2013-06-04,39,4,7,15,13,9,15,3,2,1,3,6,0,0,48,63,6,1,4594,2,-1.6334110770152812,-0.18505178110433013
3537,1981,Graduation,Together,31089.0,1,0,2012-08-17,57,31,3,31,2,8,4,3,3,0,4,8,0,0,45,79,7,1,4885,2,-1.7741419022053544,0.938474490821421
10277,1961,Graduation,Single,30081.0,0,1,2013-02-21,27,36,0,2,0,0,4,1,1,0,3,7,0,0,65,42,4,1,4697,2,-1.714536035524321,-0.5297657857942419
2453,1960,Graduation,Together,62807.0,0,1,2012-08-31,83,526,28,135,10,21,99,3,5,3,12,5,0,0,66,819,20,1,4871,1,0.889622509332303,1.5330761039295915
7972,1955,Graduation,Single,72906.0,0,0,2013-09-17,79,400,32,519,71,75,54,1,3,4,9,1,0,0,71,1151,16,0,4489,3,2.420919161745393,-0.9928812906080693
895,1948,PhD,Married,61467.0,0,2,2012-12-09,69,410,16,114,0,5,49,3,5,2,10,5,0,0,78,594,17,2,4771,1,0.010007996892053643,1.3479590587162873
1177,1966,Master,Together,49618.0,1,1,2013-01-26,77,80,3,26,4,2,14,4,3,1,3,7,0,0,60,129,7,2,4723,2,-1.682395559815279,1.1388155850682522
7141,1986,Master,Single,21888.0,1,0,2012-12-29,15,88,10,46,2,3,64,4,5,1,2,10,0,1,40,213,8,1,4751,2,-2.234803823572878,1.1592207648429933
7232,1973,Graduation,Widow,42429.0,0,1,2014-02-11,99,55,0,6,2,0,4,2,1,1,3,5,0,0,53,67,5,1,4342,0,-1.0705786974535543,-1.223821928049486
8477,1956,Graduation,Divorced,26150.0,2,1,2013-03-11,61,5,1,13,3,5,1,1,1,0,3,7,0,0,70,28,4,3,4679,2,-2.7429301895145146,0.07656995137322853
2457,1975,Basic,Married,30801.0,0,1,2012-10-26,23,8,4,5,15,2,11,2,1,0,3,7,0,0,51,45,4,1,4815,2,-1.7678167063743786,0.11313836576702241
988,1965,Graduation,Married,81168.0,0,0,2014-05-07,84,410,0,592,147,22,22,1,6,4,7,3,0,0,61,1193,17,0,4257,3,2.3658667401183258,-1.2688556014188204
7930,1969,Master,Single,26877.0,0,0,2013-08-19,74,101,13,76,20,18,40,2,3,1,6,6,0,0,57,268,10,0,4518,2,-0.6464563799419406,-0.7405177200378413
4587,1944,Master,Widow,45006.0,0,0,2013-07-18,90,162,25,53,16,0,10,1,3,1,7,3,0,0,82,266,11,0,4550,0,0.411112981604232,-1.215909796031428
6682,1973,Basic,Married,18978.0,1,0,2012-12-11,41,2,8,1,4,7,15,1,1,0,3,8,0,0,53,37,4,1,4769,2,-2.1339787891123487,-0.24361506245881634
6222,1967,Graduation,Married,22574.0,2,1,2013-10-28,28,25,0,8,2,0,2,2,2,0,3,7,0,0,59,37,5,3,4448,0,-2.8399921495713714,-0.22277192208213692
10299,1969,PhD,Single,48240.0,0,0,2012-11-09,73,389,91,248,64,49,41,3,6,3,13,5,0,1,57,882,22,0,4801,3,1.2020727437925705,1.0665170523904444
3083,1974,Graduation,Married,45837.0,1,1,2013-07-26,88,215,13,87,17,17,24,5,6,2,5,7,0,0,52,373,13,2,4542,1,-1.2609026418007208,1.3301208605946284
8953,1965,Master,Single,35791.0,2,1,2013-05-06,94,27,0,5,0,0,3,2,1,0,3,8,0,0,61,35,4,3,4623,2,-2.751465063628208,0.4549408860615175
1503,1976,PhD,Together,162397.0,1,1,2013-06-03,31,85,1,16,2,1,2,0,0,0,1,1,0,0,50,107,1,2,4595,3,1.7670867985214433,-1.118596511308671
8650,1978,Graduation,Widow,54162.0,1,1,2013-03-18,31,5,6,10,6,5,10,1,1,0,3,4,0,0,48,42,4,2,4672,0,-1.1297227794189173,-0.5472292078747989
10862,1960,Master,Married,30522.0,0,1,2012-08-17,6,179,8,83,19,11,26,5,1,2,9,2,0,0,66,326,12,1,4885,1,-0.4154758882133466,1.095895451194357
2782,1961,PhD,Married,54456.0,0,1,2013-07-11,23,352,0,27,10,0,15,3,6,1,7,6,0,0,65,404,14,1,4557,1,-0.21226061706336122,0.29529092654663325
6941,1971,Graduation,Single,31632.0,0,0,2013-07-14,92,17,8,12,11,15,32,1,2,1,2,7,0,0,55,95,5,0,4554,2,-1.0870204980467775,-1.0915792819476677
10972,1949,Graduation,Widow,72298.0,0,0,2014-03-10,52,625,35,169,58,17,35,1,4,3,6,1,0,0,77,939,13,0,4315,3,2.0322276491492883,-1.7032324451748588
10708,1978,2n Cycle,Single,36975.0,1,0,2013-12-28,50,10,6,11,0,4,2,1,1,0,3,7,0,0,48,33,4,1,4387,0,-1.5640346979965107,-1.3134126068357725
6583,1955,2n Cycle,Married,72635.0,0,0,2013-06-03,54,390,22,323,104,35,107,1,6,8,6,3,0,0,71,981,20,0,4595,3,2.1846823794136223,-0.3647915032892833
3641,1976,Graduation,Married,13624.0,1,0,2013-01-20,93,10,2,15,2,1,6,2,2,0,3,6,0,0,50,36,5,1,4729,2,-1.9134550601150278,-0.19413424391480408
10156,1975,Graduation,Single,84196.0,0,1,2013-06-03,56,215,63,507,231,31,190,1,8,4,7,3,0,0,51,1237,19,1,4595,3,2.125910786901471,0.04763763243048257
4299,1960,Graduation,Together,70971.0,0,1,2012-09-21,28,1001,17,572,93,125,17,7,11,11,5,7,0,1,66,1825,27,1,4850,1,1.6983042630241012,3.666147266750959
3469,1977,PhD,Divorced,34487.0,1,1,2012-09-06,94,19,18,33,24,1,8,3,3,0,3,9,0,0,49,103,6,2,4865,2,-2.367588914563492,1.3463426047116276
5063,1977,Graduation,Single,28769.0,1,0,2012-12-18,76,41,5,129,10,3,3,3,4,1,4,9,0,0,49,191,9,1,4762,2,-1.7735732949969751,0.8727200824694289
10727,1970,PhD,Married,69084.0,1,0,2013-11-19,43,1181,107,199,39,30,30,2,7,3,13,8,0,0,56,1586,23,1,4426,3,1.3989777840676634,0.7657529878527197
9624,1958,PhD,Together,65488.0,0,0,2014-06-13,46,603,45,207,36,18,54,1,3,4,6,1,0,0,68,963,13,0,4220,3,1.894102539262162,-1.9856009514119701
5156,1970,2n Cycle,Married,62466.0,0,1,2014-01-15,13,129,129,259,168,121,83,5,6,3,12,4,0,0,56,889,21,1,4369,1,0.9964837656974823,0.6986256284406882
4376,1960,2n Cycle,Single,32218.0,0,0,2014-02-15,27,10,24,15,13,1,30,1,2,1,3,7,0,1,66,93,6,0,4338,0,-1.0350353941184633,-1.6982444168443438
8923,1973,Graduation,Single,83917.0,0,0,2013-04-18,12,514,22,732,42,198,79,1,6,7,7,3,0,1,53,1587,20,0,4641,3,2.9269815534559527,-0.031213633973439077
8461,1962,Graduation,Divorced,46102.0,2,1,2014-03-10,3,14,0,1,0,0,1,1,1,0,2,7,0,0,64,16,3,3,4315,0,-2.386842856806031,-0.9346810900308572
6945,1952,Graduation,Single,84574.0,0,0,2013-06-04,72,387,20,713,38,54,163,1,9,11,11,5,0,0,74,1375,31,0,4594,3,3.142497350144426,0.5860710036445732
944,1962,Graduation,Married,56181.0,0,1,2013-01-08,6,121,103,69,8,44,48,1,4,2,7,4,0,0,64,393,13,1,4741,2,0.23622123317995528,-0.17041745069801886
1907,1950,Master,Divorced,63120.0,0,1,2012-09-28,53,965,69,279,54,41,69,5,8,4,9,7,0,1,76,1477,21,1,4843,1,1.0078616789136285,2.598842373139084
701,1971,Graduation,Married,73691.0,0,1,2013-11-06,58,707,21,250,85,43,73,2,6,2,8,2,0,0,55,1179,16,1,4439,3,1.7441646190510645,-0.36867958438034937
3856,1960,Graduation,Together,63381.0,0,1,2012-10-05,78,571,50,142,33,50,159,4,4,5,13,2,0,0,66,1005,22,1,4836,1,1.6136211631013195,1.5428169927810327
4149,1948,PhD,Together,76140.0,0,0,2014-05-13,57,586,66,653,17,0,26,1,5,9,6,2,0,0,78,1348,20,0,4251,3,2.7297131771347485,-1.2706838409486914
2131,1959,PhD,Divorced,62859.0,0,1,2012-12-30,37,1063,89,102,16,12,25,4,9,4,6,6,0,0,67,1307,19,1,4750,1,0.9711989858814684,1.7299874488955207
2942,1964,Graduation,Single,45906.0,0,1,2013-05-07,20,305,3,27,4,3,144,2,5,4,4,5,0,0,62,486,13,1,4622,2,-0.16004578503011702,-0.03557203393394724
1173,1947,Master,Together,77632.0,0,0,2013-03-10,73,1200,105,758,0,42,147,1,4,2,6,2,0,1,79,2252,12,0,4680,3,3.0126320664303563,-0.14176773819408497
4381,1971,PhD,Married,46463.0,1,1,2013-08-18,56,163,2,40,8,11,11,7,3,1,6,6,0,0,55,235,10,2,4519,1,-1.53662963199138,1.5782215765318248
4611,1970,Graduation,Together,105471.0,0,0,2013-01-21,36,1009,181,104,202,21,207,0,9,8,13,3,0,1,56,1724,30,0,4728,3,4.242326469252035,0.49424388482107123
3376,1970,Master,Divorced,55282.0,1,0,2013-12-13,9,125,6,73,8,4,19,1,3,1,6,4,0,0,56,235,10,1,4402,0,-0.10862005968858805,-1.274230451939218
4679,1977,Master,Married,78710.0,0,1,2014-05-23,42,721,0,152,119,50,50,3,7,6,12,4,0,0,49,1092,25,1,4241,3,1.9369192897180967,0.05389106797887595
10928,1958,Graduation,Together,66886.0,0,1,2013-09-16,28,315,4,62,41,31,146,2,7,1,7,5,0,0,68,599,15,1,4490,3,0.5352805606015032,-0.1653517313843315
4248,1960,Master,Single,98777.0,0,0,2014-02-17,23,1000,19,711,125,115,38,0,4,6,9,1,0,0,66,2008,19,0,4336,3,3.955498184090168,-1.252937485935638
6728,1985,Graduation,Together,29103.0,1,0,2012-08-27,38,16,0,17,6,3,6,2,1,0,3,9,0,0,41,48,4,1,4875,2,-2.136144099600132,0.5343385622672091
6661,1974,Graduation,Married,67445.0,0,1,2012-08-12,63,757,80,217,29,80,11,5,9,6,12,6,0,0,52,1174,27,1,4890,1,1.4089971614835712,2.79719089009924
4725,1950,PhD,Together,50616.0,0,1,2014-04-13,71,30,2,25,0,1,9,1,1,1,4,2,0,0,76,67,6,1,4281,0,-0.2514611761678329,-2.038989233256911
3277,1955,Graduation,Divorced,49431.0,0,1,2012-08-03,9,219,3,100,26,0,17,2,7,1,5,8,0,0,71,365,13,1,4899,2,-0.6846914391795418,1.0442670811095531
5555,1975,Graduation,Divorced,153924.0,0,0,2014-02-07,81,1,1,1,1,1,1,0,0,0,0,0,0,0,51,6,0,0,4346,3,2.545567157423366,-2.611557815509621
2564,1953,Graduation,Together,61278.0,0,1,2014-01-04,87,111,3,28,2,6,15,2,3,1,4,6,0,0,73,165,8,1,4380,0,-0.5445696652155855,-0.7622772329361318
946,1958,2n Cycle,Together,26490.0,0,0,2012-09-22,92,45,47,52,21,20,25,2,3,1,5,6,0,0,68,210,9,0,4849,2,-0.755188985250502,0.10365239522718585
3867,1947,PhD,Together,73059.0,0,1,2013-08-31,36,410,112,420,0,82,71,1,9,3,13,4,0,0,79,1095,25,1,4506,3,1.9597433391387393,0.08709766029076652
6940,1966,PhD,Single,46734.0,1,2,2013-10-21,86,100,1,39,6,1,76,4,3,2,3,6,0,0,60,223,8,3,4455,0,-1.909078592527219,0.6877365057710063
55,1963,Graduation,Together,56253.0,0,1,2012-12-07,83,509,0,65,7,11,5,4,7,2,9,6,0,0,63,597,18,1,4773,1,0.18860014206925346,1.5246922677955843
7093,1985,Graduation,Married,19986.0,1,0,2013-11-14,74,3,6,5,0,2,6,1,0,0,3,7,0,0,41,22,3,1,4431,0,-2.0137992333329278,-1.2878606144934577
5084,1975,Graduation,Widow,58330.0,0,1,2013-12-25,87,445,53,213,104,98,151,1,6,4,13,4,0,0,51,1064,23,1,4390,3,1.4868285728910882,-0.3310495127536852
1777,1980,Basic,Married,25965.0,0,0,2012-09-07,29,2,2,11,41,7,11,1,2,0,3,8,0,0,46,74,5,0,4864,2,-1.415050382702493,-0.23314620524458998
8162,1956,Master,Together,14661.0,0,0,2013-01-01,88,4,1,11,6,2,2,1,1,0,3,6,0,0,70,26,4,0,4748,2,-1.4209091334052968,-0.837744351952637
10826,1959,Graduation,Married,18690.0,0,0,2012-12-28,77,6,1,7,23,4,19,1,1,1,2,8,0,0,67,60,4,0,4752,2,-1.6425068079752483,-0.5617337082394139
8754,1974,PhD,Together,45068.0,0,1,2013-05-16,25,14,0,3,0,0,3,1,1,0,2,7,0,0,52,20,3,1,4613,2,-1.45795222596829,-0.7489866647651796
1987,1987,Basic,Single,21063.0,1,0,2013-09-25,34,1,10,11,19,3,15,2,2,0,3,6,0,0,39,59,5,1,4481,0,-1.7474971478126207,-0.8885876300799108
11007,1968,PhD,Married,29187.0,1,0,2013-05-09,43,26,0,6,0,0,2,1,1,0,3,8,0,0,58,34,4,1,4620,2,-1.906832845892416,-0.6012877109142567
7426,1971,2n Cycle,Married,54690.0,1,1,2013-11-07,76,111,16,37,7,9,18,3,3,1,5,3,0,0,55,198,9,2,4438,0,-0.6409337969662467,-0.31766762539017585
9153,1964,PhD,Married,59304.0,0,1,2013-07-29,81,418,61,428,80,51,10,3,7,8,10,5,0,0,62,1048,25,1,4539,3,1.3083395516914023,0.9283883167164545
10379,1962,Master,Single,59247.0,0,2,2013-11-08,87,327,9,122,19,14,83,5,5,2,9,6,0,0,64,574,16,2,4437,1,-0.43504411112559865,1.1829503587456178
9204,1970,Graduation,Widow,66731.0,0,1,2012-09-12,33,371,159,194,58,106,141,4,4,3,6,3,0,0,56,1029,13,1,4859,1,0.9583802465785053,1.2933414715158644
3197,1980,Graduation,Married,77353.0,0,1,2013-12-16,38,275,59,107,69,101,59,2,6,4,8,4,0,0,46,670,18,1,4399,3,1.1910374937181143,-0.31977587236063015
2920,1975,PhD,Single,52614.0,0,1,2012-12-01,63,789,0,142,12,9,38,2,2,4,8,8,0,0,51,990,14,1,4779,1,-0.021654955779992647,1.0558628862998736
6961,1974,Graduation,Married,26751.0,2,0,2014-05-22,26,1,1,5,0,3,1,1,1,0,2,8,0,0,52,11,3,2,4242,0,-2.5244237055984007,-1.382211929310518
4673,1963,PhD,Married,81300.0,0,1,2012-10-30,17,1004,12,145,32,12,36,3,10,3,5,5,0,1,63,1241,18,1,4811,3,1.5088709543150443,1.4301583319050706
9937,1979,Graduation,Single,70337.0,0,0,2014-01-02,75,187,81,149,25,43,91,1,2,2,12,1,0,0,47,576,16,0,4382,3,1.8870742818228743,-1.4949450254146315
8779,1985,2n Cycle,Married,36145.0,1,0,2013-06-16,13,56,4,76,17,1,18,4,4,1,3,9,0,1,41,172,8,1,4582,2,-1.7797294327441355,0.6223936742463483
9596,1980,PhD,Single,65295.0,0,0,2013-12-23,19,365,32,117,34,110,6,1,3,3,13,2,0,0,46,664,19,0,4392,3,1.8494928880974397,-1.2601353240852617
2891,1963,Graduation,Divorced,68118.0,0,1,2013-10-18,51,595,23,123,10,23,154,2,8,9,4,6,0,0,63,928,21,1,4458,3,1.05044794688161,0.2895093160516388
4910,1967,Graduation,Divorced,68743.0,0,0,2012-08-30,81,1132,134,384,175,134,115,1,11,5,13,7,0,0,59,2074,29,0,4872,3,2.9010873793802996,1.679021646376774
75,1982,2n Cycle,Together,41039.0,0,0,2013-07-25,32,34,11,137,179,61,45,1,8,1,5,8,0,0,44,467,14,0,4543,2,-0.18557151498825483,-0.48755727615631594
10120,1955,Graduation,Together,38946.0,0,1,2013-10-24,84,116,6,82,6,6,41,2,3,1,6,5,0,0,71,257,10,1,4452,0,-0.679791388221635,-0.666302820217447
6327,1967,Graduation,Together,65777.0,0,0,2013-12-19,87,565,32,435,28,32,54,1,2,8,6,1,0,0,59,1146,16,0,4396,3,2.255900288386739,-1.26567033265459
10142,1976,PhD,Divorced,66476.0,0,1,2013-03-07,99,372,18,126,47,48,78,2,5,2,11,4,0,0,50,689,18,1,4683,3,0.9828235238616643,0.4741029733247841
9826,1972,PhD,Single,86857.0,0,0,2012-09-12,96,899,102,838,133,102,40,1,5,6,10,2,0,1,54,2114,21,0,4859,3,3.6874545795989175,0.7643343412643322
1501,1982,PhD,Married,160803.0,0,0,2012-08-04,21,55,16,1622,17,3,4,15,0,28,1,0,0,0,44,1717,29,0,4898,1,4.83989755328061,5.627656206593094
10767,1989,PhD,Together,77845.0,0,0,2014-05-16,40,760,40,480,0,40,26,1,3,5,12,1,0,0,37,1346,20,0,4248,3,2.9305297535972588,-1.4157635930955776
7279,1969,PhD,Together,69476.0,0,0,2013-09-30,3,260,86,559,63,9,67,1,4,6,4,2,0,0,57,1044,14,0,4476,3,1.9371293693005303,-1.1297032220264027
7230,1960,PhD,Divorced,50611.0,0,1,2012-10-04,98,459,0,24,6,0,4,6,4,5,7,6,0,1,66,493,16,1,4837,1,-0.2915952891007894,2.214853458416144
143,1970,Graduation,Single,61209.0,0,0,2013-08-25,73,466,0,224,119,49,99,1,5,3,4,2,0,0,56,957,12,0,4512,3,1.5729619218547897,-1.1100876098743282
450,1958,Master,Together,42315.0,0,1,2013-07-12,90,67,15,80,17,11,80,3,1,4,4,3,0,0,68,270,9,1,4556,0,-0.3875521110654406,-0.3298915576272099
9316,1952,Basic,Together,13084.0,0,0,2013-11-02,29,2,0,7,3,7,10,1,1,0,3,6,0,0,74,29,4,0,4443,2,-1.4768523027380502,-1.729953508134151
6379,1949,Master,Widow,47570.0,1,1,2013-05-29,3,67,1,20,0,2,31,3,2,2,2,7,0,1,77,121,6,2,4600,2,-1.7497450643086176,0.34324786349535
9239,1961,Master,Married,61923.0,0,2,2013-07-26,94,92,4,18,3,3,6,1,2,1,4,3,0,0,65,126,7,2,4542,0,-0.509640871454589,-0.7545188155178371
8315,1995,Graduation,Single,34824.0,0,0,2014-03-26,65,4,2,11,2,0,4,1,1,0,2,6,0,0,31,23,3,0,4299,0,-1.0437301826281513,-2.0349949387052875
2868,1949,PhD,Single,26518.0,1,1,2013-04-08,33,20,1,28,3,3,2,3,2,0,3,8,0,1,77,57,5,2,4651,2,-2.502197596178573,0.4836361098099889
10888,1961,Graduation,Single,45938.0,0,0,2013-11-03,46,273,11,178,62,83,29,2,8,4,6,6,0,0,65,636,18,0,4442,3,0.5846611851999984,-0.4071794503591554
1277,1960,Graduation,Together,78468.0,0,0,2014-04-09,29,434,22,388,104,22,34,1,10,7,10,4,0,0,66,1004,27,0,4285,3,2.5970275210534406,-0.7531543081662123
9977,1973,Graduation,Divorced,78901.0,0,1,2013-09-17,99,321,11,309,33,26,34,3,9,3,5,4,0,0,53,734,17,1,4489,3,1.1621845079872506,0.29911053033043156
10196,1978,Graduation,Married,71427.0,2,0,2014-03-12,26,212,123,177,15,64,23,2,8,2,8,4,0,0,48,614,18,2,4313,0,0.5368510988191324,-0.2894941594491572
6384,1978,Graduation,Divorced,71022.0,0,1,2014-02-11,30,909,12,278,0,12,242,3,5,2,11,8,0,0,48,1453,18,1,4342,1,0.9392531399317223,0.5860720616378556
8029,1988,Master,Single,90247.0,0,0,2014-04-29,27,1184,32,352,21,16,16,1,3,4,7,1,0,1,38,1621,14,0,4265,3,3.0548416255704796,-1.509981109744525
968,1968,Master,Divorced,41335.0,1,0,2013-12-26,24,112,19,21,16,14,5,3,4,1,4,7,0,0,58,187,9,1,4389,0,-1.1758354296157176,-0.3875976744296809
6988,1986,Graduation,Married,71952.0,1,0,2013-01-10,93,656,80,455,52,107,93,2,8,4,8,4,0,0,40,1443,20,1,4739,3,1.8523711609349895,0.9924020469667779
4472,1970,PhD,Divorced,35682.0,1,0,2014-06-27,34,23,0,8,6,2,18,1,1,1,3,2,0,0,56,57,5,1,4206,0,-0.673863252920119,-2.392714642780451
6991,1951,Graduation,Divorced,43185.0,0,1,2013-04-10,88,537,6,42,16,6,30,2,9,3,6,8,0,0,75,637,18,1,4649,1,-0.26749176629809884,0.7538151316426032
3336,1948,PhD,Together,66375.0,0,1,2013-11-21,96,712,0,45,0,0,191,3,2,4,5,7,0,0,78,948,11,1,4424,1,0.16592039901521569,0.24429352722925893
4301,1971,Master,Married,35178.0,1,0,2013-01-10,10,23,1,13,2,2,18,1,1,1,2,7,0,1,55,59,4,1,4739,2,-1.5892728370249527,-0.408556810447901
1940,1986,Graduation,Married,25252.0,1,0,2013-07-12,26,1,3,4,2,2,6,1,1,0,2,8,0,0,40,18,3,1,4556,2,-2.078590784622497,-0.8596718104411043
1272,1965,Master,Single,55250.0,0,1,2012-10-21,49,664,58,83,32,0,66,4,7,5,10,5,0,0,61,903,22,1,4820,1,0.8299108406282713,1.7720462154163124
1388,1975,Graduation,Single,33249.0,1,0,2013-02-20,11,6,10,21,19,14,42,2,2,1,3,6,0,0,51,112,6,1,4698,2,-1.3674187755928644,-0.21568747682443087
1044,1953,Graduation,Together,58398.0,0,0,2013-05-14,44,299,5,201,21,21,49,3,5,4,8,4,0,0,73,596,17,0,4615,3,1.0383436316206354,0.1254735561540751
6969,1982,Graduation,Together,50272.0,1,0,2013-08-07,75,99,13,66,43,8,4,3,4,1,5,7,0,0,44,233,10,1,4530,0,-0.854601903553483,0.14697030076474804
10479,1975,PhD,Married,76618.0,0,0,2012-12-07,64,749,40,294,121,160,147,1,3,2,5,1,0,0,51,1511,10,0,4773,3,2.42193749797206,-0.37706169951439383
3619,1960,2n Cycle,Divorced,87305.0,0,0,2012-09-23,19,345,25,501,63,138,80,1,5,3,8,2,0,1,66,1152,16,0,4848,3,2.5678138848650796,0.09159219612256603
1715,1978,Graduation,Together,25851.0,1,0,2013-02-11,45,9,4,18,7,5,5,2,2,0,3,7,0,0,48,48,5,1,4707,2,-1.809711694270497,-0.12734497373885256
10159,1970,Graduation,Divorced,58710.0,0,1,2013-03-31,77,440,81,368,0,122,174,6,11,5,9,6,0,0,56,1185,25,1,4659,1,1.0207513449768093,2.393315332802899
1463,1958,Graduation,Single,45160.0,1,1,2014-03-29,9,8,2,5,3,0,3,1,1,0,2,7,0,0,68,21,3,2,4296,0,-1.933907198574836,-1.3004373617216871
5114,1965,Master,Married,74806.0,0,1,2012-12-19,1,670,9,249,0,28,9,2,5,4,5,4,0,0,61,965,14,1,4761,3,1.1179694625335297,0.5238872008547373
4990,1954,Graduation,Married,59111.0,0,0,2013-05-02,90,524,0,134,28,28,155,1,11,1,8,7,0,0,72,869,20,0,4627,3,1.1216098031877912,0.16454537806810132
4329,1984,PhD,Married,18988.0,1,0,2014-05-23,43,6,0,6,2,1,1,2,1,0,3,7,0,0,42,16,4,1,4241,0,-2.0634280299738816,-1.4690949658867065
10936,1965,Graduation,Married,72190.0,0,0,2013-02-13,79,597,166,597,172,166,249,1,5,6,4,3,0,0,61,1947,15,0,4705,3,2.661581116047625,0.06469053435629976
4692,1976,Graduation,Married,7500.0,1,0,2012-08-01,19,7,0,12,13,7,32,5,4,1,2,9,0,1,50,71,7,1,4901,2,-2.641384277693305,1.6145484709958076
7212,1966,Graduation,Married,44794.0,0,1,2014-06-08,99,54,0,7,0,0,4,1,2,0,3,6,0,0,60,65,5,1,4225,0,-1.1165396687363511,-1.7308444805599836
6086,1955,Graduation,Married,80395.0,0,0,2013-11-23,62,445,25,706,80,76,48,1,6,5,12,2,0,0,71,1380,23,0,4422,3,3.046627738022145,-0.6399849150162441
437,1976,Master,Divorced,75012.0,0,0,2014-01-25,41,294,142,218,164,58,151,1,3,8,11,1,0,0,50,1027,22,0,4359,3,2.7327604636111817,-1.1471825497665595
11171,1965,Master,Married,56962.0,2,1,2013-10-11,60,292,3,77,10,3,26,7,6,3,5,7,0,0,61,411,14,3,4465,1,-1.5382350158533296,2.166635842670808
11101,1991,Graduation,Together,89891.0,0,0,2013-04-15,17,412,22,132,59,28,183,1,11,6,8,4,0,0,35,836,25,0,4644,3,2.5941167843459016,0.09864501454758344
5329,1949,PhD,Divorced,35946.0,1,1,2013-09-27,24,8,0,3,0,0,0,1,0,0,3,5,0,0,77,11,3,2,4479,0,-1.8058242776903242,-1.0817127544559648
610,1953,PhD,Together,53593.0,1,1,2012-08-07,60,349,4,78,6,0,43,8,7,2,6,8,0,0,73,480,15,2,4895,1,-1.2604170099150083,3.510653863753115
9384,1978,Graduation,Married,66373.0,1,1,2013-06-12,57,328,9,124,12,24,109,7,4,2,10,3,0,0,48,606,16,2,4586,1,0.10734811423199164,1.869151112762227
5956,1948,PhD,Divorced,45072.0,1,2,2013-10-16,74,144,2,99,7,2,30,5,6,1,4,8,0,0,78,284,11,3,4460,1,-2.1210245743760026,1.4127355234112815
10430,1973,Graduation,Divorced,89694.0,1,1,2013-10-09,22,1126,28,211,37,28,42,3,4,3,4,5,0,0,53,1472,11,2,4467,1,0.9733211214251681,0.625877248029873
7875,1949,Graduation,Married,72025.0,0,0,2014-04-29,46,967,0,617,43,50,0,1,4,8,13,2,0,1,77,1677,25,0,4265,3,3.219956577058678,-0.9217365257631615
7072,1973,Graduation,Married,67432.0,0,1,2013-03-29,69,432,79,341,177,136,170,2,8,5,4,4,0,0,53,1335,17,1,4661,3,1.462944481339121,0.5636124639555679
6255,1952,Master,Together,70545.0,0,1,2014-06-03,29,138,39,63,55,18,21,1,4,1,7,2,0,0,74,334,12,1,4230,0,0.7861390163819938,-1.7759162462071922
6516,1989,Basic,Married,17487.0,1,0,2013-03-18,37,0,0,1,7,4,6,1,1,0,2,7,0,0,37,18,3,1,4672,2,-2.080615504951957,-0.6918183086180284
5564,1969,Graduation,Together,62882.0,0,1,2012-08-09,26,509,133,497,78,24,97,2,7,5,6,4,0,0,57,1338,18,1,4893,3,1.4166736171386465,1.1680256511059848
5682,1953,PhD,Single,64108.0,0,1,2013-03-23,8,948,10,86,13,21,21,4,6,9,11,5,0,0,73,1099,26,1,4667,1,1.4301358906869648,1.6004655422742025
7458,1956,Master,Together,34941.0,1,1,2013-03-06,26,39,2,25,4,3,24,2,3,0,3,8,0,0,70,97,6,2,4684,2,-2.1436485618697625,0.333187054184335
5237,1950,PhD,Single,48767.0,1,2,2014-01-01,79,28,1,21,3,0,10,3,2,1,3,5,0,0,76,63,6,3,4383,0,-1.882472114447695,-0.10161557339932145
7761,1978,2n Cycle,Together,38702.0,1,0,2013-08-01,71,13,11,24,13,8,40,2,3,0,4,6,0,0,48,109,7,1,4536,0,-1.1679678002913658,-0.5183176062108686
5278,1964,Graduation,Married,82224.0,0,0,2014-01-25,83,307,26,360,138,31,40,1,6,9,5,3,0,0,62,902,20,0,4359,3,2.34181231927161,-0.955577497560985
3560,1952,Graduation,Together,83844.0,0,0,2013-05-12,57,901,31,345,75,31,191,1,4,4,11,1,0,0,74,1574,19,0,4617,3,3.202044348465596,-0.34499961888550523
7235,1975,2n Cycle,Married,17003.0,1,0,2013-12-09,37,2,5,12,4,8,7,3,2,0,4,5,0,0,51,38,6,1,4406,0,-1.6980212897737088,-0.8648135941528043
10548,1995,Graduation,Single,71163.0,0,0,2014-03-09,30,283,17,372,138,106,44,1,3,8,12,1,0,0,31,960,23,0,4316,3,2.6496493968217614,-1.2689546926592101
2281,1970,Graduation,Single,33697.0,1,0,2013-09-15,34,4,3,7,0,3,11,1,1,0,2,7,0,0,56,28,3,1,4491,2,-1.7086981216442882,-1.111831362708151
4073,1954,2n Cycle,Married,63564.0,0,0,2014-01-29,0,769,80,252,15,34,65,1,10,10,7,6,0,1,72,1215,27,0,4355,3,2.087272617636833,-0.3366862142544918
6974,1972,PhD,Together,83443.0,0,0,2013-12-31,89,518,42,742,55,56,84,1,6,10,5,2,0,0,54,1497,21,0,4384,3,3.0927809046225043,-0.7499018999546487
7938,1958,PhD,Together,51518.0,0,1,2013-10-03,92,350,8,66,17,4,4,2,3,2,10,3,0,0,68,449,15,1,4473,0,0.4198167380587816,-0.5046266539657042
7094,1975,Graduation,Widow,58330.0,0,1,2013-12-25,87,445,53,213,104,98,151,1,6,4,13,4,0,0,51,1064,23,1,4390,3,1.4868285728910882,-0.3310495127536852
3667,1969,Graduation,Married,80952.0,0,0,2013-02-28,20,778,178,689,41,27,44,1,8,5,11,8,0,1,57,1757,24,0,4690,3,2.411262997623576,0.9599864266241983
7723,1979,Graduation,Together,75507.0,0,0,2014-05-02,56,709,93,374,104,80,80,1,8,6,6,3,0,0,47,1440,20,0,4262,3,2.621989991322195,-1.088481374773201
3870,1978,2n Cycle,Together,63855.0,0,0,2013-02-09,28,359,35,314,93,116,89,1,7,3,13,4,0,0,48,1006,23,0,4709,3,2.0211840936036904,0.14606192386126005
4012,1972,PhD,Together,62220.0,0,1,2012-08-11,55,799,12,375,16,12,12,5,7,6,5,6,0,1,54,1226,18,1,4891,1,0.7617173243964501,2.379216062010887
5909,1964,Graduation,Married,58512.0,0,1,2013-09-19,25,895,10,101,13,0,152,5,3,4,8,8,0,0,62,1171,15,1,4487,1,0.08921089686379315,1.3367283839459059
10470,1979,Master,Married,40662.0,1,0,2013-03-15,0,40,2,23,0,4,23,2,2,1,3,4,0,0,47,92,6,1,4675,2,-0.881627071135947,-0.5150181308770893
6488,1959,PhD,Married,38829.0,0,1,2014-04-06,86,76,0,7,0,0,16,1,3,2,2,5,0,0,67,99,7,1,4288,0,-0.9313163812684148,-1.6224297857084518
10270,1981,2n Cycle,Married,35523.0,1,0,2013-10-03,8,11,5,22,12,5,11,2,3,0,3,7,0,0,45,66,6,1,4473,2,-1.52722959561828,-0.7068008177811026
6887,1967,Graduation,Single,79146.0,1,1,2014-04-24,33,245,16,223,21,43,16,2,8,1,8,6,0,0,59,564,17,2,4270,0,0.2711967205058129,-0.17914337422302326
6406,1988,Master,Married,78285.0,0,0,2013-10-28,13,647,107,391,175,67,40,1,6,4,10,3,0,0,38,1427,20,0,4448,3,2.6647559032299357,-0.6284260777366127
7573,1978,PhD,Single,31626.0,1,0,2013-05-10,12,39,1,9,2,1,34,1,2,1,2,7,0,1,48,86,5,1,4619,2,-1.5858553408005809,-0.6894641864212053
4508,1952,Graduation,Single,75127.0,0,0,2014-05-22,92,203,35,305,46,17,227,1,2,11,5,1,0,0,74,833,18,0,4242,3,2.336065941385828,-1.653566902224968
221,1955,Graduation,Married,48726.0,0,1,2013-04-27,90,138,3,38,4,0,59,3,3,2,4,6,0,0,71,242,9,1,4632,2,-0.770469259467032,0.26511606432171236
5331,1977,Graduation,Married,74985.0,0,0,2012-09-11,8,587,51,898,247,0,86,1,3,6,7,2,0,0,49,1869,16,0,4860,3,2.8746093322516346,0.30862083820400443
1911,1987,Graduation,Together,67430.0,0,0,2012-09-05,6,595,97,291,127,133,121,1,11,5,12,6,0,0,39,1364,28,0,4866,3,2.3711201305810716,1.1587114205603852
20,1965,2n Cycle,Married,46891.0,0,1,2013-09-01,91,43,12,23,29,15,61,1,2,1,4,4,0,0,61,183,7,1,4505,0,-0.5053850782435131,-1.094649880199697
8786,1956,Master,Married,62058.0,0,1,2013-05-26,52,301,7,74,10,0,58,4,6,1,7,6,0,0,70,450,14,1,4603,1,-0.06556988710566572,0.8243863799147448
10582,1979,Graduation,Married,72063.0,0,1,2013-07-03,3,180,32,348,76,32,90,2,5,2,12,2,0,0,47,758,19,1,4565,3,1.5368236367838888,-0.10684227482556707
1915,1951,PhD,Married,78939.0,0,0,2013-12-12,57,794,115,243,150,0,205,1,8,5,6,3,0,0,75,1507,19,0,4403,3,2.69435088583645,-0.7156856486891717
8897,1965,Graduation,Single,42720.0,1,1,2013-04-24,9,392,5,91,28,26,112,8,7,3,7,8,0,1,61,654,17,2,4635,1,-1.25705482212167,2.859795483715337
2371,1972,Graduation,Married,33622.0,1,1,2013-04-13,22,39,1,22,3,4,12,3,2,0,4,7,0,0,54,81,6,2,4646,2,-2.0925754083105437,0.4165516242461184
4303,1957,PhD,Together,6835.0,0,1,2012-12-08,76,107,2,12,2,2,12,0,0,0,1,20,0,0,69,137,1,1,4772,2,-4.460052450537084,0.8199154470610296
6825,1953,Graduation,Together,41452.0,1,1,2013-03-06,86,13,0,3,0,0,0,1,1,0,2,7,0,0,73,16,3,2,4684,2,-1.992742068973855,-0.18736484133477657
1072,1965,PhD,Single,40760.0,0,1,2013-08-30,64,70,0,17,0,0,6,2,2,1,3,6,0,0,61,93,6,1,4507,0,-1.2002432563954426,-0.646521459392753
4964,1958,PhD,Together,74250.0,0,0,2014-01-26,90,680,11,392,75,0,0,1,2,11,4,1,0,0,68,1158,17,0,4358,3,2.5214224252877764,-1.2800349882192552
2461,1955,Master,Single,51124.0,1,1,2013-12-18,79,26,1,11,0,1,4,2,1,0,3,3,0,0,71,43,4,2,4397,0,-1.09231319526209,-1.0454656821015946
10736,1971,Graduation,Single,72258.0,0,1,2013-09-12,28,522,0,522,227,120,134,2,6,9,5,2,0,0,55,1525,20,1,4494,3,2.241047491121073,0.041207593872347556
3194,1974,PhD,Single,71466.0,0,0,2014-04-05,86,412,12,546,78,182,0,1,4,4,10,1,0,0,52,1230,18,0,4289,3,2.5783353362003014,-1.411543957058684
10839,1976,Graduation,Together,36283.0,1,1,2014-04-14,42,6,5,5,8,0,5,2,1,0,3,4,0,0,50,29,4,2,4280,0,-1.6222367462676575,-1.3434265273666242
49,1970,Graduation,Single,20587.0,1,0,2014-05-11,39,2,3,6,4,1,9,1,1,1,2,7,0,0,56,25,4,1,4253,0,-1.9478433224010905,-1.7571060080344683
4290,1972,Graduation,Married,30467.0,1,0,2014-03-19,8,1,3,8,2,5,5,1,1,0,2,7,0,0,54,24,3,1,4306,0,-1.796083528035741,-1.6535748088040527
10219,1972,Graduation,Together,31590.0,1,0,2013-06-18,40,6,2,15,6,6,3,1,1,0,3,8,0,0,54,38,4,1,4580,2,-1.8506098619665978,-0.7009725744393766
4211,1986,Basic,Married,20425.0,1,0,2012-10-29,5,4,12,5,3,16,17,2,2,0,3,7,0,0,40,57,5,1,4812,2,-1.9354317692995355,0.09156085854644455
1135,1960,Master,Together,17144.0,1,1,2014-02-15,96,18,2,19,0,2,6,5,3,0,4,7,0,0,66,47,7,2,4338,0,-2.560166168403675,0.2859892567157359
6299,1968,PhD,Divorced,42564.0,0,1,2013-01-02,28,324,48,186,39,18,198,6,6,8,4,7,0,1,58,813,18,1,4747,1,-0.27574241655768467,2.187317858411924
10846,1978,Master,Married,43783.0,1,0,2014-05-29,22,327,9,125,25,4,139,6,7,1,8,7,0,0,48,629,16,1,4235,1,-0.5362776439080371,0.65285258694072
347,1976,Graduation,Divorced,40780.0,0,1,2012-09-08,30,229,27,71,13,3,34,4,7,1,5,9,0,0,50,377,13,1,4863,2,-1.1801130225596463,1.714690329507816
6543,1945,Master,Together,62847.0,0,0,2013-01-15,45,521,168,706,80,76,61,1,3,6,4,2,0,0,81,1612,13,0,4734,3,2.207168209125614,-0.26477472782306494
10446,1957,PhD,Married,82017.0,0,0,2012-11-07,58,184,23,446,30,23,23,1,5,4,7,2,0,1,69,729,16,0,4803,3,2.110997675877986,-0.15448351628905785
3479,1950,Graduation,Single,16813.0,0,0,2013-07-19,49,4,8,11,12,2,13,1,2,0,3,7,0,0,76,50,5,0,4549,2,-1.4729246836169336,-1.229781920979795
11075,1978,Graduation,Married,51267.0,1,1,2013-10-29,37,183,2,64,7,2,12,4,3,3,5,4,0,0,48,270,11,2,4447,0,-0.7860713651163708,0.214777882757863
4442,1961,Graduation,Single,46524.0,0,1,2013-04-05,70,31,19,35,26,14,52,2,1,1,5,3,0,0,65,177,7,1,4654,0,-0.4263503150013543,-0.5192767649806528
199,1962,Master,Single,45183.0,0,0,2013-01-20,33,219,3,60,12,9,12,1,4,1,7,7,0,0,64,315,12,0,4729,2,-0.17065620141741622,-0.23624476288569599
6722,1954,PhD,Married,70421.0,0,1,2014-06-28,98,479,28,136,75,14,35,3,10,3,7,6,0,0,72,767,20,1,4205,3,0.843825303271273,-0.10534746857250686
796,1965,2n Cycle,Divorced,60161.0,0,1,2012-10-23,17,584,44,212,46,8,177,3,11,4,8,8,0,0,61,1071,23,1,4818,1,0.6994043234166368,1.902811313346015
3749,1973,Graduation,Together,73926.0,0,0,2013-03-02,54,627,91,597,159,91,15,1,6,5,12,3,0,0,53,1580,23,0,4688,3,2.897563162816955,0.23417769581162817
8523,1968,Graduation,Married,19329.0,1,0,2013-12-14,39,24,1,16,12,2,5,3,4,0,3,8,0,0,58,60,7,1,4401,0,-2.0700439926244414,-0.4399627253277304
310,1970,Master,Married,61872.0,0,1,2013-12-13,81,330,5,159,36,27,16,4,4,4,9,4,0,0,56,573,17,1,4402,1,0.5639198697682409,0.24422838617327963
8629,1956,Graduation,Widow,46984.0,1,1,2013-03-26,71,19,1,10,2,1,8,1,1,0,3,5,0,0,70,41,4,2,4664,0,-1.450522450202505,-0.4299461930344275
236,1951,Graduation,Married,34838.0,1,1,2013-01-19,62,28,23,29,29,14,47,3,2,1,4,6,0,0,75,170,7,2,4730,2,-1.7464782793847424,0.6438077476544078
9930,1944,PhD,Single,82716.0,0,0,2013-11-05,8,606,148,228,15,148,22,1,6,8,13,2,0,0,82,1167,27,0,4440,3,3.1615029016742655,-0.534160585889029
3483,1958,Graduation,Married,48192.0,0,0,2013-04-06,76,1039,43,204,153,58,29,3,2,8,12,8,0,1,68,1526,22,0,4653,3,1.2220310551534144,1.2674173707148242
4599,1976,Master,Married,49681.0,0,2,2013-11-04,66,411,0,26,0,0,21,6,7,1,7,7,0,0,50,458,15,2,4441,1,-1.0585031090033508,1.4953976775691578
7326,1971,Master,Married,56850.0,0,1,2014-03-23,83,34,1,19,2,7,0,1,1,1,3,2,0,0,55,63,5,1,4302,0,-0.17268606270640124,-1.9900122492837629
7352,1957,Graduation,Married,55267.0,0,1,2013-10-21,28,161,28,136,32,3,45,4,3,4,6,3,0,0,69,405,13,1,4455,0,0.17716797392873648,-0.0632990076450412
2350,1972,Graduation,Married,59666.0,1,1,2013-03-22,87,623,53,178,23,17,133,7,3,2,8,8,0,0,54,1027,13,2,4668,1,-0.7225635642268284,2.727519624809626
9145,1972,Graduation,Single,72504.0,0,1,2013-04-06,43,604,26,470,123,161,94,2,5,9,6,2,0,0,54,1478,20,1,4653,3,2.215140364967554,0.4707237465639203
2964,1981,Graduation,Married,26872.0,0,0,2013-10-16,0,3,10,8,3,16,32,1,1,1,2,6,0,0,45,72,4,0,4460,2,-1.137072543858923,-1.6443655707630325
5585,1972,Graduation,Single,21359.0,1,0,2013-04-20,1,12,2,17,6,1,10,2,2,0,3,8,0,1,54,48,5,1,4639,2,-2.094638093454613,-0.25341340697626696
9687,1975,Graduation,Single,73170.0,0,0,2014-05-31,1,184,174,256,50,30,32,1,5,4,6,2,0,0,51,726,15,0,4233,3,1.8180764204689277,-1.835517622988387
3732,1955,Master,Married,52750.0,0,1,2013-02-04,72,393,0,239,90,69,69,6,5,7,9,4,0,0,71,860,21,1,4714,1,0.7026988192879979,1.9683493530933305
6303,1986,PhD,Together,91820.0,0,0,2013-11-23,72,410,73,747,76,161,30,0,5,5,12,1,0,0,40,1497,22,0,4422,3,3.583407483528606,-1.0365188715227145
11176,1970,PhD,Together,65968.0,0,1,2014-05-12,12,376,9,83,19,4,4,2,5,4,7,3,0,0,56,495,16,1,4252,3,0.8211823773347661,-1.0673451824476976
2986,1976,Graduation,Married,30772.0,1,1,2014-03-12,89,7,2,4,2,1,4,1,1,0,2,6,0,0,50,20,3,2,4313,0,-2.068242505619496,-1.350303849895796
7462,1954,Graduation,Single,22507.0,0,0,2012-11-24,67,68,0,226,51,157,68,3,10,2,4,9,0,0,72,570,16,0,4786,2,-0.6949519647595735,1.0308111161085711
3900,1972,Graduation,Married,65685.0,0,1,2014-03-29,54,642,14,49,0,7,57,1,9,2,9,5,0,0,54,769,20,1,4296,3,1.0412494516155093,-0.7038746106809962
7034,1978,2n Cycle,Married,25804.0,1,0,2013-09-01,34,8,7,9,13,6,12,2,2,0,3,8,0,0,48,55,5,1,4505,2,-1.9805824382424868,-0.5567051642314068
9493,1980,PhD,Single,76412.0,0,0,2013-05-05,15,840,53,804,23,71,17,1,5,4,8,3,0,1,46,1808,17,0,4624,3,2.749270504606481,-0.16435695913743023
1143,1972,Graduation,Married,22063.0,1,0,2013-08-08,43,7,10,13,3,11,11,2,2,0,3,7,0,0,54,55,5,1,4529,2,-1.8934935913232174,-0.6220966677763579
1,1961,Graduation,Single,57091.0,0,0,2014-06-15,0,464,5,64,7,0,37,1,7,3,7,5,0,1,65,577,17,0,4218,3,0.9502472893617354,-1.5310092860014421
3855,1963,Graduation,Married,22419.0,0,0,2013-04-18,74,30,3,47,19,21,42,1,3,2,2,8,0,0,63,162,7,0,4641,2,-1.2871534434868703,-0.6771502692731223
5536,1959,Graduation,Together,87771.0,0,1,2013-05-22,61,1492,38,287,50,57,33,1,5,10,4,6,0,1,67,1957,19,1,4607,3,2.293817548419786,0.7228506651465798
5989,1959,2n Cycle,Divorced,78353.0,0,1,2013-04-16,51,752,122,476,39,153,34,1,10,2,11,8,0,0,67,1576,23,1,4643,3,1.6799482212207943,1.0682340948865516
9499,1954,Graduation,Married,93404.0,1,2,2013-05-07,97,1279,15,287,20,0,15,3,3,4,7,5,0,0,72,1616,14,3,4622,1,0.9216200212929984,1.6468037079610223
6768,1962,Graduation,Divorced,37859.0,1,2,2013-01-12,75,22,1,8,2,1,2,2,1,0,3,8,0,0,64,36,4,3,4737,2,-2.707420841287279,0.7496942372390909
2150,1958,PhD,Widow,80995.0,0,1,2013-05-11,83,860,28,409,73,56,56,1,8,9,4,4,0,0,68,1482,21,1,4618,3,2.2206547385469726,0.4262123177028559
6646,1984,Graduation,Together,16529.0,1,0,2014-03-01,23,3,0,5,13,0,1,1,1,0,3,6,0,0,42,22,4,1,4324,0,-1.8770068453878974,-1.726068673913648
4887,1976,PhD,Divorced,55412.0,1,1,2013-11-22,65,10,5,28,11,1,8,1,2,0,3,5,0,0,50,63,5,2,4423,0,-1.1839164639444388,-0.9975950052014313
8560,1992,Graduation,Single,48789.0,0,0,2012-09-10,94,351,16,156,7,5,145,1,6,4,7,6,0,0,34,680,17,0,4861,3,0.7164723465787175,0.4303227353652091
3321,1967,PhD,Together,56575.0,0,2,2013-05-05,42,421,5,90,0,16,10,3,7,3,7,5,0,0,59,542,17,2,4624,1,-0.1541730919591428,0.8839258486702758
11003,1980,2n Cycle,Together,25130.0,1,0,2013-10-02,10,2,5,7,0,18,18,2,2,0,3,7,0,0,46,50,5,1,4474,2,-1.8387372150707415,-0.7958447541240707
10402,1967,Graduation,Married,35441.0,1,1,2013-02-14,94,25,1,9,2,1,1,2,1,0,3,8,0,0,59,39,4,2,4704,2,-2.28599866243689,0.3538714604556742
9904,1956,Graduation,Married,71391.0,0,1,2013-03-29,50,336,123,274,46,123,141,5,6,5,12,3,0,0,70,1043,23,1,4661,1,1.636741250939078,1.582354961937039
6141,1972,Master,Single,49494.0,1,0,2013-04-25,46,191,9,97,0,6,82,2,6,1,5,7,0,0,54,385,12,1,4634,2,-0.5547557580461542,0.20919959610280925
5687,1980,Graduation,Divorced,81702.0,0,0,2012-09-23,98,563,50,774,28,31,187,1,7,7,12,3,0,0,46,1633,26,0,4848,3,3.322948419571402,0.9004285459581629
10856,1980,2n Cycle,Single,45889.0,0,1,2013-07-02,42,31,0,6,0,1,8,1,1,0,3,6,0,0,46,46,4,1,4566,2,-1.1816235499438785,-0.9234081881842512
5121,1977,Graduation,Single,56628.0,0,1,2014-03-21,30,479,5,82,7,17,171,2,7,6,5,5,0,0,49,761,18,1,4304,3,0.622906681224443,-0.5143681824756148
4186,1950,Graduation,Together,34026.0,1,1,2013-08-05,11,18,6,15,12,8,17,3,2,1,3,5,0,0,76,76,6,2,4532,0,-1.754976162398094,-0.15165242488433933
368,1974,Graduation,Married,40049.0,0,1,2012-11-29,61,91,65,52,10,44,28,3,3,2,6,5,0,0,52,290,11,1,4781,2,-0.6385226298330332,0.5809120187308444
3312,1988,Graduation,Single,34176.0,1,0,2014-05-12,12,5,7,24,19,14,20,4,3,0,4,6,0,0,38,89,7,1,4252,0,-1.455143642967088,-0.7229273430256405
11121,1981,Graduation,Married,19419.0,1,0,2012-11-10,76,2,14,28,16,3,7,4,4,0,3,9,0,0,45,70,7,1,4800,2,-2.2838225416094833,1.1293525220475755
5332,1960,2n Cycle,Married,82504.0,0,0,2013-07-27,2,362,50,431,134,35,54,1,3,6,7,1,0,0,66,1066,16,0,4541,3,2.54686012575363,-0.928004663070273
5848,1970,Graduation,Together,81205.0,0,0,2014-01-13,43,724,74,929,97,55,130,1,5,6,7,2,0,1,56,2009,18,0,4371,3,3.2592677113378916,-0.8042081430920606
10343,1991,2n Cycle,Single,61618.0,0,0,2012-09-29,27,605,91,399,0,45,205,2,3,6,8,3,0,0,35,1345,17,0,4842,3,1.967555579401356,0.5400719607039497
5935,1956,Master,Single,55284.0,0,1,2012-12-24,60,547,7,140,0,7,63,3,7,5,8,5,0,0,70,764,20,1,4756,1,0.6650287820333345,1.1476997773647304
2895,1963,Graduation,Single,49980.0,0,1,2013-10-23,79,104,1,54,13,9,14,2,3,1,5,5,0,0,63,195,9,1,4453,0,-0.545183693911989,-0.6902194770872274
10262,1980,Graduation,Married,15072.0,2,0,2013-05-10,96,8,2,15,0,10,18,4,3,1,3,5,0,0,46,53,7,2,4619,2,-2.186814998749822,0.4614313329573907
7848,1974,Graduation,Single,49166.0,0,1,2013-06-13,17,224,2,25,7,0,110,2,5,3,3,6,0,0,52,368,11,1,4585,2,-0.4799501863573114,-0.13201857809411782
9477,1954,PhD,Married,65324.0,0,1,2014-01-11,0,384,0,102,21,32,5,3,6,2,9,4,0,0,72,544,17,1,4373,3,0.6668254117030752,-0.24514653592947555
4856,1957,2n Cycle,Married,82347.0,0,0,2012-11-06,38,556,54,845,202,133,63,1,7,7,10,3,0,0,69,1853,24,0,4804,3,3.3734109152230336,0.7034064756302961
7186,1966,PhD,Together,30843.0,1,1,2014-05-26,43,24,0,2,0,0,9,2,1,1,2,5,0,0,60,35,4,2,4238,0,-1.9099790290064678,-1.3513718395268555
5794,1974,PhD,Married,46374.0,0,1,2014-03-17,1,408,0,21,0,0,17,3,7,1,7,8,0,1,52,446,15,1,4308,0,-0.6462927838952373,-0.1241825416713533
1456,1979,Graduation,Single,60474.0,0,1,2013-04-01,25,265,199,303,234,9,170,7,10,2,12,7,0,0,47,1180,24,1,4658,1,0.7362427472248348,2.743228411884875
4877,1973,Master,Married,38576.0,0,1,2014-03-04,2,34,0,7,0,0,0,1,1,0,3,7,0,0,53,41,4,1,4321,0,-1.5364694181858767,-1.5350152280371097
425,1985,Graduation,Married,55357.0,2,0,2013-02-19,66,374,64,116,84,25,64,3,6,2,11,5,0,0,41,727,19,2,4699,1,0.10510140550988213,1.2621424025790344
3007,1966,Graduation,Together,37758.0,1,1,2012-10-04,49,27,2,10,0,0,1,2,1,0,3,8,0,0,60,40,4,2,4837,2,-2.243675518850706,0.6719389411837609
1031,1989,2n Cycle,Married,85710.0,0,0,2013-05-05,5,600,20,350,29,30,33,1,6,9,10,2,0,0,37,1062,25,0,4624,3,3.018876198407128,-0.15668645080733282
4297,1969,Graduation,Together,23228.0,1,0,2014-01-26,71,13,2,18,6,1,0,2,2,0,3,8,0,0,57,40,5,1,4358,0,-2.04289093049439,-0.9272667648747389
807,1969,Master,Together,44602.0,1,1,2014-02-15,35,167,2,89,0,0,34,6,6,1,4,8,0,0,57,292,11,2,4338,1,-1.7428815799513204,1.0482982103155558
9553,1987,Graduation,Married,7500.0,0,0,2013-01-09,94,0,2,3,4,1,5,1,0,0,3,6,0,0,39,15,3,0,4740,2,-1.6539711480284862,-0.9314523429214587
4271,1989,2n Cycle,Together,38683.0,1,0,2012-10-04,80,46,35,69,84,41,66,6,4,1,6,7,0,0,37,341,11,1,4837,1,-1.1774543086352063,1.990618937034039
4120,1975,2n Cycle,Single,49514.0,1,0,2013-12-17,61,88,39,78,58,13,93,2,6,1,4,7,0,0,51,369,11,1,4398,0,-0.6302669057143523,-0.4603510117675002
2036,1973,PhD,Together,57906.0,0,1,2013-06-11,29,243,11,119,10,3,15,3,4,2,8,4,0,0,53,401,14,1,4587,1,0.20354727499061848,0.14699176601007952
115,1966,Master,Single,43456.0,0,1,2013-03-26,0,275,11,68,25,7,7,3,5,1,8,5,0,0,60,393,14,1,4664,2,-0.3069113793109203,0.38394103398256685
4259,1986,Master,Single,19485.0,2,0,2013-09-24,80,6,0,4,0,0,0,1,1,0,2,7,0,0,40,10,3,2,4482,0,-2.5011229217497255,-0.8310226216198435
8687,1978,Graduation,Together,53172.0,0,1,2013-05-06,54,121,62,90,68,20,125,3,2,3,8,3,0,0,48,486,13,1,4623,1,0.27967007305611563,0.11161656917481015
2447,1979,Graduation,Together,30545.0,1,0,2012-10-17,71,4,12,15,19,7,12,2,2,0,3,7,0,0,47,69,5,1,4824,2,-1.6763053325803265,0.24326190050240679
10140,1983,PhD,Together,70123.0,0,0,2013-09-28,27,1308,0,396,23,0,0,1,5,7,4,3,0,0,43,1727,16,0,4478,3,2.477884434216539,-0.643553654103169
9353,1959,Graduation,Single,62450.0,0,1,2014-01-06,61,515,47,267,62,66,38,2,5,5,4,3,0,0,67,995,14,1,4378,3,1.0424824491951388,-0.6060140192712343
3623,1976,Graduation,Together,21675.0,1,0,2014-06-11,55,4,0,16,17,4,4,3,4,0,3,7,0,0,50,45,7,1,4222,0,-1.8586028899079456,-1.0241006970671824
738,1981,2n Cycle,Single,42395.0,1,1,2014-04-04,35,48,13,57,24,15,25,4,3,1,4,7,0,0,45,182,8,2,4290,0,-1.7592113646288448,-0.03990622254157821
7631,1978,Master,Together,61346.0,1,0,2013-10-06,34,562,58,168,43,16,142,1,5,7,10,3,0,0,48,989,22,1,4470,3,1.5849053598389653,-0.35779911564187
4789,1953,Graduation,Together,80812.0,0,0,2013-09-17,95,769,22,500,210,143,33,1,4,8,5,2,0,0,73,1677,17,0,4489,3,2.9316440769606587,-0.5905632249458105
773,1971,Master,Divorced,42835.0,1,1,2013-06-30,64,379,4,93,12,9,98,7,6,6,4,6,0,0,55,595,16,2,4568,1,-0.9404067947726242,2.1005906575322952
10602,1983,Graduation,Married,39922.0,1,0,2013-02-14,30,29,12,59,19,1,36,2,3,0,4,8,0,0,43,156,7,1,4704,2,-1.448679571428127,0.15878776064712002
1446,1956,Master,Single,86424.0,0,0,2014-04-05,12,387,68,569,89,45,68,1,6,9,12,1,0,0,70,1226,27,0,4289,3,3.461580174820074,-1.024996347311814
3270,1978,2n Cycle,Together,17117.0,1,0,2013-01-17,96,12,23,38,30,18,7,4,3,1,3,9,0,0,48,128,7,1,4732,2,-2.283606009468396,0.9789984826716095
8443,1972,Graduation,Single,24762.0,1,0,2014-02-10,16,6,10,12,3,15,40,3,3,1,2,8,0,1,54,86,6,1,4343,0,-1.9964781283758752,-0.6354993222851253
9653,1975,Graduation,Married,35797.0,0,1,2012-10-16,16,27,1,14,4,1,21,2,2,0,3,8,0,0,51,68,5,1,4825,2,-1.7431280678004482,0.3307962491796902
8916,1975,Graduation,Divorced,36627.0,2,0,2013-07-23,78,9,1,5,0,0,1,1,0,0,3,5,0,0,51,16,3,2,4545,0,-1.769171537010478,-0.8394918414305619
8017,1981,2n Cycle,Married,51111.0,1,1,2014-06-19,83,22,0,19,6,5,3,2,2,0,3,6,0,0,45,55,5,2,4214,0,-1.5280410005058314,-1.1107985247190706
5830,1972,PhD,Single,86857.0,0,0,2012-09-12,96,899,102,838,133,102,40,1,5,6,10,2,0,1,54,2114,21,0,4859,3,3.6874545795989175,0.7643343412643322
4597,1970,PhD,Together,82072.0,0,0,2013-07-02,67,889,55,685,168,92,129,1,3,2,13,1,0,0,56,2018,18,0,4566,3,3.4656138688252884,-0.3703249760498668
7023,1953,PhD,Single,46231.0,2,1,2012-11-26,87,189,2,55,0,5,12,4,6,1,4,9,0,0,73,263,11,3,4784,1,-2.1986104138470157,2.0959375250937518
8086,1959,Graduation,Married,42243.0,1,1,2013-12-11,34,48,0,2,0,0,5,2,2,0,3,7,0,0,67,55,5,2,4404,0,-1.9093131307740763,-0.5659126480175003
8825,1962,Graduation,Together,51195.0,1,1,2013-04-01,46,230,14,156,82,24,58,8,9,2,5,8,0,0,64,564,16,2,4658,1,-1.1907016052790238,2.9214631747040865
2930,1978,Master,Single,68092.0,0,0,2013-12-16,7,852,60,207,78,36,48,2,2,6,10,5,0,0,48,1281,18,0,4399,3,1.7738474250696081,-0.37584169837516057
1928,1973,Graduation,Married,31814.0,1,0,2013-02-09,73,35,3,20,4,1,20,2,2,0,3,9,0,0,53,83,5,1,4709,2,-1.975118213969025,0.1949537942421774
7108,1965,Master,Widow,51390.0,1,1,2012-09-08,54,205,20,47,23,2,56,6,5,2,5,5,0,0,61,353,12,2,4863,1,-0.954392887034674,2.204004354298801
10925,1983,Graduation,Married,76630.0,0,0,2014-01-14,93,255,31,446,40,56,175,1,3,10,11,1,0,0,43,1003,24,0,4370,3,2.8917840104040264,-0.9707212889417015
9960,1991,Basic,Single,26868.0,1,0,2014-04-30,52,0,0,1,8,3,2,1,1,0,2,7,0,0,35,14,3,1,4264,0,-1.873629455667106,-1.7361690992901186
8800,1943,PhD,Divorced,48948.0,0,0,2013-02-01,53,437,8,206,160,49,42,2,7,10,5,6,0,1,83,902,22,0,4717,3,1.131254306727708,0.6268751533335792
9224,1972,PhD,Single,55260.0,0,1,2012-12-12,81,825,8,53,11,0,242,2,8,10,5,6,0,0,54,1139,23,1,4768,1,1.072851495693399,1.267855190653668
5519,1956,Graduation,Together,64090.0,0,1,2013-08-07,8,316,58,161,76,51,135,1,6,9,4,5,0,1,70,797,19,1,4530,3,0.9552155547892758,-0.1672045930977881
5046,1958,Graduation,Divorced,78331.0,0,1,2014-01-23,97,756,138,354,160,169,61,2,10,6,7,4,0,0,68,1638,23,1,4361,3,2.3417946899175663,0.2090338086471658
7037,1974,PhD,Married,37087.0,1,0,2013-08-11,50,194,55,134,15,0,3,3,4,2,8,6,0,0,52,401,14,1,4526,0,-0.601217100161066,0.16878071628455657
905,1986,Graduation,Divorced,21846.0,1,0,2013-10-22,38,7,17,18,6,10,26,4,4,0,3,8,0,0,40,84,7,1,4454,2,-2.0655248437909024,0.04597751005999314
8624,1958,Graduation,Married,81320.0,0,0,2013-02-06,61,183,33,493,59,103,57,1,4,3,10,2,0,0,68,928,17,0,4712,3,2.3213204468261295,-0.2848742115401099
8945,1970,Graduation,Divorced,54137.0,0,1,2013-08-16,46,171,0,11,0,1,20,2,4,1,4,6,0,0,56,203,9,1,4521,0,-0.6217979993517969,-0.39928668838658576
6445,1967,Graduation,Together,66825.0,0,0,2013-07-14,73,243,101,405,29,40,40,1,4,5,6,2,0,0,59,858,15,0,4554,3,1.8094084609607697,-0.871933691986626
2727,1973,Graduation,Together,57100.0,0,0,2013-12-04,19,181,21,69,39,3,96,1,3,3,6,3,0,0,53,409,12,0,4411,3,0.8428194563560135,-1.5240692478154891
6404,1969,Graduation,Together,58917.0,1,2,2013-03-24,10,151,7,89,0,7,28,5,4,1,6,5,0,0,57,282,11,3,4666,1,-1.3174698966520297,1.579498133179072
11074,1977,Graduation,Single,85072.0,0,0,2014-04-09,94,494,92,391,194,11,241,1,3,4,10,0,0,0,49,1423,17,0,4285,3,3.1534854234750447,-1.460122880506971
10150,1961,Graduation,Single,86429.0,0,0,2013-11-21,10,464,28,873,29,18,37,0,7,4,7,2,0,1,65,1449,18,0,4424,3,2.9815471999161014,-1.1958193465998364
1968,1971,Graduation,Widow,45684.0,1,0,2013-12-02,37,5,1,5,10,0,7,1,1,0,2,7,0,0,55,28,3,1,4413,0,-1.4372561756304945,-1.2688243056798416
6534,1974,Graduation,Together,47889.0,1,0,2014-01-04,94,29,0,29,0,5,4,1,2,0,3,5,0,0,52,67,5,1,4380,0,-0.8746720790566124,-1.4300502265679484
9485,1986,PhD,Married,45921.0,0,0,2014-03-10,23,102,9,49,24,3,12,1,2,1,6,4,0,0,40,199,9,0,4315,0,0.05763597240058272,-1.908609758998833
7053,1966,PhD,Single,78420.0,0,0,2013-06-29,75,604,28,674,91,28,28,1,3,10,8,1,0,0,60,1453,21,0,4569,3,3.1105633846801455,-0.4278884846539598
4654,1992,Graduation,Together,75114.0,0,0,2013-11-07,40,571,12,523,63,60,24,1,3,10,5,2,0,0,34,1253,18,0,4438,3,2.500035629645591,-0.913883409771258
9760,1963,PhD,Widow,52278.0,0,1,2013-01-25,24,953,0,71,0,0,174,6,10,5,10,8,0,1,63,1198,25,1,4724,1,0.5332374340695418,2.7362982564143974
1048,1972,Master,Married,35641.0,1,0,2013-07-14,11,63,3,67,8,9,28,2,3,1,4,7,0,1,54,178,8,1,4554,2,-1.3037598070301128,-0.3554631397730861
10619,1994,Graduation,Single,95529.0,0,0,2012-12-03,29,770,29,890,250,27,24,1,7,3,7,3,0,1,32,1990,17,0,4777,3,3.3391919404594623,0.40531949638990367
9308,1954,Graduation,Married,62820.0,0,0,2013-05-11,51,398,61,265,138,61,53,1,3,4,6,1,0,0,72,976,13,0,4618,3,1.8525195513703803,-0.9150262695742123
10505,1960,Master,Together,73113.0,0,0,2013-12-26,86,741,19,154,50,9,28,1,3,4,7,2,0,0,66,1001,14,0,4389,3,2.0073561823199912,-1.2715676347121205
8362,1982,PhD,Married,84169.0,0,0,2013-08-07,9,1478,19,403,0,19,0,1,7,6,6,3,0,1,44,1919,19,0,4530,3,3.139542750048808,-0.2628713088877343
2625,1954,2n Cycle,Single,42607.0,0,1,2013-11-17,30,156,29,56,30,32,47,2,3,2,7,3,0,0,72,350,12,1,4428,0,-0.07248742518664832,-0.901853790887702
4637,1954,PhD,Single,74637.0,0,0,2013-05-18,73,960,64,464,146,0,16,1,6,9,9,3,0,0,72,1650,24,0,4611,3,3.0387717040817495,0.12046618990622913
9972,1955,PhD,Together,46015.0,1,1,2014-04-13,25,38,0,2,0,0,6,1,1,0,3,7,0,0,71,46,4,2,4281,0,-1.8262499198115238,-1.2655183142355348
4483,1993,Graduation,Single,72354.0,0,0,2013-04-17,67,315,26,473,220,12,182,1,2,10,6,1,0,0,33,1228,18,0,4642,3,2.597213770387013,-0.47923033440684065
4487,1969,Master,Single,39858.0,1,0,2013-01-24,67,15,20,25,2,7,26,1,2,0,4,6,0,1,57,95,6,1,4725,2,-1.1415640364061481,-0.3849072929959505
4988,1948,PhD,Married,34469.0,1,1,2014-05-04,58,19,6,20,0,5,12,3,1,1,4,4,0,0,78,62,6,2,4260,0,-1.5782860154054243,-0.959300771956113
8931,1986,Graduation,Together,83033.0,1,0,2014-05-18,82,812,99,431,237,149,33,1,11,4,10,5,0,0,40,1761,25,1,4246,3,2.573649256104443,-0.16564812049018726
5871,1979,Master,Together,24401.0,0,0,2012-08-31,98,73,28,217,10,24,115,3,6,1,6,8,0,0,47,467,13,0,4871,2,-0.7468799490122048,1.0057817981048234
2008,1978,Graduation,Married,77583.0,0,0,2014-02-10,93,372,23,384,250,12,108,1,4,5,9,2,0,0,48,1149,18,0,4343,3,2.4846256029284564,-1.136543522318097
3139,1982,2n Cycle,Single,74116.0,0,0,2013-12-30,53,871,111,704,145,55,166,1,4,4,10,2,0,0,44,2052,18,0,4385,3,3.13701674912281,-0.7699186483026433
10037,1993,Graduation,Single,74293.0,0,0,2014-05-04,66,375,152,335,93,91,81,1,5,4,6,2,0,0,33,1127,15,0,4260,3,2.1928050125598957,-1.547282481247096
10673,1976,PhD,Married,68397.0,0,1,2013-11-17,6,760,80,466,17,13,80,1,6,9,5,3,0,0,50,1416,20,1,4428,3,1.9602916620413944,-0.4157488812521642
5303,1974,PhD,Together,79632.0,0,0,2014-04-08,42,471,0,510,99,21,12,1,6,4,9,2,0,0,52,1113,19,0,4286,3,2.5486951588618916,-1.3052622395769982
538,1989,Graduation,Single,46107.0,1,0,2014-02-10,78,31,9,27,16,9,33,1,1,1,4,3,0,0,37,125,6,1,4343,0,-0.4718067020808932,-1.738414519652524
7922,1951,PhD,Single,64950.0,0,1,2012-08-12,29,819,0,72,12,0,63,2,11,2,10,7,0,0,75,966,23,1,4890,1,0.9682719820615244,1.6434067231326126
5692,1989,Basic,Married,25443.0,1,0,2012-12-22,82,1,4,3,8,9,7,1,1,0,3,8,0,0,37,32,4,1,4758,2,-1.979511248619105,-0.20263264461824673
4843,1952,Graduation,Single,75127.0,0,0,2014-05-22,92,203,35,305,46,17,227,1,2,11,5,1,0,0,74,833,18,0,4242,3,2.336065941385828,-1.653566902224968
6383,1971,PhD,Together,32892.0,1,0,2014-05-25,78,26,0,15,2,1,2,2,3,0,3,8,0,0,55,46,6,1,4239,0,-1.7554804793156893,-1.1524142482607798
1628,1971,Graduation,Together,71796.0,0,0,2013-10-24,54,354,21,311,167,75,32,1,9,3,4,4,0,0,55,960,16,0,4452,3,1.7241342633250891,-0.8174335959247937
1204,1970,PhD,Married,67536.0,0,1,2013-05-22,45,1253,0,447,23,71,35,3,11,5,11,8,0,0,56,1829,27,1,4607,1,1.7473093057290077,1.8399381763488032
3673,1971,Graduation,Single,55239.0,0,1,2013-07-14,59,371,17,238,23,24,106,3,7,5,11,5,0,0,55,779,23,1,4554,1,0.8623248408666812,0.7437591504743123
760,1975,PhD,Divorced,60554.0,1,0,2013-08-09,8,588,7,76,110,15,15,2,8,4,9,6,0,0,51,811,21,1,4528,3,0.7711973072715104,0.35840546660863526
8957,1952,2n Cycle,Single,64831.0,1,1,2013-06-10,51,480,86,249,75,86,144,8,6,3,5,6,0,0,74,1120,14,2,4588,1,-0.21291357374189807,2.6476893019720835
4128,1962,PhD,Together,56067.0,0,1,2013-07-20,51,517,12,54,16,6,120,2,7,4,7,5,0,0,64,725,18,1,4548,3,0.5909565859006203,0.15112690662440734
6810,1983,Graduation,Divorced,82025.0,0,0,2013-05-28,76,267,98,606,48,70,98,1,3,2,6,1,0,1,43,1187,11,0,4601,3,2.342155348156305,-0.8711418037747124
5386,1953,Graduation,Together,94384.0,0,0,2013-03-04,62,1111,24,790,160,45,172,0,5,8,5,2,0,1,73,2302,18,0,4686,3,3.8828684542138117,-0.10464401612776805
8700,1986,Basic,Single,14906.0,0,0,2012-12-22,86,7,7,14,7,16,15,3,2,1,3,7,0,0,40,66,6,0,4758,2,-1.5710883056140397,0.06823697130278017
3202,1987,PhD,Married,51563.0,0,0,2012-10-01,60,1166,0,48,0,0,36,1,4,4,10,8,0,0,39,1250,18,0,4840,3,0.9629411347048824,0.8390192471133417
1328,1982,2n Cycle,Married,57937.0,0,1,2014-02-16,56,261,42,144,55,48,133,3,4,4,9,3,0,0,44,683,17,1,4337,3,0.798342060880868,-0.38692214708315803
8405,1979,Graduation,Divorced,68274.0,1,1,2013-09-30,83,135,25,51,23,25,46,2,4,2,5,3,0,0,47,305,11,2,4476,0,-0.042794998582362416,-0.34919532558551253
6515,1977,Graduation,Together,39771.0,1,0,2013-12-06,92,6,2,18,2,8,14,1,2,0,3,4,0,0,49,50,5,1,4409,0,-0.9040002081738139,-1.5182176076110128
2882,1975,2n Cycle,Divorced,67893.0,0,1,2012-10-01,31,711,28,142,49,18,47,2,3,2,9,8,0,0,51,995,14,1,4840,1,0.3205722623509158,1.2496220994517793
7574,1979,PhD,Together,27922.0,1,0,2014-05-10,80,11,0,13,2,4,11,1,2,0,3,4,0,0,47,41,5,1,4254,0,-1.1863332082510503,-2.001094801984378
6387,1976,PhD,Together,52190.0,1,1,2014-05-08,39,42,0,17,0,0,18,3,2,1,3,5,0,0,50,77,6,2,4256,0,-1.3385806661891322,-0.7880328548209241
5320,1973,Master,Divorced,44051.0,1,1,2013-01-29,20,79,7,58,6,3,18,4,3,1,4,6,0,1,53,171,8,2,4720,2,-1.5589489608791445,0.9797377520086507
5048,1971,PhD,Single,42767.0,2,0,2013-05-11,53,20,6,43,19,5,38,1,3,1,2,8,0,0,55,131,6,2,4618,2,-1.8584360146619234,-0.09594911439393634
8146,1976,Master,Together,46106.0,1,1,2014-05-11,84,30,0,8,2,0,14,1,1,1,2,6,0,0,50,54,4,2,4253,0,-1.6317636878453161,-1.3967387556172297
10031,1976,PhD,Married,16927.0,1,1,2013-02-10,50,20,2,23,3,1,4,5,3,0,4,8,0,0,50,53,7,2,4708,2,-2.736343142706552,1.356775146799748
5748,1965,Graduation,Married,59754.0,0,1,2012-12-01,96,115,27,44,4,146,139,3,5,2,6,5,0,1,61,475,13,1,4779,1,0.09725756450777998,0.8507507592829326
2134,1952,Graduation,Single,53700.0,0,1,2012-08-17,94,263,5,233,69,41,83,4,5,5,8,5,0,0,74,694,18,1,4885,1,0.38444348636831666,1.7369299770021631
1523,1973,Graduation,Married,59041.0,1,1,2014-05-07,25,69,2,15,2,2,6,2,2,0,4,5,0,0,53,96,6,2,4257,0,-1.0988005344555738,-1.091538277492577
9665,1957,PhD,Divorced,54237.0,0,1,2013-04-27,48,267,3,30,4,0,57,4,5,2,5,6,0,0,69,361,12,1,4632,1,-0.44327622391477944,0.7441321479485398
4640,1967,Graduation,Divorced,70647.0,0,1,2012-09-21,65,561,85,171,25,123,114,2,4,7,13,2,0,0,59,1079,24,1,4850,3,2.107912901691097,1.0612404612300042
3635,1962,PhD,Single,52597.0,0,1,2014-05-07,69,492,0,37,7,0,42,3,6,3,8,5,0,0,64,578,17,1,4257,0,0.2556755672872132,-0.39733332128714627
3547,1969,Master,Together,41021.0,1,0,2012-12-30,12,14,7,9,6,16,12,2,2,0,3,6,0,1,57,64,5,1,4750,2,-1.2926491304364087,-0.10430550375888795
2456,1975,PhD,Married,40233.0,0,1,2013-10-14,84,80,4,46,0,17,2,5,2,1,5,6,0,0,51,149,8,1,4462,0,-1.2532401120430006,0.33926279588769653
5633,1980,Graduation,Married,50183.0,1,1,2014-06-25,47,97,12,84,13,10,15,7,3,1,6,5,0,0,46,231,10,2,4208,0,-1.2946242380852522,0.6204202540199328
7801,1959,Graduation,Together,54753.0,0,1,2013-09-12,87,197,107,227,7,59,131,3,5,2,11,4,0,0,67,728,18,1,4494,3,0.6693200911182546,0.24242675042767128
10489,1973,Graduation,Married,92955.0,0,0,2013-08-19,35,693,21,925,31,24,84,1,6,7,9,2,0,1,53,1778,22,0,4518,3,3.5890131145981106,-0.2671208013690868
7011,1973,Graduation,Married,33471.0,1,0,2012-10-12,47,43,2,27,0,9,12,3,3,0,4,7,0,0,53,93,7,1,4829,2,-1.543650506372596,0.6668103686712215
2620,1974,PhD,Married,34596.0,1,0,2013-04-13,48,14,0,2,0,0,7,1,1,0,2,8,0,1,52,23,3,1,4646,2,-1.8545087227845343,-0.5524630791914161
3933,1980,Graduation,Together,44010.0,1,0,2012-10-13,46,186,36,234,86,72,48,6,10,2,6,9,0,0,46,662,18,1,4828,1,-0.6980828743348741,2.6281555421853784
10981,1988,Graduation,Married,84219.0,0,0,2014-02-02,27,434,137,400,45,137,45,1,3,4,10,1,0,0,38,1198,17,0,4351,3,2.761650161698297,-1.3136902837308893
1734,1968,PhD,Together,40706.0,2,1,2013-01-17,37,59,0,11,4,2,5,4,3,0,4,7,0,0,58,81,7,3,4732,2,-2.404401518028928,1.3841729094085669
10995,1988,2n Cycle,Married,15716.0,1,0,2012-11-12,8,16,5,30,8,7,26,3,3,0,4,8,1,0,38,92,7,1,4798,2,-2.128112476683869,0.5905951520042182
6357,1959,2n Cycle,Divorced,59052.0,0,1,2013-11-17,29,230,35,75,63,57,31,3,7,1,7,5,0,0,67,491,15,1,4428,0,0.1951754079890505,-0.07537925150544203
9209,1971,Master,Together,80573.0,0,0,2012-10-14,85,829,138,430,60,92,15,1,4,6,13,2,0,0,55,1564,23,0,4827,3,3.215579197936495,0.5403690999399143
10286,1962,Graduation,Married,83715.0,0,0,2014-02-03,2,318,8,407,150,35,8,1,2,8,13,0,0,0,64,926,23,0,4350,3,3.067565105501726,-1.2927398511361068
2611,1959,Master,Together,82576.0,0,0,2012-08-01,66,1206,55,445,168,18,18,1,2,4,12,1,0,0,67,1910,18,0,4901,3,3.3936837279321552,0.49525920006885965
1600,1965,Master,Married,56962.0,2,1,2013-10-11,60,292,3,77,10,3,26,7,6,3,5,7,0,0,61,411,14,3,4465,1,-1.5382350158533296,2.166635842670808
3308,1952,Graduation,Married,35704.0,1,1,2014-01-03,54,30,9,12,2,11,30,3,2,0,4,4,0,0,74,94,6,2,4381,0,-1.5231008240818156,-0.621772619774423
5407,1954,Graduation,Together,53103.0,0,1,2013-09-12,70,729,17,133,11,0,195,5,10,6,7,7,0,0,72,1085,23,1,4494,1,0.5840655994984705,1.5916515998606187
2166,1960,2n Cycle,Widow,46779.0,1,1,2013-07-12,55,12,1,3,0,0,7,1,0,1,2,4,0,0,66,23,3,2,4556,0,-1.3709062402882968,-0.9154163550669341
3955,1965,Graduation,Divorced,4861.0,0,0,2014-06-22,20,2,1,1,1,0,1,0,0,0,0,14,0,0,61,6,0,0,4211,2,-3.219881512264715,-1.9176419599735146
6634,1979,Master,Divorced,33462.0,1,0,2013-08-07,78,22,3,18,0,0,11,1,2,0,3,7,0,0,47,54,5,1,4530,2,-1.5525002407431012,-0.8592527071423668
3056,1978,Graduation,Divorced,63693.0,0,1,2013-10-14,63,587,43,337,42,87,54,3,11,6,9,6,0,0,48,1150,26,1,4462,3,1.3794547113334246,0.9243986298246921
5718,1950,Graduation,Married,80763.0,0,0,2013-08-15,17,674,168,108,192,42,231,1,5,11,6,3,0,1,76,1415,22,0,4522,3,2.8400187624014004,-0.3279327947528996
6872,1974,PhD,Married,65352.0,0,1,2013-08-21,43,284,3,84,4,7,23,2,4,2,8,4,0,0,52,405,14,1,4516,0,0.4515539925290831,-0.32199510784323315
8164,1978,PhD,Married,82170.0,0,0,2013-11-25,13,1023,93,651,49,55,37,1,5,6,7,2,0,0,48,1908,18,0,4420,3,3.1901045397985976,-0.736530246244916
4580,1969,Graduation,Married,75759.0,0,0,2013-10-25,46,1394,22,708,89,91,182,1,9,7,9,5,0,1,57,2486,25,0,4451,3,3.4660952454212453,0.2478481129137614
9305,1976,2n Cycle,Single,79689.0,0,0,2013-05-12,65,311,26,640,180,37,121,1,4,9,13,2,0,0,50,1315,26,0,4617,3,3.171115625894714,-0.001002471934917525
453,1956,PhD,Widow,35340.0,1,1,2014-06-29,1,27,0,12,0,1,5,2,2,0,3,5,0,0,70,45,5,2,4204,0,-1.7495261377105427,-1.422112673320318
8545,1954,Graduation,Divorced,85683.0,0,0,2014-03-21,6,1296,17,311,45,69,51,1,2,4,10,1,0,1,72,1789,16,0,4304,3,3.210327952488008,-1.2984146421074716
9850,1972,2n Cycle,Married,24884.0,1,0,2012-11-29,32,3,6,7,0,0,3,1,0,0,3,7,0,0,54,19,3,1,4781,2,-1.911645952894981,-0.3728916264693047
7378,1981,Master,Together,42021.0,1,0,2012-08-31,34,393,5,136,7,5,27,5,10,1,6,9,0,0,45,573,17,1,4871,1,-0.8095010168533205,2.3206109539250486
7646,1989,Graduation,Single,64449.0,1,0,2014-02-18,70,218,63,282,137,35,70,4,5,3,12,4,0,0,37,805,20,1,4335,3,0.9983686247513752,0.27858437408390263
1640,1954,Graduation,Divorced,64587.0,1,1,2014-06-22,49,66,0,16,0,6,20,2,1,1,4,3,0,0,72,108,6,2,4211,0,-0.6190917909106072,-1.4105959472804477
5184,1995,Graduation,Single,34824.0,0,0,2014-03-26,65,4,2,11,2,0,4,1,1,0,2,6,0,0,31,23,3,0,4299,0,-1.0437301826281513,-2.0349949387052875
8492,1978,Graduation,Together,75437.0,0,0,2013-11-09,25,795,0,545,95,58,0,1,8,4,10,6,0,0,48,1493,22,0,4436,3,2.277621441364418,-0.17219750041167656
11188,1957,Graduation,Together,26091.0,1,1,2014-02-25,84,15,10,19,8,17,20,3,2,1,3,5,0,0,69,89,6,2,4328,0,-1.9061404342711006,-0.6482302245173797
1212,1973,Graduation,Married,52845.0,1,0,2013-08-13,7,384,25,292,130,41,64,3,8,8,6,6,0,0,53,936,22,1,4524,1,0.6890567271333405,0.7287726292918868
9097,1956,Graduation,Divorced,46086.0,0,1,2013-11-03,34,244,8,32,7,2,50,4,3,1,8,4,0,0,70,343,12,1,4442,0,-0.31257948085708226,-0.07198332164259255
10473,1956,PhD,Widow,78028.0,0,1,2012-09-10,38,158,19,288,25,0,38,1,6,4,9,7,0,1,70,528,19,1,4861,1,0.7270302612112006,0.9710280252845204
7962,1987,PhD,Single,95169.0,0,0,2013-10-09,1,1285,21,449,106,20,20,1,4,3,4,1,0,1,39,1901,11,0,4467,3,3.2026256053376114,-1.0137742290955618
9984,1981,2n Cycle,Married,56337.0,1,1,2013-03-27,25,349,16,144,28,5,182,5,8,5,4,8,0,1,45,724,17,2,4663,1,-0.6667639398456587,2.056748709153654
5527,1987,Graduation,Together,22434.0,1,0,2013-02-13,25,4,12,11,3,13,15,2,2,0,3,8,0,0,39,58,5,1,4705,2,-2.0538147149381882,-0.04114609693209479
6374,1954,PhD,Married,36930.0,0,1,2013-05-17,50,223,2,31,0,2,39,5,5,2,4,8,0,0,72,297,11,1,4612,1,-1.3620467614741152,1.1279029960562217
7453,1954,Graduation,Single,36130.0,0,1,2013-02-02,46,157,43,127,68,56,37,6,3,8,4,4,0,1,72,488,15,1,4716,1,-0.3670951986537869,1.4752285033378225
8952,1953,Master,Married,65569.0,0,1,2012-11-05,96,397,46,288,20,38,70,2,6,5,10,3,0,0,73,859,21,1,4805,3,1.4617440932405832,0.8658268606520609
241,1952,Graduation,Together,83844.0,0,0,2013-05-12,57,901,31,345,75,31,191,1,4,4,11,1,0,0,74,1574,19,0,4617,3,3.202044348465596,-0.34499961888550523
8975,1968,Graduation,Married,19514.0,1,1,2014-01-26,47,14,3,21,2,1,28,4,3,1,2,8,0,0,58,69,6,2,4358,0,-2.6616952509301677,0.056388401150370235
6119,1963,PhD,Single,36736.0,1,1,2013-05-10,52,10,0,3,0,0,4,1,1,0,2,6,0,0,63,17,3,2,4619,2,-1.941179913618981,-0.5438303314071206
5236,1979,Graduation,Together,77568.0,0,1,2012-08-25,30,1230,0,396,232,178,158,1,10,2,8,5,0,0,47,2194,20,1,4877,3,2.484711504556053,1.3759101717023194
5723,1976,PhD,Together,49187.0,0,1,2014-01-11,63,81,1,31,2,1,0,1,1,1,5,2,0,0,50,116,7,1,4373,0,-0.18116392016972171,-1.7437995039133871
1710,1978,Graduation,Single,30168.0,1,0,2013-03-07,51,154,20,66,0,12,27,7,6,1,4,9,0,0,48,279,11,1,4683,1,-1.8433768336386127,2.061657717871147
1970,1968,Master,Together,34053.0,0,1,2012-09-10,14,63,0,21,7,0,12,1,3,0,3,8,0,0,58,103,6,1,4861,2,-1.6177588939316376,0.15010698663448035
5313,1971,Master,Married,38196.0,1,1,2014-04-18,20,30,0,11,0,0,3,3,2,0,4,5,0,0,55,44,6,2,4276,0,-1.6883851886986112,-0.8247019274361557
10634,1951,Master,Married,59412.0,0,0,2014-04-19,56,90,67,165,30,43,11,1,4,2,8,3,0,0,75,406,14,0,4275,3,1.0279060219628684,-1.7499119426893652
7010,1965,2n Cycle,Married,70924.0,0,0,2014-04-07,41,635,114,254,132,152,76,1,6,6,7,3,0,0,61,1363,19,0,4287,3,2.3875055934464213,-1.1288037392457422
8562,1969,Graduation,Together,54165.0,0,0,2013-05-28,72,127,4,73,15,6,11,1,2,1,7,2,0,0,57,236,10,0,4601,3,0.6953662372862365,-1.240844153270217
3158,1973,Graduation,Married,32300.0,1,0,2013-01-03,1,13,3,6,6,5,6,1,1,0,3,8,0,0,53,39,4,1,4746,2,-1.8423994297057065,-0.2940527271371811
4436,1976,Graduation,Single,20180.0,0,0,2013-02-20,27,18,42,24,15,20,18,1,2,1,4,7,0,0,50,137,7,0,4698,2,-1.2025497944219288,-0.7183034814179936
5287,1973,Graduation,Married,34961.0,1,0,2014-06-19,77,45,2,26,4,1,1,3,3,1,3,7,0,0,53,79,7,1,4214,0,-1.5229433056880262,-0.9543796208480941
2445,1974,PhD,Together,28440.0,1,0,2013-07-07,87,38,1,24,0,0,0,1,2,0,3,8,0,0,52,63,5,1,4561,2,-1.8246882109105638,-0.6589967133233482
6059,1953,PhD,Together,64504.0,1,2,2013-03-04,81,986,36,168,16,0,108,7,11,3,4,7,0,1,73,1314,18,3,4686,1,-0.3620969567743534,3.3099608727546044
4550,1966,Master,Together,33564.0,0,1,2014-06-24,51,61,0,3,0,0,7,1,1,1,3,5,0,0,60,71,5,1,4209,0,-1.2119227015027338,-1.9961989569081962
4240,1978,Graduation,Married,17345.0,1,0,2012-11-03,79,4,9,16,17,0,12,2,2,1,2,8,0,0,48,58,5,1,4807,2,-2.151530269467341,0.27235677288261384
8911,1967,PhD,Married,56320.0,0,1,2013-04-08,11,201,53,172,116,77,83,3,5,4,9,4,0,0,59,702,18,1,4651,1,0.6636789409318449,0.5782381625482653
3706,1978,Graduation,Single,28647.0,1,0,2013-08-21,54,19,8,29,0,12,26,1,2,2,2,7,0,1,48,94,6,1,4516,2,-1.5729343894232517,-0.8843757443971174
3628,1987,Basic,Single,15038.0,1,0,2013-01-29,93,4,8,11,19,12,26,2,2,1,2,9,0,0,39,80,5,1,4720,2,-2.351981422926418,0.1762094483112834
10175,1958,PhD,Divorced,32173.0,0,1,2013-08-01,0,18,0,2,0,0,2,1,1,0,3,4,0,0,68,22,4,1,4536,0,-1.1876423747779516,-1.3649725951665834
8985,1964,2n Cycle,Together,68316.0,0,1,2012-11-04,54,806,80,161,120,11,33,5,10,7,10,6,0,0,62,1211,27,1,4806,1,1.455070875127434,2.577440551818321
5204,1971,Graduation,Together,74538.0,0,0,2013-06-29,21,380,98,733,110,112,28,1,8,8,5,3,0,1,55,1461,21,0,4569,3,2.6753763960222883,-0.25218357899722277
9220,1971,Graduation,Single,91700.0,0,0,2013-01-17,58,576,172,961,125,115,19,1,8,6,5,3,0,1,55,1968,19,0,4732,3,3.3685577715557864,0.3835775322362455
9888,1969,Graduation,Together,68695.0,0,0,2014-06-25,3,458,81,356,106,50,40,1,4,4,7,2,0,0,57,1091,15,0,4208,3,2.0167259518598204,-1.7929070217356873
5263,1977,2n Cycle,Married,31056.0,1,0,2013-01-22,99,5,10,13,3,8,16,1,1,0,3,8,0,0,49,55,4,1,4727,2,-1.828796040924178,-0.23599816436393803
1020,1973,Graduation,Married,79593.0,0,0,2014-05-12,70,350,60,568,110,133,145,1,5,6,7,2,0,0,53,1366,18,0,4252,3,2.700208754904488,-1.3237079067173374
9503,1980,Graduation,Single,28071.0,0,0,2012-08-29,65,39,33,130,41,26,44,2,5,1,5,8,0,0,46,313,11,0,4873,2,-0.8535154910847189,0.5201539942426306
10613,1958,PhD,Together,37334.0,1,1,2014-02-26,44,26,1,16,2,2,15,4,3,0,4,4,0,0,68,62,7,2,4327,0,-1.5259667264597694,-0.41161666111433737
67,1972,Master,Single,46423.0,1,1,2013-09-18,6,68,0,16,0,0,8,3,2,0,4,7,0,0,54,92,6,2,4488,0,-1.8006115082433678,0.03024337681564547
6019,1971,PhD,Married,37126.0,1,0,2014-03-30,9,45,3,9,4,4,7,1,1,2,2,6,0,1,55,72,5,1,4295,0,-1.310141934607084,-1.6716847918003814
5863,1953,Graduation,Married,47703.0,0,1,2013-05-29,95,359,0,134,13,26,123,4,6,3,8,5,0,0,73,655,17,1,4600,1,0.14858115267885527,0.8870082189866505
3717,1959,Graduation,Married,61180.0,0,1,2014-04-23,70,403,24,29,6,24,218,2,5,5,6,3,0,0,67,704,16,1,4271,3,0.901836343431914,-0.8993334684608992
6730,1954,Graduation,Married,38998.0,1,1,2012-11-03,92,34,1,14,0,0,5,3,2,0,3,8,1,0,72,54,5,2,4807,2,-2.2014937375197148,1.0198657296824103
10749,1991,Graduation,Single,8028.0,0,0,2012-09-18,62,73,18,66,7,12,2,15,0,1,0,19,0,0,35,178,1,0,4853,1,-4.857949804547647,5.482271499585941
4998,1962,Graduation,Together,76081.0,0,0,2014-05-23,85,292,30,415,63,33,200,1,4,5,4,2,0,0,64,1033,13,0,4241,3,2.034922012203336,-1.6931321513285542
6287,1986,Graduation,Together,34728.0,1,0,2013-07-30,2,14,0,16,0,0,6,1,1,1,2,6,0,1,40,36,4,1,4538,2,-1.4552977482205052,-1.0929370463954207
5985,1965,Master,Single,33168.0,0,1,2012-10-13,0,80,1,37,0,1,3,3,2,1,4,7,0,0,61,122,7,1,4828,2,-1.5406101487984585,0.6206975129216179
4754,1966,Master,Married,33585.0,0,1,2013-09-25,91,30,11,33,13,6,29,1,2,0,4,4,0,0,60,122,6,1,4481,0,-0.9209641095324792,-1.2808642576188976
4002,1960,PhD,Married,77037.0,0,1,2013-10-13,3,463,96,333,168,53,10,1,7,7,12,3,0,0,66,1123,26,1,4463,3,2.2945967245568286,-0.11830394051521946
8870,1984,Graduation,Together,35196.0,1,0,2012-11-13,68,75,12,141,43,39,187,6,6,1,5,8,0,1,42,497,12,1,4797,1,-1.238192024025437,2.0789450468598605
966,1966,Graduation,Married,44529.0,0,1,2013-07-05,98,538,13,91,17,6,26,6,6,2,11,5,0,0,60,691,19,1,4563,1,0.0871161618767155,1.5319450299501545
4767,1965,2n Cycle,Married,70924.0,0,0,2014-04-07,41,635,114,254,132,152,76,1,6,6,7,3,0,0,61,1363,19,0,4287,3,2.3875055934464213,-1.1288037392457422
9725,1966,PhD,Together,28764.0,1,1,2014-06-05,16,8,0,3,0,0,1,1,1,0,2,8,0,0,60,12,3,2,4228,0,-2.481140812790938,-1.4223217288706123
4475,1949,PhD,Married,69098.0,0,0,2013-02-16,82,1315,22,780,145,0,178,1,7,8,9,5,0,0,77,2440,24,0,4702,3,3.2288874423536025,0.8747599477468253
5740,1970,2n Cycle,Divorced,25959.0,1,1,2013-02-14,1,4,2,12,7,5,26,2,1,2,2,6,0,1,56,56,5,2,4704,2,-2.113626216838757,0.013518757604755072
5731,1983,Master,Married,27100.0,1,0,2013-04-05,64,12,0,13,2,0,10,1,1,0,3,7,0,0,43,37,4,1,4654,2,-1.7760434515150818,-0.6185353075330251
7290,1985,Graduation,Single,70596.0,0,0,2012-10-05,68,347,44,534,17,0,26,1,3,5,12,2,0,0,41,968,20,0,4836,3,2.3048593711744236,0.16218327588185374
3846,1974,Graduation,Married,42557.0,0,1,2012-08-29,98,192,5,53,0,5,15,4,6,1,4,8,0,0,52,270,11,1,4873,2,-1.165071705445626,1.5722965277784824
8104,1951,PhD,Married,53312.0,0,0,2013-08-09,32,241,0,12,0,0,25,1,5,1,5,7,0,0,75,278,11,0,4528,2,-0.08364225028698331,-0.8029821714531277
4507,1952,Graduation,Single,72228.0,0,0,2012-11-27,87,631,28,491,30,14,56,1,6,7,8,3,0,0,74,1250,21,0,4783,3,2.472732465136736,0.3147336513595836
11013,1987,Graduation,Together,67605.0,0,0,2013-03-31,84,336,28,282,184,54,54,1,2,8,6,1,0,0,39,938,16,0,4659,3,2.1299975079617472,-0.6252624020109886
4491,1949,Master,Married,62845.0,1,1,2012-10-01,3,1099,0,45,0,0,34,11,3,4,10,8,0,0,77,1178,17,2,4840,1,-0.5869239314625064,4.646593740390179
3759,1958,Graduation,Together,65196.0,0,2,2013-07-25,34,743,19,181,12,0,200,2,7,6,11,5,0,0,68,1155,24,2,4543,1,1.0570011951699354,0.8965181328849402
1162,1987,PhD,Single,42000.0,0,0,2013-01-10,23,124,83,267,85,59,35,2,5,2,11,5,0,1,39,653,18,0,4739,3,0.6764286105177644,0.231986593804227
2055,1973,PhD,Divorced,35860.0,1,1,2014-05-19,37,15,0,8,4,2,20,2,1,1,2,5,0,0,53,49,4,2,4245,0,-1.7863368313559522,-1.3135509746174727
10766,1964,PhD,Married,65526.0,0,1,2014-04-11,22,397,19,69,12,0,9,1,4,4,8,2,0,0,62,506,16,1,4283,3,1.0654520406258547,-1.4209191311974245
4415,1961,Graduation,Married,16860.0,1,1,2012-09-12,19,10,4,4,3,3,14,3,1,1,3,7,0,0,65,38,5,2,4859,2,-2.568605150379899,0.8570109774580176
3005,1992,Graduation,Single,83528.0,0,0,2014-05-01,7,530,117,678,134,44,147,1,4,10,8,1,0,1,34,1650,22,0,4263,3,3.4262471896042177,-1.1926289167095396
2223,1965,2n Cycle,Divorced,64176.0,0,1,2012-08-03,52,1215,33,249,64,116,149,8,8,9,8,6,0,0,61,1826,25,1,4899,1,1.5224296820343335,3.9073388294642704
4817,1956,Graduation,Divorced,22304.0,0,0,2012-08-04,91,3,2,7,0,4,2,1,1,0,2,8,0,0,70,18,3,0,4898,2,-1.6516705962024134,-0.19798607689933856
2875,1978,Graduation,Married,67023.0,0,0,2014-03-04,93,444,44,382,11,8,17,1,3,7,13,2,1,0,48,906,23,0,4321,3,2.3612218152695172,-1.0968677243640288
10536,1971,PhD,Together,32892.0,1,0,2014-05-25,78,26,0,15,2,1,2,2,3,0,3,8,0,0,55,46,6,1,4239,0,-1.7554804793156893,-1.1524142482607798
11112,1966,Graduation,Together,70713.0,0,1,2012-12-03,23,736,114,279,82,76,190,6,5,6,8,3,0,0,60,1477,19,1,4777,1,1.6461799660619734,2.1562309954723875
3807,1955,Graduation,Together,59925.0,0,1,2012-11-30,83,473,21,176,19,21,56,3,9,2,9,6,0,0,71,766,20,1,4780,1,0.6102797908315786,1.3822868541281228
9197,1953,Graduation,Married,39722.0,0,1,2014-02-24,92,32,0,5,2,0,8,2,2,0,3,5,0,0,73,47,5,1,4329,0,-1.150706220306619,-1.2847350056605362
10832,1958,Graduation,Together,46610.0,0,0,2013-07-18,4,288,10,30,4,10,125,1,6,1,6,6,0,0,68,467,13,0,4550,2,0.20711973048171745,-0.7710572966142044
6421,1961,Graduation,Together,88347.0,0,0,2013-07-03,32,1050,178,555,77,138,118,1,4,7,9,1,0,0,65,2116,20,0,4565,3,3.80459015114724,-0.26128883581332846
4207,1981,PhD,Married,87171.0,0,0,2013-05-01,27,1001,44,107,58,44,44,1,6,7,11,2,0,0,45,1298,24,0,4628,3,3.1893110762100707,-0.07914608013858643
577,1976,2n Cycle,Together,26907.0,1,1,2013-08-20,10,9,1,7,0,3,2,2,1,0,3,7,0,0,50,22,4,2,4517,2,-2.35269357191194,-0.4086473479639675
10855,1968,Master,Single,50014.0,1,0,2014-01-22,9,234,14,77,19,10,42,2,4,1,8,5,0,0,58,396,13,1,4362,0,-0.1485141469325929,-0.7619203148414497
3081,1978,PhD,Married,41014.0,1,0,2013-04-22,65,7,2,6,2,0,3,1,1,0,2,7,0,0,48,20,3,1,4637,2,-1.5376606108710398,-0.6567503019549422
3535,1965,Graduation,Single,66294.0,0,0,2014-03-17,68,251,108,334,65,92,117,1,4,3,5,2,0,0,61,967,12,0,4308,3,1.6915671588324523,-1.6403589414687494
247,1971,Graduation,Married,36715.0,1,0,2012-11-17,16,172,10,125,21,13,16,6,7,2,4,9,0,1,55,357,13,1,4793,1,-1.43988142754986,2.1381438327777174
8707,1956,Graduation,Married,79456.0,0,0,2012-08-22,12,565,42,548,64,83,99,1,5,6,4,3,0,1,70,1401,15,0,4880,3,2.3607980316336024,0.30272130617465154
9523,1982,Graduation,Together,40479.0,1,0,2013-08-17,95,5,0,8,2,0,0,1,0,0,3,4,0,0,44,15,3,1,4520,0,-1.0404118089443657,-1.3158901904781735
6072,1970,Master,Single,75345.0,0,0,2013-02-02,16,918,57,842,99,38,133,1,5,8,6,3,0,1,56,2087,19,0,4716,3,3.0827102310914936,0.2672275553928675
6295,1977,Graduation,Married,54233.0,0,1,2013-02-04,46,652,8,158,21,0,142,4,11,6,5,8,0,0,49,981,22,1,4714,1,0.3616529401220422,1.8795773399242688
10914,1970,Graduation,Single,24163.0,1,1,2013-10-12,3,4,1,7,2,1,2,2,1,0,3,4,0,0,56,17,4,2,4464,0,-1.9154055450816008,-0.9457180726627475
1509,1958,PhD,Together,84460.0,0,0,2013-01-04,80,152,27,103,106,54,81,0,9,9,4,5,0,1,68,523,22,0,4745,3,1.9483568604882195,-0.027386857126235214
5577,1983,Graduation,Together,43776.0,1,0,2014-05-03,77,8,0,9,2,1,3,1,1,0,2,6,0,0,43,23,3,1,4261,0,-1.3065234330615376,-1.7677873507586581
7348,1958,PhD,Single,71691.0,0,0,2014-03-17,0,336,130,411,240,32,43,1,4,7,5,2,0,1,68,1192,16,0,4308,3,2.2317402712036998,-1.4342981956538305
1127,1973,PhD,Married,85844.0,0,0,2014-05-29,62,938,19,843,25,95,38,1,6,6,7,2,0,0,53,1958,19,0,4235,3,3.3891191967132843,-1.1023437364846351
1833,1974,PhD,Single,39190.0,1,0,2014-04-26,91,68,8,18,19,8,12,2,2,1,4,5,0,0,52,133,7,1,4268,0,-0.9669456261919571,-1.3318505821619662
4944,1959,Graduation,Together,71367.0,0,0,2013-08-23,24,227,23,389,42,21,75,1,4,5,7,2,0,0,67,777,16,0,4514,3,1.8939191634832149,-0.9978919000082224
9080,1972,PhD,Single,38578.0,1,1,2013-06-22,2,38,4,22,3,3,3,3,3,0,3,8,0,0,54,73,6,2,4576,2,-2.1627177820748695,0.3481447226423443
6466,1965,PhD,Married,57236.0,1,1,2014-03-12,22,105,0,9,2,1,4,3,2,1,4,3,0,0,61,121,7,2,4313,0,-0.7910511055779933,-0.8209613564367451
9964,1979,Graduation,Single,61825.0,0,1,2013-08-07,56,162,50,100,55,30,27,1,4,2,8,4,0,0,47,424,14,1,4530,0,0.4641563097737394,-0.6035298432395958
4790,1958,Graduation,Divorced,79803.0,0,1,2014-06-02,54,574,8,216,21,16,33,1,4,3,5,1,0,0,68,868,12,1,4231,3,1.6112817142634548,-1.6468829232573805
10245,1986,2n Cycle,Single,80910.0,0,0,2012-10-31,71,160,80,369,67,39,41,1,3,3,8,1,0,0,40,756,14,0,4810,3,2.1544343350180215,-0.33163917619135447
1109,1982,Master,Together,27590.0,1,0,2013-04-23,38,6,0,5,0,0,1,1,1,0,2,7,0,0,44,12,3,1,4636,2,-1.856713868848274,-0.7478348204919683
6001,1979,Graduation,Married,56775.0,0,1,2013-01-02,62,614,35,160,58,35,35,2,5,8,10,5,0,0,47,937,23,1,4747,3,1.1040873465387846,1.0021260972208652
5538,1975,Graduation,Divorced,83829.0,0,0,2013-10-08,78,897,161,430,186,161,27,0,4,7,6,1,0,1,51,1862,17,0,4468,3,3.3885015451817426,-1.0396064416767983
10552,1979,2n Cycle,Married,54210.0,0,1,2013-05-20,18,70,54,109,80,9,45,2,4,1,7,5,0,0,47,367,12,1,4609,0,-0.1335550159546367,-0.12488192668602299
1545,1986,Graduation,Married,38508.0,1,0,2013-08-02,95,120,19,206,25,19,54,6,7,2,5,8,0,0,40,443,14,1,4535,1,-1.0774401872539507,1.4892564935352757
7409,1970,Graduation,Together,53187.0,1,0,2013-10-26,66,211,2,30,7,7,10,2,4,1,6,5,0,0,56,267,11,1,4450,0,-0.29068776083471637,-0.5838458119428164
4444,1972,Graduation,Married,30023.0,1,0,2014-03-24,28,11,0,16,7,6,21,1,2,0,3,8,0,0,54,61,5,1,4301,0,-1.8123026890683434,-1.4186785707122218
146,1960,PhD,Single,76045.0,0,0,2013-11-15,78,760,53,400,17,93,0,1,4,5,11,2,0,0,66,1323,20,0,4430,3,2.7162679082284327,-0.7744599362666237
6271,1952,PhD,Married,50870.0,0,1,2014-06-19,13,53,0,8,0,0,2,1,2,0,3,5,0,0,74,63,5,1,4214,0,-0.8371319805138158,-1.955973492298039
10065,1970,2n Cycle,Married,15315.0,0,0,2013-08-03,27,7,4,13,15,8,17,2,2,0,4,5,0,0,56,64,6,0,4534,2,-1.1740807792817354,-1.1739994337647437
4741,1974,2n Cycle,Married,65463.0,1,0,2014-01-30,17,391,32,70,21,32,16,2,6,2,9,5,0,0,52,562,17,1,4354,3,0.5935087792866655,-0.4717413370469253
246,1965,Graduation,Married,66480.0,1,1,2014-05-31,71,199,9,57,20,21,6,7,4,1,7,4,0,0,61,312,12,2,4233,1,-0.555542315550514,0.7761421394434973
375,1954,Graduation,Divorced,76773.0,0,0,2013-02-25,79,516,56,449,86,33,16,1,2,2,11,1,0,0,72,1156,15,0,4693,3,2.452965977292598,-0.4712154208056587
1524,1983,2n Cycle,Single,81698.0,0,0,2013-03-01,1,709,45,115,30,160,45,1,8,2,5,5,0,1,43,1104,15,0,4689,3,1.8233150557808109,-0.06818537486898947
10022,1973,PhD,Single,54466.0,1,1,2014-02-09,78,12,0,4,0,0,0,1,1,0,2,5,0,0,53,16,3,2,4344,0,-1.3679775516881076,-1.3067286156618707
7451,1960,Master,Single,98777.0,0,0,2014-02-17,23,1000,19,711,125,115,38,0,4,6,9,1,0,0,66,2008,19,0,4336,3,3.955498184090168,-1.252937485935638
11010,1984,PhD,Single,16269.0,1,0,2013-08-30,75,19,3,18,3,1,0,3,3,0,3,8,0,0,42,44,6,1,4507,2,-2.2033858729298665,-0.17814988854635336
4356,1971,Graduation,Together,71819.0,0,1,2013-08-28,70,1224,28,140,0,14,168,3,3,3,5,6,0,0,55,1574,11,1,4509,3,0.9665090110482077,0.5588659371348572
3885,1983,PhD,Married,33569.0,1,0,2013-10-16,10,16,2,18,3,0,24,1,1,1,2,8,0,1,43,63,4,1,4460,2,-1.7960923905146635,-1.0405295083247779
1175,1983,Master,Married,36262.0,0,0,2013-09-20,24,88,39,54,64,28,153,1,3,5,3,6,0,1,43,426,11,0,4486,2,-0.18293376970851397,-1.068925420125751
880,1966,Basic,Together,22634.0,0,0,2013-01-16,47,2,23,11,8,6,46,1,2,1,2,8,0,0,60,96,5,0,4733,2,-1.4694230122264662,-0.5720608451882078
2320,1978,2n Cycle,Married,47025.0,0,1,2013-09-12,98,508,11,59,23,5,29,5,11,1,6,9,0,0,48,635,18,1,4494,1,-0.5692848565424742,1.4641737776955532
850,1968,Graduation,Single,70566.0,0,1,2013-10-06,4,381,28,215,84,28,21,2,6,5,9,3,0,0,58,757,20,1,4470,3,1.3950991808254276,-0.19821819958804282
4713,1979,PhD,Married,31605.0,1,0,2012-11-22,15,74,0,42,2,1,6,2,2,1,4,7,0,0,47,125,7,1,4788,2,-1.4969381456945796,0.1985993843645131
675,1973,Master,Divorced,52034.0,1,1,2013-05-17,67,146,0,93,7,13,73,5,4,2,5,7,0,0,53,332,11,2,4612,1,-1.2855450564371458,1.4160818805600566
5025,1979,Graduation,Single,48526.0,1,0,2013-12-24,32,23,17,23,43,20,9,1,2,1,4,3,0,0,47,135,7,1,4391,0,-0.35827463648491514,-1.6014319034051698
2308,1954,Graduation,Married,46734.0,0,1,2012-11-18,40,110,5,137,26,23,29,2,6,1,5,7,0,0,72,330,12,1,4792,2,-0.6616473916074217,0.5974755375449187
5995,1962,Graduation,Divorced,39552.0,1,1,2012-12-18,54,165,3,147,4,24,41,7,6,2,5,8,0,1,64,384,13,2,4762,1,-1.7154004285369941,2.638185453075238
6749,1966,Graduation,Single,86358.0,1,1,2012-08-08,78,957,47,494,82,47,95,4,5,3,6,8,0,0,60,1722,14,2,4894,1,0.7371629749262697,2.7455273349022455
1010,1977,Graduation,Together,46931.0,2,1,2014-04-24,94,41,0,17,3,1,16,2,1,1,3,3,0,0,49,78,5,3,4270,0,-1.5618727301207807,-1.0115843476954733
8977,1985,Basic,Single,16581.0,0,0,2013-01-12,51,1,3,4,2,3,11,1,0,0,3,4,0,0,41,24,3,0,4737,2,-1.1156396242077353,-1.1955274320744917
4756,1952,2n Cycle,Divorced,63998.0,0,0,2013-12-20,42,176,29,818,0,33,112,1,7,6,11,4,0,1,74,1168,24,0,4395,3,2.2196125672949547,-0.5818390663489852
3412,1951,Master,Married,67381.0,0,1,2013-01-15,67,815,8,53,11,0,70,4,2,2,9,7,0,0,75,957,13,1,4734,1,0.24640588289354864,1.4703316135873417
606,1967,Graduation,Single,25930.0,1,1,2013-10-10,87,6,1,2,2,0,4,1,1,0,2,7,0,0,59,15,3,2,4466,0,-2.349033826875639,-0.8378846046519387
5961,1978,Graduation,Married,42693.0,1,0,2014-06-07,29,8,4,20,6,3,16,1,1,0,3,5,0,0,48,57,4,1,4226,0,-1.0858304124015186,-1.9872094180667053
2975,1976,Graduation,Together,85606.0,0,1,2012-11-12,89,717,42,864,219,30,84,2,6,7,9,3,0,0,50,1956,22,1,4798,3,2.8788479372225373,1.347039044289654
2894,1985,Graduation,Single,72903.0,0,0,2013-10-29,74,1067,138,750,0,19,39,1,7,5,8,4,0,1,41,2013,20,0,4447,3,2.8734598149373483,-0.2584957446393235
7613,1974,2n Cycle,Together,49669.0,1,0,2014-05-24,97,166,5,107,11,8,29,2,5,1,6,6,0,0,52,326,12,1,4240,0,-0.42201927450505705,-0.9391577662816866
10542,1968,PhD,Married,36778.0,1,1,2012-08-05,63,29,4,34,2,4,4,3,3,0,3,9,0,0,58,77,6,2,4897,2,-2.345621499665981,1.39857629807319
8015,1962,PhD,Divorced,85696.0,0,0,2013-05-03,88,714,76,395,116,0,12,1,4,6,9,1,0,1,64,1313,19,0,4626,3,3.0388666214192064,-0.3689410911191807
10617,1989,Master,Divorced,10979.0,0,0,2014-05-22,34,8,4,10,2,2,4,2,3,0,3,5,0,0,37,30,6,0,4242,0,-1.3032644179090123,-1.9821450992202447
11166,1961,Graduation,Married,49678.0,0,1,2013-02-02,81,229,5,56,3,2,20,2,6,2,4,7,0,0,65,315,12,1,4716,2,-0.596364567798724,0.44539763831979423
849,1953,Master,Together,56129.0,0,1,2013-06-20,65,320,48,133,39,72,48,4,6,2,10,4,0,0,73,660,18,1,4578,1,0.5666625555571778,0.7519600277468457
523,1989,Graduation,Married,37155.0,1,0,2013-01-31,51,23,0,26,7,15,3,1,2,0,4,5,0,0,37,74,6,1,4718,2,-1.0561142672077732,-0.5644885408930062
4066,1978,2n Cycle,Divorced,21282.0,1,0,2014-05-11,76,1,5,8,4,8,20,2,2,1,2,6,0,0,48,46,5,1,4253,0,-1.7446657500401925,-1.459406090326723
8414,1962,PhD,Single,33419.0,0,1,2013-08-17,76,56,0,12,0,0,18,2,2,0,4,7,0,0,64,86,6,1,4520,2,-1.537597574829296,-0.5065435388611994
819,1945,Graduation,Widow,63285.0,0,0,2013-11-05,84,508,124,249,50,38,134,1,6,5,13,3,0,0,81,1103,24,0,4440,3,2.33207867939586,-0.5639739499805208
4961,1974,Master,Together,21255.0,1,0,2014-01-21,56,29,0,25,2,2,3,4,2,1,4,4,0,0,52,61,7,1,4363,0,-1.4185788300458577,-0.6874424682558204
749,1981,Graduation,Together,42162.0,1,0,2013-11-19,31,46,7,59,2,4,27,2,3,1,3,6,0,1,45,145,7,1,4426,0,-1.0736071326500527,-0.8321124165615725
5430,1956,Graduation,Together,54450.0,1,1,2012-09-14,0,454,0,171,8,19,32,12,9,2,8,8,0,0,70,684,19,2,4857,1,-1.1303548999119464,4.899679838452524
7755,1954,PhD,Married,57744.0,0,1,2013-11-12,91,350,3,39,0,0,19,2,9,1,4,8,0,0,72,411,14,1,4433,0,-0.37876095772881563,-0.023624840849121725
10525,1986,Graduation,Single,26576.0,1,0,2012-10-13,40,10,0,8,0,0,9,1,1,0,2,9,0,1,40,27,3,1,4828,2,-2.2012663238532033,0.021313809492307236
1453,1943,PhD,Widow,57513.0,0,0,2013-07-06,59,735,40,183,52,20,30,2,9,3,13,6,0,0,83,1060,25,0,4562,3,1.6442334067570528,0.44240097054064353
8310,1964,Graduation,Together,68142.0,0,1,2012-08-29,96,897,126,196,91,112,37,3,10,4,7,6,0,0,62,1459,21,1,4873,1,1.4348732325190092,1.9662219594244679
10710,1979,Graduation,Married,7500.0,0,1,2012-08-29,61,5,2,3,3,0,5,1,1,0,2,8,0,0,47,18,3,1,4873,2,-2.4654848176992394,-0.040884694708701694
5031,1974,Graduation,Together,83145.0,0,0,2012-09-22,14,777,35,731,39,137,114,1,5,9,11,2,0,1,52,1833,25,0,4849,3,3.6008469456369077,0.7151496905153252
2613,1960,Master,Married,54197.0,0,1,2014-04-03,16,162,6,37,6,13,13,2,1,3,6,1,0,0,66,237,10,1,4291,0,0.30230503445037327,-1.6169980725839286
213,1963,PhD,Single,23091.0,1,1,2014-05-28,98,35,0,11,0,0,2,4,2,1,3,7,0,0,63,48,6,2,4236,0,-2.4159411849660604,-0.33238572841961045
967,1976,Graduation,Married,46049.0,1,1,2013-07-21,11,342,9,112,19,14,19,10,5,2,9,7,0,1,50,515,16,2,4547,1,-1.3368634176776777,3.0721962651362076
1077,1974,Graduation,Together,56715.0,0,0,2012-12-05,52,258,105,239,237,172,9,1,7,3,4,4,0,0,52,1020,14,0,4775,3,1.3098106118035224,-0.0824493503938109
7959,1961,Graduation,Married,79410.0,0,0,2014-05-29,19,658,80,483,123,13,13,1,3,2,5,1,0,0,65,1370,10,0,4235,3,2.3469199527295275,-1.912756346288163
640,1951,Graduation,Married,57304.0,0,1,2013-03-11,61,356,80,329,138,17,106,2,7,6,10,5,0,0,75,1026,23,1,4679,3,1.1877799313587802,0.850907324154968
4252,1965,Graduation,Married,44375.0,0,1,2014-03-23,73,213,5,28,7,7,41,1,4,1,6,5,0,0,61,301,11,1,4302,0,-0.3901575974085886,-1.3249333968078085
8432,1956,Graduation,Together,54450.0,1,1,2012-09-14,0,454,0,171,8,19,32,12,9,2,8,8,0,0,70,684,19,2,4857,1,-1.1303548999119464,4.899679838452524
6218,1965,Graduation,Married,59594.0,0,1,2012-10-20,74,457,4,29,0,0,9,1,8,1,7,7,0,0,61,499,16,1,4821,2,0.10533998354792175,0.6808361650681082
6905,1994,Graduation,Together,80685.0,0,0,2012-08-22,55,241,45,604,34,26,54,1,6,4,10,2,0,0,32,1004,20,0,4880,3,2.5601804350918282,0.32048218160648523
5922,1974,PhD,Married,40344.0,0,1,2013-10-13,48,210,0,6,0,0,2,2,4,1,5,7,0,0,52,218,10,1,4463,0,-1.0283368139793432,-0.4353634124905208
3598,1972,Graduation,Married,62710.0,0,1,2013-05-23,53,441,35,83,7,29,11,4,4,2,12,4,0,0,54,606,18,1,4606,1,0.6684733301598402,0.8226208540882333
6116,1968,2n Cycle,Married,48985.0,0,1,2013-07-05,13,19,13,18,10,7,8,1,1,1,3,3,0,0,58,75,5,1,4563,0,-0.5263518128982853,-1.2689777667051612
6263,1968,Graduation,Together,35322.0,1,2,2012-08-22,34,28,9,37,12,7,13,3,2,0,4,8,0,0,58,106,6,3,4880,2,-2.663550822062204,1.5191852230046399
10486,1948,Graduation,Married,77142.0,0,0,2013-05-29,54,476,75,162,29,151,97,1,4,4,8,2,0,0,78,990,16,0,4600,3,2.210298865293127,-0.6354173097802482
2410,1969,Graduation,Single,81657.0,0,0,2014-01-22,69,364,40,425,158,60,50,1,3,4,8,1,0,0,57,1097,15,0,4362,3,2.5066648169485455,-1.3736762616555316
193,1996,Basic,Married,14421.0,0,0,2014-02-17,81,0,0,2,3,3,8,1,1,0,2,5,0,0,30,16,3,0,4336,0,-1.3380182318987448,-2.129093952304516
3363,1974,2n Cycle,Married,20130.0,0,0,2014-03-17,99,0,6,3,7,6,12,1,1,0,3,8,0,0,52,34,4,0,4308,0,-1.6322552553034229,-1.7357617031706374
8278,1990,PhD,Married,74214.0,0,0,2012-08-26,3,863,83,547,86,99,33,1,8,2,5,5,0,0,36,1711,15,0,4876,3,2.156213224586801,0.6164511748048189
10660,1957,Master,Married,66726.0,1,1,2014-01-12,61,349,7,35,0,0,47,3,8,2,4,7,0,0,69,438,14,2,4372,0,-0.5355304614447296,0.34559774339997
8686,1979,Basic,Together,23724.0,1,0,2013-01-08,65,5,23,15,0,18,14,2,2,0,3,8,0,0,47,75,5,1,4741,2,-1.9981384740168693,0.11142948599286716
1604,1960,Master,Married,47353.0,0,1,2013-11-13,93,184,2,19,8,8,4,3,2,2,6,5,0,0,66,225,10,1,4432,0,-0.5859868591013149,-0.36076043547713926
5907,1952,Master,Married,33444.0,1,1,2012-11-03,24,8,0,8,0,0,2,1,1,0,2,8,0,0,74,18,3,2,4807,2,-2.357849648777459,0.16694812916892246
10669,1981,Graduation,Married,54386.0,0,1,2013-05-17,8,277,21,64,62,21,25,2,3,2,10,3,0,0,45,470,15,1,4612,3,0.4796389782065981,-0.20451404723542185
2918,1981,Graduation,Divorced,28510.0,1,1,2013-04-13,72,44,5,19,0,4,19,3,2,0,4,5,0,0,45,91,6,2,4646,2,-1.847773712341828,0.2053517001266016
5735,1991,Master,Single,90638.0,0,0,2014-02-13,29,1156,120,915,94,144,96,1,3,4,10,1,0,0,35,2525,17,0,4340,3,3.9982645248450344,-0.8554896481356774
359,1950,Graduation,Together,48070.0,0,1,2013-01-13,33,373,14,83,6,9,19,3,8,2,6,7,1,0,76,504,16,1,4736,1,-0.31130416670295963,1.0116495242694459
8387,1957,Graduation,Married,43140.0,0,1,2013-01-05,68,134,8,76,6,0,11,1,4,1,5,6,0,0,69,235,10,1,4744,2,-0.6984847596688935,-0.08923014417483305
1829,1961,PhD,Divorced,54959.0,0,1,2013-01-19,55,1148,0,60,0,0,24,3,9,5,4,7,0,1,65,1232,18,1,4730,1,0.5761528408435724,1.3909771137996765
3839,1958,Basic,Single,15056.0,1,1,2013-05-03,76,6,12,3,21,6,40,5,2,2,3,5,0,0,68,88,7,2,4626,2,-2.2371100823964323,0.7957257860905755
9392,1971,Graduation,Single,26954.0,1,0,2014-05-08,17,4,1,11,0,0,1,1,1,0,2,7,0,0,55,17,3,1,4256,0,-1.8797036052936844,-1.7951831486806573
2292,1985,Graduation,Single,22327.0,1,0,2013-08-02,94,5,4,8,2,0,5,1,1,0,3,5,0,0,41,24,4,1,4535,0,-1.5503958783672602,-1.1788944515820377
10466,1965,Graduation,Married,44393.0,1,1,2013-08-22,86,24,2,20,2,2,10,2,1,0,4,4,0,0,61,60,5,2,4515,0,-1.3325612386287833,-0.5721607228013709
9855,1952,PhD,Single,62000.0,0,1,2013-08-25,25,899,0,101,0,0,20,1,6,6,13,4,0,0,74,1020,25,1,4512,3,1.6441186284162574,0.019256918578498226
4088,1962,PhD,Together,31497.0,0,1,2012-12-06,22,108,1,28,13,1,4,2,3,1,4,8,0,0,64,155,8,1,4774,2,-1.5785281060454348,0.3484525218577296
5231,1974,2n Cycle,Married,45894.0,0,2,2014-02-27,15,27,2,7,0,2,13,1,1,0,3,5,0,0,52,51,4,2,4326,0,-1.489340344420937,-1.403233920533844
590,1970,Master,Divorced,78579.0,0,0,2012-12-22,35,816,66,549,216,66,99,1,5,6,4,3,0,1,56,1812,15,0,4758,3,2.6834240664634366,0.13831217528387382
8732,1969,Master,Widow,67369.0,0,1,2012-11-17,81,1298,0,70,37,14,42,4,7,4,10,4,0,1,57,1461,21,1,4793,1,1.6780246022688932,1.808279369914065
2315,1960,Graduation,Divorced,58401.0,0,1,2014-04-20,55,10,0,11,17,29,29,1,1,2,2,4,0,0,66,96,5,1,4274,0,-0.4568831925947774,-1.8296550683457868
3515,1952,Graduation,Single,62307.0,0,1,2014-02-17,94,87,13,34,10,6,10,1,4,0,4,5,0,0,74,160,8,1,4336,0,-0.2822484478778273,-1.3205515336050118
2245,1969,Master,Married,43641.0,1,1,2013-04-22,50,57,2,51,4,2,23,3,2,1,4,6,0,0,57,139,7,2,4637,2,-1.5774240865545213,0.40585075018823896
6283,1968,Master,Divorced,63841.0,0,1,2013-04-21,64,635,15,100,20,7,131,1,9,3,9,6,0,0,58,908,21,1,4638,3,1.0168089670715785,0.43831844688113814
2246,1965,2n Cycle,Married,46891.0,0,1,2013-09-01,91,43,12,23,29,15,61,1,2,1,4,4,0,0,61,183,7,1,4505,0,-0.5053850782435131,-1.094649880199697
6606,1969,Master,Married,70091.0,1,0,2013-03-31,11,964,34,137,15,0,11,2,5,2,10,8,0,0,57,1161,17,1,4659,1,0.6875806424483268,0.9426477900677503
5545,1972,PhD,Married,78075.0,0,0,2014-04-05,72,572,8,259,34,35,80,1,3,5,5,1,0,0,54,988,13,0,4289,3,2.209003679021698,-1.7101314590838437
7342,1961,2n Cycle,Widow,59184.0,0,1,2012-09-09,6,341,142,113,259,151,66,3,6,6,12,5,0,0,65,1072,24,1,4862,1,1.245407076351498,1.6772084406165633
837,1977,Graduation,Married,54809.0,1,1,2013-09-11,0,63,6,57,13,13,22,4,2,1,5,4,0,0,49,174,8,2,4495,0,-0.9844825355116628,0.1483629323150673
9500,1959,Graduation,Married,58113.0,0,1,2013-01-25,66,221,104,169,102,78,84,3,9,2,8,7,1,0,67,758,19,1,4724,1,0.3245162515328521,1.2815073057311097
3602,1958,Master,Married,51412.0,0,1,2013-12-31,42,140,3,29,4,5,14,2,3,2,4,4,0,0,68,195,9,1,4384,0,-0.3559543342253521,-1.0356495903732195
234,1979,Graduation,Divorced,15287.0,1,0,2012-10-10,60,1,2,8,4,3,13,2,1,1,2,7,0,1,47,31,4,1,4831,2,-2.1199824106986505,0.12816131767200792
2995,1957,Master,Together,66636.0,0,0,2013-08-17,64,291,10,689,84,10,0,1,3,4,9,1,0,0,69,1084,16,0,4520,3,2.2197318384144964,-0.9752368390883903
1118,1956,Master,Married,50965.0,0,1,2013-02-20,87,544,13,85,8,6,29,3,10,4,5,8,0,0,70,685,19,1,4698,1,-0.06070442995360985,1.30444709720093
7789,1965,PhD,Married,84618.0,0,0,2013-11-22,96,684,100,801,21,66,0,1,6,9,10,2,0,0,61,1672,25,0,4423,3,3.5189511534535676,-0.39034029615816696
3068,1990,Graduation,Married,18351.0,0,0,2013-10-29,1,1,12,9,0,14,7,1,2,0,3,7,0,0,36,43,5,0,4447,2,-1.4597284533031853,-1.553761145910297
8955,1957,PhD,Together,40451.0,0,2,2014-02-16,54,35,0,4,0,0,10,1,1,1,2,5,0,0,69,49,4,2,4337,0,-1.6027136607171886,-1.3535585537947088
945,1965,Graduation,Together,36317.0,0,1,2013-05-22,53,87,3,25,3,2,13,2,3,0,4,7,0,0,61,133,7,1,4607,2,-1.3753246746717467,-0.224230960808806
5644,1957,Graduation,Together,42213.0,0,1,2013-10-12,96,309,3,24,4,3,20,2,5,1,7,7,0,0,69,363,13,1,4464,0,-0.6628382737242026,-0.1854276742425843
7192,1955,Graduation,Together,65748.0,0,1,2013-04-15,58,172,73,93,95,78,34,2,2,4,10,1,1,0,71,545,16,1,4644,3,1.2152975417410345,-0.19344577829516332
2324,1972,Graduation,Together,77044.0,0,1,2013-10-27,12,625,38,242,50,34,76,2,7,11,11,4,0,0,54,1065,29,1,4449,3,2.197462049465469,0.4201191243781221
697,1969,Graduation,Together,74918.0,0,0,2013-03-12,78,972,59,913,25,19,59,1,5,9,6,3,0,0,57,2047,20,0,4678,3,3.1210861498020543,0.263509313872947
3439,1972,Graduation,Married,56721.0,1,1,2012-10-31,64,157,6,39,6,13,75,5,4,1,5,6,0,0,54,296,10,2,4810,1,-1.1007167334443342,1.7829805077366834
1506,1975,Graduation,Single,42160.0,1,1,2013-06-28,26,48,9,45,3,15,20,4,2,1,4,6,0,1,51,140,7,2,4570,0,-1.6913323502711337,0.518631502488739
232,1965,Graduation,Single,61559.0,0,1,2013-07-17,8,279,83,88,32,14,34,1,4,2,10,3,0,0,61,530,16,1,4551,3,0.8267463213109596,-0.5985403647504021
8876,1963,PhD,Together,33629.0,1,1,2012-08-08,49,132,0,16,0,0,4,5,3,1,4,9,0,0,63,152,8,2,4894,2,-2.378917751371936,2.129769496632754
4500,1991,PhD,Together,68682.0,0,0,2013-10-06,56,919,0,505,99,30,45,1,4,9,10,2,0,0,35,1598,23,0,4470,3,2.9591700281322835,-0.49055745922497157
9739,1963,Graduation,Single,34377.0,0,1,2013-01-19,55,62,0,22,3,1,26,2,2,2,2,7,0,0,63,114,6,1,4730,2,-1.4954985373607173,0.049199377491686236
10395,1986,Basic,Single,8940.0,1,0,2012-08-22,25,1,45,3,4,6,42,3,3,1,3,8,0,0,40,101,7,1,4880,2,-2.2679806219112844,0.8052803236866259
1176,1973,Graduation,Married,26228.0,1,0,2013-09-22,50,2,6,4,3,1,9,1,1,0,2,8,0,0,53,25,3,1,4484,2,-2.044824886131115,-1.0204067330976403
1627,1957,2n Cycle,Divorced,77297.0,0,0,2013-01-26,84,408,61,109,48,122,41,1,5,7,9,4,0,0,69,789,21,0,4723,3,2.0380462623984195,0.13591221995907538
938,1981,Graduation,Married,40211.0,1,1,2013-07-30,30,51,1,7,2,1,25,2,2,1,2,8,0,0,45,87,5,2,4538,2,-2.0968756428991373,-0.0824256824927341
2740,1958,PhD,Widow,33438.0,1,1,2013-09-22,81,62,1,16,3,2,6,4,2,1,4,5,0,0,68,90,7,2,4484,0,-1.7465742252692518,0.17021846877315774
257,1959,PhD,Married,75032.0,0,1,2013-04-28,74,952,12,180,47,12,12,2,5,4,9,3,0,0,67,1215,18,1,4631,3,1.7697759618162536,0.3992343171894872
4058,1955,PhD,Single,61284.0,0,0,2013-10-12,76,618,15,106,20,7,45,1,11,2,8,6,0,0,71,811,21,0,4464,3,1.3484233699717605,-0.3800742979119591
7736,1986,Graduation,Married,22518.0,1,0,2012-10-22,36,11,7,12,2,2,27,2,2,1,2,5,0,1,40,61,5,1,4819,2,-1.537644448541969,-0.09410395404261264
8210,1975,Master,Married,54730.0,0,1,2013-08-15,64,318,3,17,4,7,56,5,4,1,8,4,0,0,51,405,13,1,4522,1,-0.06499129298836577,0.6049639207028998
833,1955,Master,Married,38452.0,1,1,2014-03-30,62,56,0,14,0,0,2,3,3,0,3,7,0,0,71,72,6,2,4295,0,-1.9845561488389851,-0.46716035098042535
6230,1971,Graduation,Divorced,44421.0,1,1,2013-02-15,53,110,5,59,7,1,7,5,5,0,4,8,0,0,55,189,9,2,4703,1,-1.873687681682159,1.598335307945829
7325,1986,PhD,Together,38197.0,1,0,2013-06-29,86,23,0,11,2,1,3,1,1,0,3,5,0,0,40,40,4,1,4569,0,-1.1790824493164416,-1.0249233971394813
1307,1978,Graduation,Divorced,41986.0,0,1,2014-02-09,15,27,5,8,8,3,12,3,3,0,4,4,0,0,48,63,7,1,4344,0,-0.8862817644127083,-1.0231303119990711
1502,1983,Graduation,Together,28427.0,1,0,2013-03-21,67,18,3,19,3,3,6,2,2,0,3,8,0,0,43,52,5,1,4669,2,-1.9110038530749212,-0.0686659488176009
6211,1976,PhD,Together,37395.0,1,0,2014-05-02,47,18,0,9,0,1,11,1,1,0,3,6,0,0,50,39,4,1,4262,0,-1.3837212940550716,-1.7739793778896595
843,1971,Graduation,Married,64722.0,1,0,2014-05-26,47,303,0,280,60,147,15,4,8,2,11,6,0,0,55,805,21,1,4238,1,0.7216088613938225,0.2873515636331498
4174,1956,Master,Together,55249.0,0,1,2014-04-17,81,97,1,19,2,0,11,1,2,1,4,3,0,0,70,130,7,1,4277,0,-0.19733994043667635,-1.8278152840719806
9757,1972,Graduation,Together,84906.0,0,0,2013-10-04,98,997,15,414,99,30,76,1,5,6,12,2,0,0,54,1631,23,0,4472,3,3.3667321723287738,-0.3598697324171499
6918,1989,Graduation,Married,28691.0,1,0,2013-07-04,56,5,4,13,8,0,4,1,1,0,3,8,0,0,37,34,4,1,4564,2,-1.9151890518008992,-0.7396822115021461
286,1952,Graduation,Single,44213.0,1,1,2013-11-29,48,95,11,35,0,4,7,4,2,1,5,6,0,0,74,152,8,2,4416,0,-1.5677755671354165,0.1864361339483781
11086,1984,Basic,Single,25707.0,1,0,2014-01-18,18,1,6,2,3,6,3,1,1,0,3,7,0,0,42,21,4,1,4366,0,-1.8392938069496336,-1.4563454875219441
1921,1967,PhD,Married,59062.0,2,1,2013-10-03,74,46,1,12,3,0,9,2,2,0,3,4,0,0,59,71,5,3,4473,0,-1.4638131012754338,-0.31487483393434523
4138,1962,Graduation,Single,76624.0,0,1,2014-05-24,68,411,106,147,54,115,66,1,5,10,7,1,0,0,64,899,22,1,4240,3,2.201347755591171,-1.156099693484739
7718,1947,Master,Together,66000.0,0,0,2014-04-20,36,244,51,270,101,0,45,1,1,3,5,1,0,0,79,711,9,0,4274,3,1.4436055936418528,-2.1177397546418675
1291,1978,PhD,Together,27683.0,1,0,2012-08-04,90,152,9,121,12,12,45,4,6,2,4,8,0,0,48,351,12,1,4898,2,-1.3745638921810113,1.6424347687787173
6862,1971,Graduation,Divorced,1730.0,0,0,2014-05-18,65,1,1,3,1,1,1,15,0,0,0,20,0,0,55,8,0,0,4246,1,-5.382056162076971,3.845550864367379
4136,1992,Basic,Single,7500.0,1,0,2012-12-03,63,10,17,18,8,26,40,4,3,2,2,9,0,0,34,119,7,1,4777,2,-2.51812633092905,1.0205357274734916
803,1968,Graduation,Together,40521.0,1,1,2013-04-05,82,12,0,5,0,0,4,1,0,1,2,5,0,0,58,21,3,2,4654,0,-1.6737045487950128,-0.5237062077787076
4298,1973,PhD,Together,20427.0,1,0,2014-03-24,63,5,0,4,0,0,1,1,1,0,2,8,0,0,53,10,3,1,4301,0,-2.1879927691171344,-1.527915562119641
10833,1975,Graduation,Married,65106.0,0,1,2014-05-24,55,790,19,133,12,0,19,3,8,3,13,6,0,0,51,973,24,1,4240,3,1.1334119546955341,0.17173996437294659
9606,1965,PhD,Married,69969.0,0,0,2013-08-27,64,882,29,514,38,29,44,1,4,2,6,3,0,1,61,1536,12,0,4510,3,2.0759459821425805,-0.7643919533771953
8534,1952,Graduation,Married,67433.0,0,2,2013-07-16,51,615,28,259,12,48,30,4,6,5,13,4,0,0,74,992,24,2,4552,1,1.0020263891506072,1.419260256200982
5153,1967,PhD,Married,77766.0,0,1,2013-02-22,97,1004,59,265,115,59,27,2,11,10,11,6,0,1,59,1529,32,1,4696,3,2.4765118031760096,1.7280610701607422
961,1972,Graduation,Married,74716.0,0,1,2013-09-12,92,133,27,421,13,195,71,2,7,3,5,4,0,0,54,860,15,1,4494,3,1.1152531560287413,-0.08527586750207568
5011,1963,Graduation,Divorced,68118.0,0,1,2013-10-18,51,595,23,123,10,23,154,2,8,9,4,6,0,0,63,928,21,1,4458,3,1.05044794688161,0.2895093160516388
6653,1970,PhD,Married,55158.0,1,1,2012-07-30,72,293,0,87,4,11,23,4,7,2,5,7,0,1,56,418,14,2,4903,1,-0.8749619868765861,2.0582428946217743
9094,1955,2n Cycle,Married,62972.0,0,1,2012-08-03,39,313,15,47,20,0,192,2,7,4,3,6,0,1,71,587,14,1,4899,1,0.2147433694886187,1.0068439515293253
810,1975,Graduation,Married,74190.0,0,1,2014-05-12,49,151,81,86,168,91,64,2,4,2,11,2,0,0,51,641,17,1,4252,3,1.3707153416684215,-1.0208297837245648
5493,1976,Graduation,Married,39356.0,1,1,2014-03-19,21,15,0,2,0,0,6,1,1,0,2,6,0,0,50,23,3,2,4306,0,-1.8913166567915694,-1.4080502245582052
2147,1969,Graduation,Together,76653.0,0,0,2013-08-16,91,736,63,946,219,189,126,1,4,7,11,2,0,0,57,2279,22,0,4521,3,3.64763631326345,-0.0911341206316346
5107,1973,PhD,Divorced,35860.0,1,1,2014-05-19,37,15,0,8,4,2,20,2,1,1,2,5,0,0,53,49,4,2,4245,0,-1.7863368313559522,-1.3135509746174727
3979,1983,PhD,Divorced,90687.0,0,0,2013-05-22,98,982,17,672,23,34,51,1,6,2,8,2,0,1,43,1779,16,0,4607,3,3.179106525801786,-0.2386608371238827
6049,1982,Master,Together,73450.0,0,0,2013-12-05,85,1142,51,415,90,69,37,1,7,8,11,3,0,0,44,1804,26,0,4410,3,3.2650285120181164,-0.26834613541699404
8147,1960,Graduation,Married,31454.0,1,1,2013-07-06,40,28,0,11,0,0,9,3,2,0,3,8,0,0,66,48,5,2,4562,2,-2.397081949601004,0.2691303365461203
1857,1952,Graduation,Single,47139.0,1,1,2014-03-06,2,46,0,12,0,2,23,2,2,1,2,7,0,1,74,83,5,2,4319,0,-1.7861652871871245,-0.8003276901193093
3910,1975,Graduation,Divorced,83829.0,0,0,2013-10-08,78,897,161,430,186,161,27,0,4,7,6,1,0,1,51,1862,17,0,4468,3,3.3885015451817426,-1.0396064416767983
5207,1963,PhD,Married,53378.0,1,1,2012-09-24,41,489,6,152,8,6,132,10,9,4,6,8,0,1,63,793,19,2,4847,1,-0.9073267056365282,4.300308787303493
11114,1970,Graduation,Together,19656.0,1,0,2013-02-08,94,25,4,9,6,8,32,3,2,1,3,7,0,0,56,84,6,1,4710,2,-1.9157481173367807,0.29288746007963085
5429,1948,PhD,Married,45579.0,0,1,2013-08-20,10,145,1,33,2,1,1,1,4,1,4,6,0,0,78,183,9,1,4517,0,-0.7701602188060348,-0.8180436264485785
9400,1958,2n Cycle,Single,85485.0,0,0,2014-06-21,73,630,26,611,44,18,54,1,6,6,6,2,0,0,68,1383,18,0,4212,3,2.848026081585341,-1.3977716399306084
1740,1944,Graduation,Married,55956.0,0,0,2014-04-07,22,760,38,104,50,9,38,2,7,3,4,4,0,0,82,999,14,0,4287,3,1.1852638183835664,-1.1144583797051604
7488,1963,Master,Single,64191.0,0,1,2013-01-22,30,420,15,186,151,38,15,3,5,3,13,3,0,0,63,825,21,1,4727,3,1.3087944145249246,0.8906693440504495
195,1972,Graduation,Single,38808.0,1,0,2012-08-26,21,125,17,52,3,19,30,4,5,1,4,8,0,1,54,246,10,1,4876,2,-1.3557969189311074,1.4256763503442547
635,1966,Master,Married,57183.0,1,1,2013-03-19,51,464,5,64,7,0,70,8,9,1,7,8,0,0,60,610,17,2,4671,1,-0.9521401477712312,3.048093268192615
7527,1968,Master,Divorced,23748.0,1,0,2012-11-21,97,6,6,29,12,15,8,3,2,1,3,8,0,0,58,76,6,1,4789,2,-1.9961493996009625,0.6476126281557741
10319,1971,Graduation,Married,66303.0,0,1,2013-02-26,56,1090,12,96,16,12,60,4,3,4,11,8,0,0,55,1286,18,1,4692,1,0.6357112445382765,1.805589782748955
2296,1975,Master,Married,37368.0,1,0,2013-12-16,4,3,2,11,2,2,10,1,1,0,2,6,0,0,51,30,3,1,4399,0,-1.4653618160337616,-1.5014413251289336
10637,1964,Graduation,Married,40800.0,1,2,2013-01-01,77,24,0,27,8,30,10,2,3,0,3,7,1,0,62,99,6,3,4748,2,-2.2928103780417906,0.7817057948185674
2931,1978,Graduation,Divorced,71847.0,0,0,2012-09-21,95,737,21,106,55,63,210,0,6,7,9,3,0,0,48,1192,22,0,4850,3,2.556068016425048,0.20209689971774056
907,1975,Graduation,Married,46149.0,0,1,2013-11-29,36,254,6,71,4,0,27,5,5,1,7,5,0,0,51,362,13,1,4416,1,-0.4739145325410304,0.362530646425984
3698,1983,Graduation,Together,78687.0,0,0,2012-08-09,13,817,185,687,145,55,241,1,4,6,8,2,0,1,43,2130,18,0,4893,3,3.3016026995850734,0.5993354665185205
9516,1971,2n Cycle,Divorced,49118.0,0,0,2012-08-18,90,620,54,239,99,98,119,2,9,7,10,7,0,1,55,1229,26,0,4884,3,1.5017363247360034,1.5372904965907335
679,1957,PhD,Married,37633.0,1,1,2012-09-20,49,13,4,20,0,0,1,2,1,0,3,9,0,0,69,38,4,2,4851,2,-2.416785327870739,0.8329215355356006
7384,1951,Master,Together,39767.0,0,0,2013-07-21,18,113,61,204,34,26,47,2,7,1,7,8,0,0,75,485,15,0,4547,2,-0.21336231705135983,-0.1204170673670385
5043,1951,Basic,Married,26997.0,0,0,2012-11-05,89,7,23,78,133,49,144,2,4,2,5,7,0,0,75,434,11,0,4805,2,-0.6036163557445112,0.2766242199463365
5267,1970,Graduation,Divorced,33986.0,1,0,2013-03-14,43,16,2,18,2,1,5,1,1,0,3,7,0,0,56,44,4,1,4676,2,-1.619945507770234,-0.5516606333502795
339,1972,PhD,Married,57091.0,0,1,2012-11-23,82,462,0,24,6,0,4,2,9,2,5,7,0,1,54,496,16,1,4787,1,-0.025008125211770066,0.9123844372888924
2516,1969,2n Cycle,Married,46831.0,1,1,2013-06-08,84,22,2,10,6,4,34,2,1,2,2,4,0,0,57,78,5,2,4590,0,-1.26178706610252,-0.3561190500571778
9010,1972,Master,Married,83151.0,0,0,2013-02-10,80,968,147,842,137,42,210,1,5,7,10,2,0,1,54,2346,22,0,4708,3,3.850009868798419,0.4502404919337037
378,1971,Graduation,Married,52531.0,0,0,2012-12-30,68,283,112,151,51,72,125,2,7,2,10,6,0,0,55,794,19,0,4750,3,0.9390391700292714,0.573841096812342
4808,1956,Graduation,Married,15759.0,0,0,2013-09-05,12,1,2,5,6,0,3,1,1,0,2,7,0,0,70,17,3,0,4501,2,-1.6621939912049588,-1.5065825335843472
5068,1971,Graduation,Single,22804.0,1,0,2013-07-31,75,14,1,7,2,1,1,1,2,0,2,9,0,0,55,26,4,1,4537,2,-2.2189958963970673,-0.6939466814194273
7628,1973,2n Cycle,Married,43050.0,1,0,2014-03-18,10,30,5,24,6,3,8,2,2,0,4,5,0,0,53,76,6,1,4307,0,-1.0127817455077146,-1.3658617525160042
7128,1977,PhD,Single,42997.0,1,1,2013-12-07,91,4,0,5,0,1,5,1,1,0,2,7,0,0,49,15,3,2,4408,0,-1.9617350058114027,-0.9188627138760962
2811,1963,PhD,Single,48918.0,1,1,2014-04-12,21,52,0,9,0,0,1,2,1,0,4,4,0,0,63,62,5,2,4282,0,-1.2514758201799343,-1.2522327044665524
3551,1954,Master,Together,60033.0,0,1,2014-03-29,28,62,1,57,19,11,48,2,2,1,5,2,0,0,72,198,8,1,4296,0,0.11090689483214844,-1.545702723639007
1663,1978,PhD,Together,34043.0,1,0,2013-10-25,97,20,2,14,3,0,10,1,2,0,2,9,0,0,48,49,4,1,4451,2,-1.9401317091321608,-0.8465237794720905
5543,1966,Graduation,Together,57811.0,0,1,2013-06-24,49,545,7,114,37,21,78,5,7,2,11,5,0,0,60,802,20,1,4574,1,0.601426963531412,1.320317877277753
1577,1946,Graduation,Married,78569.0,0,0,2014-02-19,14,558,79,622,207,175,95,1,4,6,4,1,0,1,80,1736,14,0,4334,3,2.8818115849285046,-1.3472677119036827
10641,1978,Graduation,Single,7500.0,1,1,2012-12-27,5,6,5,4,13,4,25,4,2,1,3,6,0,0,48,57,6,2,4753,2,-2.6120217797514567,0.7703085109614588
5336,1971,Master,Together,157733.0,1,0,2013-06-04,37,39,1,9,2,0,8,0,1,0,1,1,0,0,55,59,2,1,4594,3,2.1555894668535065,-1.4243024826258115
6024,1953,Graduation,Together,94384.0,0,0,2013-03-04,62,1111,24,790,160,45,172,0,5,8,5,2,0,1,73,2302,18,0,4686,3,3.8828684542138117,-0.10464401612776805
1878,1985,2n Cycle,Married,23148.0,0,0,2014-02-18,83,4,6,8,6,3,10,1,2,0,3,7,0,0,41,37,5,0,4335,0,-1.3335031477510664,-1.746440842168624
3099,1970,Graduation,Divorced,44267.0,1,1,2013-02-25,48,183,5,65,3,5,49,5,5,2,4,9,0,0,56,310,11,2,4693,1,-1.8217733349320642,1.8222624264146197
6055,1979,Graduation,Married,71626.0,0,0,2012-11-01,94,546,72,376,94,145,72,1,5,5,8,3,0,0,47,1305,18,0,4809,3,2.3170748302762876,0.27300151040835324
5841,1966,Graduation,Together,60894.0,0,1,2013-06-28,61,606,7,155,10,0,54,5,10,3,8,7,0,0,60,832,21,1,4570,1,0.4249932777141003,1.640372711733515
3972,1976,Graduation,Together,50200.0,1,1,2013-04-03,70,266,6,51,8,6,64,6,7,1,5,8,0,0,50,401,13,2,4656,1,-1.384087359215159,2.0949532195613507
4394,1965,PhD,Married,81051.0,0,0,2014-05-23,43,1142,29,249,38,29,14,1,5,5,12,2,0,0,61,1501,22,0,4241,3,3.089014463422199,-1.1491880901578517
5758,1982,Graduation,Married,65169.0,0,0,2014-01-14,23,1074,0,69,0,0,46,1,10,4,13,6,0,1,44,1189,27,0,4370,3,2.1093668473288134,-0.27309807705606115
6658,1972,Graduation,Together,59868.0,0,1,2013-07-22,37,771,51,154,54,10,154,7,11,2,12,6,0,0,54,1194,25,1,4546,1,0.9677584129484551,2.3781814396594823
4603,1960,PhD,Married,65695.0,0,1,2014-01-31,50,371,32,189,0,58,6,2,5,4,10,4,0,0,66,656,19,1,4353,3,0.9811204474362479,-0.43811815311483815
8427,1956,Master,Single,64857.0,0,0,2012-11-23,78,556,14,717,210,0,43,1,7,5,10,4,0,0,70,1540,22,0,4787,3,2.435666529722908,0.5551080174883232
10260,1965,Master,Together,45143.0,0,1,2013-08-26,74,202,5,74,11,5,14,3,6,1,5,7,0,0,61,311,12,1,4511,0,-0.780968030979207,0.19111546922219735
7143,1955,2n Cycle,Together,74805.0,0,1,2013-11-06,14,209,162,209,41,162,37,5,4,7,10,2,0,0,71,820,21,1,4439,3,1.5588633479179208,0.6664858092776317
8789,1989,2n Cycle,Married,59060.0,1,0,2014-01-11,77,35,40,111,36,40,12,3,3,1,7,4,0,0,37,274,11,1,4373,0,-0.0538133360620207,-0.5510624870854555
6197,1962,PhD,Single,27238.0,1,1,2013-04-20,39,37,0,17,0,0,3,3,3,0,3,9,0,0,64,57,6,2,4639,2,-2.5899253085595295,0.6308189209566929
4554,1965,Graduation,Together,47009.0,0,1,2013-10-01,89,171,45,73,59,10,90,4,3,2,8,4,0,0,61,448,13,1,4475,0,-0.12527663552869425,0.16343562670344966
4937,1973,2n Cycle,Married,46094.0,1,1,2014-06-10,62,12,2,20,3,2,5,1,1,0,3,7,0,0,53,44,4,2,4223,0,-1.8161420184991692,-1.3809532561102036
1920,1972,Graduation,Married,40321.0,1,1,2013-07-29,59,44,4,21,6,0,27,2,3,0,3,7,0,0,54,102,6,2,4539,0,-1.8413477108739091,-0.12103624289264382
8749,1984,Graduation,Together,37235.0,1,0,2014-02-01,68,20,2,9,4,6,20,1,1,1,2,4,0,0,42,61,4,1,4352,0,-1.0237884292133148,-1.7503909452097242
1650,1960,Master,Married,81843.0,0,0,2013-04-22,13,779,86,537,34,69,138,1,5,9,12,3,0,0,66,1643,26,0,4637,3,3.3056313000257056,0.24197515915697973
10377,1958,Master,Together,46692.0,0,1,2013-06-06,37,170,6,97,24,12,88,3,6,1,5,6,0,0,68,397,12,1,4592,2,-0.5158538681122189,0.2797797769974841
9206,1968,Graduation,Together,77382.0,0,1,2014-01-07,36,491,48,231,112,105,134,2,5,7,12,1,0,0,58,1121,24,1,4377,3,2.447437057048846,-0.3265364816055044
10971,1977,Graduation,Single,37774.0,2,0,2012-09-03,28,173,8,107,7,2,176,4,7,2,3,9,1,1,49,473,12,2,4868,1,-1.7018802036373915,2.0204196235768617
6398,1974,Basic,Married,18393.0,1,0,2014-03-29,2,7,10,13,16,0,4,2,3,0,3,8,0,0,52,50,6,1,4296,0,-2.1025635826819533,-1.1420596834285024
9212,1962,Master,Married,72828.0,0,1,2013-02-14,17,1205,0,235,19,14,205,6,6,3,13,7,0,0,64,1678,22,1,4704,1,1.3705734119721078,2.665342013524622
7937,1982,Graduation,Married,24711.0,0,0,2014-04-18,86,10,7,25,6,3,7,1,3,0,3,7,0,0,44,58,6,0,4276,0,-1.2176690102707535,-1.842874327317498
839,1975,PhD,Married,45503.0,1,0,2013-09-25,54,97,4,44,6,1,18,1,3,1,4,5,0,0,51,170,8,1,4481,0,-0.6645342978801432,-1.0407630819567668
4246,1982,Master,Single,6560.0,0,0,2013-12-12,2,67,11,26,4,3,262,0,1,0,1,17,0,0,44,373,2,0,4403,2,-3.261908435622311,-0.822517140127985
158,1945,PhD,Together,71604.0,0,0,2013-11-17,3,345,53,528,98,75,97,1,8,3,5,4,0,1,81,1196,16,0,4428,3,1.8982444449336058,-0.8578558761032975
4832,1979,Graduation,Married,27244.0,1,0,2014-03-07,84,6,5,17,3,24,46,2,2,2,2,7,0,0,47,101,6,1,4318,0,-1.6663944771305983,-1.0619346726191046
5621,1969,Graduation,Married,48752.0,1,1,2012-12-12,8,73,57,100,71,15,0,5,6,1,5,9,0,1,57,316,12,2,4768,1,-1.662435076167414,2.0457833821491818
1945,1962,Graduation,Married,71434.0,0,1,2013-09-18,4,711,36,217,172,96,168,3,7,4,7,4,0,0,64,1400,18,1,4488,3,1.5753053372463848,0.43567319202189364
5147,1948,Graduation,Single,90842.0,0,0,2013-07-29,57,774,70,118,182,187,93,1,4,9,13,1,0,0,78,1424,26,0,4539,3,3.6788396968941712,-0.2604651459215715
2535,1978,Master,Married,88097.0,1,0,2012-08-18,24,163,0,480,0,126,75,1,6,5,8,9,0,1,48,844,19,1,4884,1,0.873629853601931,1.4174377740897735
11039,1975,Graduation,Married,51948.0,0,1,2013-09-17,51,82,33,54,71,30,41,2,5,2,4,5,0,0,51,311,11,1,4489,0,-0.28640214814988296,-0.48541590719050765
9495,1982,Graduation,Together,71853.0,0,0,2013-05-08,29,358,108,413,141,97,32,1,2,8,6,1,0,0,44,1149,16,0,4621,3,2.3828445486107013,-0.6980647303031161
9635,1983,Master,Married,35876.0,0,0,2014-04-20,13,66,2,40,4,3,14,1,3,1,3,6,0,0,43,129,7,0,4274,0,-0.6956012299834591,-1.9376459474421166
2173,1952,Graduation,Widow,40049.0,0,1,2013-10-16,23,13,6,7,0,3,3,1,1,0,3,6,0,0,74,32,4,1,4460,0,-1.3330117027187025,-1.2589534650588268
942,1982,Graduation,Single,39660.0,1,0,2012-08-08,36,139,13,78,20,13,36,3,7,1,3,9,0,1,44,299,11,1,4894,2,-1.3208992559416197,1.356887166096225
9386,1962,Graduation,Together,50127.0,0,1,2014-05-29,88,274,0,21,4,6,15,1,5,1,6,6,0,0,64,320,12,1,4235,0,-0.34641018117952627,-1.2884102306752172
5510,1977,Master,Married,43263.0,0,1,2012-11-21,2,262,6,61,0,10,102,3,5,2,6,5,0,0,49,441,13,1,4789,2,-0.3323618758698293,0.693171620902814
873,1949,Master,Married,62845.0,1,1,2012-10-01,3,1099,0,45,0,0,34,11,3,4,10,8,0,1,77,1178,17,2,4840,1,-0.5869239314625064,4.646593740390179
2253,1990,Graduation,Married,18929.0,0,0,2013-02-16,15,32,0,8,23,4,18,1,1,0,4,6,0,0,36,85,5,0,4702,2,-1.234753744968003,-0.9592216604174728
5181,1982,Basic,Single,24367.0,1,0,2013-03-20,58,2,4,2,0,11,5,1,1,0,2,9,0,0,44,24,3,1,4670,2,-2.251196318548418,-0.3942928420250819
979,1975,Graduation,Single,33249.0,1,0,2013-02-20,11,6,10,21,19,14,42,2,2,1,3,6,0,0,51,112,6,1,4698,2,-1.3674187755928644,-0.21568747682443087
10390,1959,2n Cycle,Married,26887.0,0,1,2013-02-10,27,6,7,4,3,4,6,1,1,0,3,6,0,0,67,30,4,1,4708,2,-1.62778651313987,-0.6420370004393403
4698,1983,PhD,Married,50150.0,0,0,2013-06-20,32,135,46,92,65,61,11,2,5,2,7,5,0,0,43,410,14,0,4578,3,0.4085334490800887,-0.42315137375296025
7793,1976,Graduation,Together,62061.0,0,1,2013-08-31,12,641,7,84,0,30,38,3,10,4,7,6,0,0,50,800,21,1,4506,1,0.7242469333626935,0.631674433114751
1745,1962,PhD,Divorced,85696.0,0,0,2013-05-03,88,714,76,395,116,0,12,1,4,6,9,1,0,1,64,1313,19,0,4626,3,3.0388666214192064,-0.3689410911191807
10590,1956,PhD,Together,76542.0,0,0,2013-03-30,91,794,73,573,0,29,14,1,4,8,10,2,0,0,70,1483,22,0,4660,3,2.993275398759889,0.007327402104880828
5080,1993,Graduation,Single,70515.0,0,0,2013-10-21,12,420,0,452,182,64,140,1,6,6,4,2,0,1,33,1258,16,0,4455,3,2.265359848985453,-1.0072316097998315
8369,1987,Graduation,Together,18227.0,1,0,2012-11-08,21,1,2,7,4,3,11,1,0,1,2,8,0,0,39,28,3,1,4802,2,-2.2270046242600814,-0.22854742453833782
5232,1965,Graduation,Married,69139.0,0,1,2014-01-27,23,86,12,75,33,15,6,1,4,1,5,4,0,0,61,227,10,1,4357,0,0.20247628194706585,-1.3251737737818783
2407,1982,Graduation,Married,69109.0,0,0,2012-11-09,10,823,25,459,124,29,95,1,6,6,7,4,0,1,44,1555,19,0,4801,3,2.334837323515565,0.4040602426014071
3834,1962,Graduation,Single,69627.0,0,1,2013-03-17,35,231,161,215,171,30,53,2,8,2,11,5,0,0,64,861,21,1,4673,3,1.1974001012798614,0.7091931300668315
7912,1978,Graduation,Married,38136.0,1,0,2013-04-22,69,8,15,27,0,20,33,2,3,1,2,8,0,0,48,103,6,1,4637,2,-1.585588613494563,-0.04937402581247304
7712,1946,PhD,Single,62159.0,0,0,2014-04-28,68,182,17,259,77,70,29,1,6,2,10,4,0,0,80,634,18,0,4266,3,1.365084339958523,-1.364687691074228
1065,1963,Graduation,Single,80695.0,0,0,2013-12-29,85,557,129,984,193,37,18,1,5,8,5,2,0,0,63,1918,18,0,4386,3,3.185590516480117,-0.7507687459513332
7275,1971,Master,Single,33316.0,1,1,2013-10-04,34,79,1,31,4,4,12,3,2,1,4,6,0,0,55,131,7,2,4472,0,-1.8257223081616991,-0.10173016844401106
1343,1968,Graduation,Together,58554.0,1,1,2012-09-26,55,368,24,68,38,0,88,6,8,2,6,7,0,0,58,586,16,2,4845,1,-0.6851981510728054,2.697316715617783
1384,1992,Basic,Married,17256.0,1,0,2013-11-23,10,6,4,14,8,8,22,2,2,1,2,8,0,0,34,62,5,1,4422,2,-2.1772204305306886,-0.8398380825731531
9967,1974,Graduation,Divorced,53034.0,1,1,2013-05-30,30,160,15,196,15,11,50,8,6,1,7,8,0,0,52,447,14,2,4599,1,-1.3773652612542269,2.6213038521491008
6181,1950,2n Cycle,Together,52203.0,0,0,2012-07-31,36,488,21,238,56,108,28,1,8,7,11,6,0,0,76,939,26,0,4902,3,1.5594660699801037,0.9881479955788407
10507,1977,2n Cycle,Divorced,59601.0,0,1,2013-07-25,14,691,7,69,0,7,23,4,2,2,7,8,0,0,49,797,11,1,4543,1,-0.375828816170521,0.8434388555230004
2674,1958,Master,Single,75154.0,0,1,2012-09-04,79,543,10,205,160,143,82,1,6,3,6,3,0,1,68,1143,15,1,4867,3,1.6020411795007619,0.5541445533983524
2698,1976,Graduation,Single,47025.0,0,1,2013-11-07,52,254,7,108,20,0,26,3,6,3,5,6,0,0,50,415,14,1,4438,0,-0.36520884661306885,-0.0198973882944062
3231,1973,Graduation,Married,37971.0,1,0,2013-11-25,97,5,4,10,2,2,7,1,1,0,3,8,0,0,53,30,4,1,4420,0,-1.6983132131361904,-1.0447782695534726
4096,1968,Master,Divorced,41335.0,1,0,2013-12-26,24,112,19,21,16,14,5,3,4,1,4,7,0,0,58,187,9,1,4389,0,-1.1758354296157176,-0.3875976744296809
10476,1958,Graduation,Married,67267.0,0,1,2014-05-13,0,134,11,59,15,2,30,1,3,2,5,2,0,0,68,251,10,1,4251,0,0.5088730389787354,-1.8845678890793465
5948,1975,Graduation,Single,57338.0,0,1,2014-04-29,96,143,6,52,11,8,17,2,4,1,5,5,0,0,51,237,10,1,4265,0,-0.27870390614615215,-1.0871448557471597
9140,1960,2n Cycle,Together,50523.0,1,1,2013-12-25,89,51,4,24,4,7,1,2,2,0,4,6,0,0,66,91,6,2,4390,0,-1.4437830679662935,-0.5749085254887213
10258,1965,Master,Single,35791.0,2,1,2013-05-06,94,27,0,5,0,0,3,2,1,0,3,8,0,0,61,35,4,3,4623,2,-2.751465063628208,0.4549408860615175
5675,1960,PhD,Divorced,50611.0,0,1,2012-10-04,98,459,0,24,6,0,4,6,4,5,7,6,0,0,66,493,16,1,4837,1,-0.2915952891007894,2.214853458416144
4743,1969,PhD,Married,56242.0,0,1,2013-03-03,72,689,8,167,11,8,88,5,8,4,11,6,0,0,57,971,23,1,4687,1,0.7343114899618294,1.9625912739784286
8805,1960,Graduation,Single,48904.0,0,1,2012-12-02,1,283,10,38,0,13,27,4,7,2,4,8,0,0,66,371,13,1,4778,1,-0.8419369957645284,1.3607278056435528
1542,1975,Graduation,Single,56243.0,1,2,2013-12-30,26,347,0,35,4,3,7,6,4,2,8,5,0,0,51,396,14,3,4385,1,-1.1676518805129443,1.3306997148118813
6770,1985,Graduation,Married,21355.0,1,0,2013-08-20,5,5,13,14,0,5,31,2,2,1,2,6,0,1,41,68,5,1,4517,2,-1.7414445815115358,-0.8195427366270897
8773,1971,Master,Together,57420.0,0,1,2013-06-25,22,280,0,18,0,0,24,3,5,1,6,7,0,0,55,322,12,1,4573,2,-0.5077986027841014,0.3549888317999172
10475,1970,Master,Together,51381.5,0,1,2013-04-01,39,187,5,65,26,20,14,2,4,2,6,5,0,0,56,317,12,1,4658,2,-0.2317567002895969,0.0013500175476059992
10420,1955,Master,Divorced,46390.0,0,1,2014-05-05,56,95,14,64,2,9,38,1,4,2,3,7,0,0,71,222,9,1,4259,0,-0.879360069843647,-1.3202542222515214
7514,1956,2n Cycle,Together,54342.0,1,1,2013-07-03,74,84,10,34,11,10,28,4,3,1,4,6,0,0,70,177,8,2,4565,0,-1.307264800357362,0.6671113351178114
2902,1958,Graduation,Together,51381.5,1,1,2012-09-03,87,19,4,12,2,2,6,1,1,0,3,5,0,0,68,45,4,2,4868,2,-1.3392919506017282,0.15668701964485282
4345,1964,2n Cycle,Single,51381.5,1,1,2014-01-12,49,5,1,9,2,0,4,1,1,0,2,7,0,0,62,21,3,2,4372,0,-1.779669781995491,-1.0256046105066512
793,1973,Graduation,Married,20895.0,1,0,2012-10-06,24,18,3,17,3,0,4,1,2,0,3,9,0,0,53,45,5,1,4835,2,-2.193460074929276,0.09576279354130914
10909,1948,Graduation,Married,92344.0,0,0,2014-01-15,9,992,24,694,51,19,119,0,5,10,5,1,0,0,78,1899,20,0,4369,3,3.7796649305614927,-1.1986546713568456
3769,1972,PhD,Together,51381.5,1,0,2014-03-02,17,25,1,13,0,0,3,1,1,0,3,7,0,0,54,42,4,1,4323,0,-1.2407306641802127,-1.4595495214352565
8702,1976,2n Cycle,Together,26907.0,1,1,2013-08-20,10,9,1,7,0,3,2,2,1,0,3,7,0,0,50,22,4,2,4517,2,-2.35269357191194,-0.4086473479639675
4791,1980,Graduation,Together,44964.0,1,1,2012-12-16,35,19,1,17,2,0,2,1,1,0,3,8,0,0,46,41,4,2,4764,2,-2.011895376843874,0.16443977070379157
2963,1979,Graduation,Together,75507.0,0,0,2014-05-02,56,709,93,374,104,80,80,1,8,6,6,3,0,0,47,1440,20,0,4262,3,2.621989991322195,-1.088481374773201
8216,1972,Master,Married,53761.0,1,1,2013-10-11,7,158,0,76,13,7,71,6,4,4,3,5,0,0,54,325,11,2,4465,1,-1.0075391649031342,1.035022024079819
8140,1973,Graduation,Together,22682.0,1,0,2013-10-03,51,10,14,29,4,2,36,3,2,1,4,4,0,0,53,95,7,1,4473,0,-1.2849781448341926,-0.7047724631098677
10146,1972,PhD,Together,38887.0,1,0,2014-03-02,17,25,1,13,0,0,3,1,1,0,3,7,0,0,54,42,4,1,4323,0,-1.5241220962717432,-1.5113373967340173
5289,1975,2n Cycle,Single,41658.0,1,1,2012-11-09,30,8,4,12,15,4,29,2,1,1,2,4,0,0,51,72,4,2,4801,2,-1.45967591029364,0.08315056509193908
2587,1972,PhD,Married,29791.0,1,0,2014-05-15,21,14,0,6,0,0,0,2,2,0,3,5,0,0,54,20,5,1,4249,0,-1.420509308222865,-1.6294783359682707
4405,1956,Master,Married,63915.0,0,2,2013-07-30,2,622,7,115,30,0,15,2,6,3,12,5,0,0,70,789,21,2,4538,1,0.5278718757029963,0.5795777192210825
8663,1974,Graduation,Divorced,39996.0,1,1,2014-05-22,85,11,0,3,0,0,1,1,1,0,2,6,0,0,52,15,3,2,4242,0,-1.8655301566876537,-1.5094052562232176
2589,1972,Graduation,Divorced,26759.0,1,0,2014-02-07,65,25,3,16,8,5,2,2,2,1,3,6,0,0,54,59,6,1,4346,0,-1.5481892240403627,-1.148683076266366
3421,1968,Master,Divorced,63841.0,0,1,2013-04-21,64,635,15,100,20,7,131,1,9,3,9,6,0,0,58,908,21,1,4638,3,1.0168089670715785,0.43831844688113814
10490,1969,PhD,Married,51039.0,1,1,2012-12-10,11,100,64,79,65,0,109,2,6,2,4,7,0,0,57,417,12,2,4770,2,-0.9701954190580193,0.8730607930847786
4094,1961,Graduation,Married,60544.0,1,1,2012-08-25,92,201,2,43,3,5,35,4,5,1,5,6,0,0,65,289,11,2,4877,1,-0.8741970120295361,1.727619630517358
9958,1972,Graduation,Married,65685.0,0,1,2014-03-29,54,642,14,49,0,7,57,1,9,2,9,5,0,0,54,769,20,1,4296,3,1.0412494516155093,-0.7038746106809962
2534,1953,Graduation,Married,37716.0,0,1,2014-04-21,4,97,1,41,6,2,41,2,4,1,3,7,0,0,73,188,8,1,4273,0,-1.2553261805755282,-1.1077480481960646
4188,1957,Graduation,Single,36864.0,0,1,2012-08-13,53,204,5,39,17,0,89,3,5,2,4,8,0,1,69,354,11,1,4889,2,-1.1653002485892212,1.2452403221463595
6613,1970,Master,Married,44511.0,1,0,2012-10-12,39,513,7,133,46,14,14,6,8,4,8,8,0,0,56,727,20,1,4829,1,-0.3400036041022196,2.613826376934014
10827,1967,PhD,Married,36947.0,1,1,2012-08-07,49,88,3,21,4,1,29,4,3,0,4,9,0,0,59,146,7,2,4895,2,-2.2989153203872608,1.7731748823252693
5491,1951,Master,Together,47352.0,0,1,2013-04-11,70,172,12,112,8,0,15,4,6,1,5,7,0,0,75,319,12,1,4648,1,-0.796043856833554,0.8930767546248274
8402,1953,Master,Married,67087.0,0,1,2013-12-17,40,329,35,222,130,35,43,2,7,5,8,4,0,0,73,794,20,1,4398,3,1.1871570424104827,-0.22921686698587881
8783,1950,Graduation,Married,57045.0,0,1,2012-09-08,40,296,13,104,11,13,17,3,4,2,9,3,0,0,76,454,15,1,4863,1,0.46763342011743625,0.8379265964494333
10010,1953,PhD,Divorced,36957.0,1,1,2012-09-06,43,100,2,16,2,1,31,4,3,2,2,9,0,1,73,152,7,2,4865,2,-2.2960424203474497,1.6878557647620995
618,1977,PhD,Married,69389.0,0,1,2012-09-28,17,422,7,238,69,46,15,1,7,2,12,4,0,0,49,797,21,1,4843,3,1.3787366442824411,0.6736749268136341
9121,1972,Graduation,Married,80134.0,1,0,2013-05-20,40,1218,16,272,104,0,80,2,5,3,6,6,0,1,54,1690,14,1,4609,3,1.505884799164363,0.6797980708580744
361,1969,Master,Married,43142.0,1,1,2014-02-18,84,5,1,7,2,1,4,1,1,0,2,7,0,0,57,20,3,2,4335,0,-1.9576489700407236,-1.1208528444011474
4310,1944,Graduation,Married,80589.0,0,0,2014-01-22,25,507,93,520,242,40,26,1,5,10,5,1,0,1,82,1428,20,0,4362,3,3.0576611687873716,-1.0857494279733493
2678,1990,Graduation,Single,34412.0,1,0,2013-02-13,62,52,12,50,4,36,55,3,5,0,3,9,0,0,36,209,8,1,4705,2,-1.6991397585145283,0.6879740720404461
6376,1979,Graduation,Single,57537.0,1,0,2013-06-10,83,191,56,139,51,8,100,4,4,3,8,4,0,0,47,545,15,1,4588,1,0.3198589711233197,0.6288956186502945
524,1966,Basic,Together,22634.0,0,0,2013-01-16,47,2,23,11,8,6,46,1,2,1,2,8,0,0,60,96,5,0,4733,2,-1.4694230122264662,-0.5720608451882078
10341,1948,Graduation,Together,51315.0,0,0,2014-02-23,45,68,28,39,16,30,41,1,2,2,5,2,0,0,78,222,9,0,4330,0,0.5433832184584898,-2.0624760354077902
5654,1972,Graduation,Married,36026.0,2,1,2014-03-16,34,20,4,10,6,4,17,2,2,0,3,6,0,0,54,61,5,3,4309,0,-2.346878002711771,-0.6507960921382894
4098,1973,Graduation,Married,24639.0,1,1,2014-01-28,3,20,3,16,0,4,1,3,2,0,4,6,0,0,53,44,6,2,4356,0,-2.1684134435662394,-0.5598805114543641
5824,1972,PhD,Together,34578.0,2,1,2014-04-11,1,7,0,1,0,0,0,1,1,0,2,6,0,0,54,8,3,3,4283,0,-2.4870638542369266,-1.1980906127757964
7000,1972,2n Cycle,Single,65704.0,0,0,2013-10-13,18,279,172,74,38,8,246,1,2,10,10,1,0,0,54,817,22,0,4463,3,2.3440148061820496,-1.0039293149261017
2561,1966,Graduation,Single,63810.0,0,1,2012-11-11,45,977,12,253,16,12,101,4,4,3,12,8,0,0,60,1371,19,1,4799,1,0.7108303755817396,2.1458759940949084
5229,1969,PhD,Together,54132.0,0,1,2014-02-16,81,30,1,8,0,0,3,1,1,0,3,7,0,0,57,42,4,1,4337,0,-1.1591741081567684,-1.339380837858842
4086,1959,Graduation,Married,18690.0,0,0,2012-12-28,77,6,1,7,23,4,19,1,1,1,2,8,0,0,67,60,4,0,4752,2,-1.6425068079752483,-0.5617337082394139
2428,1970,Graduation,Married,28164.0,1,0,2013-05-04,23,3,18,26,11,8,12,3,2,0,4,7,0,0,56,78,6,1,4625,2,-1.7501566119262506,0.0183725789913323
8254,1974,PhD,Married,34596.0,1,0,2013-04-13,48,14,0,2,0,0,7,1,1,0,2,8,0,0,52,23,3,1,4646,2,-1.8545087227845343,-0.5524630791914161
2836,1972,PhD,Married,43269.0,1,0,2013-09-16,61,10,1,7,0,0,1,1,1,0,2,8,0,0,54,19,3,1,4490,2,-1.659887922509508,-0.9234791578778867
8418,1958,2n Cycle,Single,38741.0,1,1,2014-03-30,60,7,10,17,8,6,13,2,2,0,3,7,0,0,68,61,5,2,4295,0,-1.97797337560605,-0.8429526516648138
1362,1972,Graduation,Single,31907.0,0,0,2013-03-04,75,33,87,64,175,16,74,1,6,1,6,7,0,0,54,449,13,0,4686,2,-0.2867090159659418,-0.26870895623666696
7152,1983,Master,Married,27100.0,1,0,2013-04-05,64,12,0,13,2,0,10,1,1,0,3,7,0,0,43,37,4,1,4654,2,-1.7760434515150818,-0.6185353075330251
10033,1973,2n Cycle,Divorced,31163.0,1,0,2014-02-13,54,2,3,10,11,2,10,1,1,0,3,6,0,0,53,38,4,1,4340,0,-1.5224958819550558,-1.5823733192455518
9349,1985,Graduation,Married,92533.0,0,0,2013-12-19,84,693,21,118,110,147,42,1,6,5,11,2,0,0,41,1131,22,0,4396,3,3.0601148474230886,-0.7667171883141719
274,1973,Graduation,Single,34853.0,1,1,2013-12-23,75,9,3,15,2,3,2,2,2,0,3,6,0,0,53,34,5,2,4392,0,-1.9133928550639308,-0.7150823376520646
3388,1967,Graduation,Divorced,70844.0,1,1,2013-10-30,16,129,26,67,3,67,2,5,6,1,5,7,0,0,59,294,12,2,4446,1,-0.844811400187143,1.0226692885106463
922,1979,2n Cycle,Married,31086.0,1,1,2013-05-04,79,16,2,11,3,0,16,2,1,1,2,8,0,0,47,48,4,2,4625,2,-2.3831597004093474,0.10957420462367115
8588,1961,Graduation,Married,60544.0,1,1,2012-08-25,92,201,2,43,3,5,35,4,5,1,5,6,0,0,65,289,11,2,4877,1,-0.8741970120295361,1.727619630517358
2518,1986,2n Cycle,Together,20491.0,0,0,2013-01-25,16,5,4,5,4,2,10,1,0,1,2,7,0,0,40,30,3,0,4724,2,-1.5392067822892805,-0.877620319378068
574,1964,Graduation,Married,42523.0,0,0,2014-04-23,96,14,36,11,3,26,35,1,1,1,4,2,0,0,62,125,6,0,4271,0,0.08861348074039603,-2.3707214123418456
3220,1983,Graduation,Married,39922.0,1,0,2013-02-14,30,29,12,59,19,1,36,2,3,0,4,8,0,0,43,156,7,1,4704,2,-1.448679571428127,0.15878776064712002
5967,1952,Graduation,Together,33402.0,1,1,2013-07-18,60,26,2,19,10,5,8,3,2,1,3,8,0,0,74,70,6,2,4550,2,-2.265865259255794,0.32006146513792477
1183,1949,Master,Married,36408.0,1,1,2013-09-21,11,9,1,4,3,2,3,1,1,0,2,6,0,0,77,22,3,2,4485,0,-1.9589178011705322,-0.9497769706057074
6856,1979,Graduation,Together,21645.0,1,0,2012-09-03,75,14,0,23,4,5,19,3,3,0,3,9,0,1,47,65,6,1,4868,2,-2.22692284587595,0.9478593498619265
4530,1948,Master,Widow,78427.0,0,0,2012-10-24,36,972,19,595,180,26,138,3,3,7,10,3,0,1,78,1930,20,0,4817,3,2.948654890898849,1.2164261878503928
1553,1946,Graduation,Together,82657.0,0,0,2013-09-27,71,966,168,672,246,105,126,1,7,5,10,4,0,0,80,2283,22,0,4479,3,3.4427334806108285,0.04883979394055276
4682,1958,Graduation,Married,51876.0,0,0,2013-10-15,88,99,27,102,28,48,6,1,2,2,8,1,0,0,68,310,12,0,4461,3,1.001968334997042,-1.6177136432112111
8204,1971,2n Cycle,Married,78041.0,0,0,2012-12-16,93,482,35,553,72,160,17,1,4,4,9,2,0,0,55,1319,17,0,4764,3,2.578649737556445,0.012319261765551166
5221,1957,Graduation,Married,52852.0,0,1,2012-12-01,93,714,8,99,11,0,47,4,10,7,5,8,0,0,69,879,22,1,4779,1,0.26150913652053787,2.065775609843249
1232,1982,PhD,Together,70038.0,0,0,2013-10-25,54,587,54,348,71,54,130,1,4,4,8,2,0,0,44,1244,16,0,4451,3,2.255391893953145,-0.9781782477408915
1927,1973,2n Cycle,Together,69401.0,0,1,2014-03-23,41,399,27,159,58,8,39,4,4,4,5,2,0,0,53,690,13,1,4302,3,0.9020910645528671,-0.42814035747225276
5788,1972,Graduation,Together,46053.0,1,0,2013-02-17,46,56,10,92,19,7,25,3,3,2,4,5,0,0,54,209,9,1,4701,2,-0.701192683720976,0.25503757397864735
6652,1965,Graduation,Married,77343.0,0,0,2014-06-09,28,227,151,573,98,54,31,1,3,4,9,1,0,0,61,1134,16,0,4224,3,2.4879907675222572,-1.75049983712149
6246,1953,Graduation,Single,73892.0,0,0,2013-11-13,40,703,102,601,0,58,43,1,3,11,8,1,0,1,73,1507,22,0,4432,3,3.1027993191536694,-0.7903633582953481
5975,1967,PhD,Single,40304.0,1,0,2013-09-30,82,37,0,17,0,0,3,1,2,0,3,7,0,0,59,57,5,1,4476,0,-1.3945840386221633,-0.9708046008448041
6875,1965,PhD,Together,32727.0,0,0,2012-08-28,38,167,13,180,86,13,70,2,7,3,5,8,0,0,61,529,15,0,4874,2,-0.32539967890449306,0.7682548626220345
4399,1969,Graduation,Together,68695.0,0,0,2014-06-25,3,458,81,356,106,50,40,1,4,4,7,2,0,0,57,1091,15,0,4208,3,2.0167259518598204,-1.7929070217356873
4042,1971,Graduation,Divorced,43300.0,0,1,2012-10-13,87,91,3,52,2,1,31,3,4,0,4,8,0,1,55,180,8,1,4828,2,-1.3430262992996735,0.9492156060226751
2157,1972,Graduation,Together,26290.0,1,1,2013-01-12,49,15,8,16,11,5,22,4,2,0,4,6,0,0,54,77,6,2,4737,2,-2.1566580954547976,0.8608928955378785
10133,1970,Graduation,Single,93790.0,0,0,2014-02-12,16,1302,68,731,89,114,45,0,6,7,12,2,0,1,56,2349,25,0,4341,3,4.331226997881628,-0.7533991454423941
2525,1974,PhD,Married,38410.0,0,0,2012-09-14,65,153,64,123,116,64,14,2,5,2,9,6,0,1,52,534,16,0,4857,2,0.21628365296994673,0.5741014806001624
8233,1950,Master,Widow,64866.0,0,1,2014-01-26,9,508,5,21,7,5,10,4,7,3,7,5,0,0,76,556,17,1,4358,1,0.4269385074734354,0.17683136778251404
9483,1959,Graduation,Together,57957.0,0,1,2013-08-19,24,290,59,177,77,5,29,7,4,6,8,3,1,0,67,637,18,1,4518,1,0.5262409616491178,1.3968612102674092
2945,1955,PhD,Together,46015.0,1,1,2014-04-13,25,38,0,2,0,0,6,1,1,0,3,7,0,0,71,46,4,2,4281,0,-1.8262499198115238,-1.2655183142355348
10403,1978,Graduation,Together,16531.0,1,0,2014-06-18,43,2,13,6,7,5,11,3,3,0,3,7,0,0,48,44,6,1,4215,0,-2.043006131833093,-1.123286900992069
5074,1986,Master,Married,28072.0,1,0,2013-07-08,10,30,0,10,2,0,5,1,1,0,3,7,0,0,40,47,4,1,4560,2,-1.7633520835012404,-0.9241043068574053
10524,1963,Master,Divorced,49476.0,0,1,2013-06-20,29,386,23,95,54,41,196,4,2,11,5,2,0,0,63,795,18,1,4578,1,0.8538038029506958,0.48210243739210695
4690,1953,Graduation,Married,50725.0,0,1,2013-02-13,45,443,10,75,0,10,48,4,8,1,8,8,0,0,73,586,17,1,4705,1,-0.35919827430636203,1.4763410134807722
7521,1952,Graduation,Together,83844.0,0,0,2013-05-12,57,901,31,345,75,31,191,1,4,4,11,1,0,0,74,1574,19,0,4617,3,3.202044348465596,-0.34499961888550523
7196,1950,PhD,Married,41145.0,1,1,2014-02-08,20,9,0,3,0,0,1,1,0,0,3,3,0,0,76,13,3,2,4345,0,-1.3519843495005657,-1.6736957117948603
4406,1970,Graduation,Together,67419.0,0,1,2013-01-16,29,846,84,352,91,56,42,4,9,4,8,5,0,0,56,1471,21,1,4733,1,1.5021046426742366,1.7171508014436092
9672,1970,2n Cycle,Married,23162.0,1,1,2013-12-21,82,8,3,9,19,4,22,3,1,1,3,6,0,0,56,65,5,2,4394,0,-2.2238769188342937,-0.4140402114228235
4864,1977,Graduation,Married,34380.0,1,0,2013-05-02,68,72,7,58,13,1,24,4,4,1,3,8,0,0,49,175,8,1,4627,2,-1.631391145800962,0.6738556137694894
4706,1966,Graduation,Single,34704.0,0,1,2013-04-27,65,29,0,5,0,1,5,1,1,0,3,5,0,0,60,40,4,1,4632,2,-1.2634496063318073,-0.8931000586798636
4070,1969,PhD,Married,94871.0,0,2,2012-09-01,99,169,24,553,188,0,144,1,8,5,4,7,0,1,57,1078,17,2,4870,1,0.9840581114327488,1.5514483629612983
25,1958,Graduation,Married,65148.0,0,1,2012-11-16,9,460,35,422,33,12,153,2,6,6,7,4,0,0,68,1115,19,1,4794,3,1.341320097356266,0.8602022598739686
3697,1954,Graduation,Together,39898.0,0,1,2013-02-12,20,69,8,26,12,7,12,2,3,0,4,7,0,0,72,134,7,1,4706,2,-1.3013604283188809,0.02085970897491939
217,1956,Master,Single,64857.0,0,0,2012-11-23,78,556,14,717,210,0,43,1,7,5,10,4,0,0,70,1540,22,0,4787,3,2.435666529722908,0.5551080174883232
4220,1970,PhD,Married,59892.0,0,1,2013-11-02,26,73,0,13,0,1,0,1,2,1,3,3,0,0,56,87,6,1,4443,0,-0.20405928334500523,-1.4829270835517234
5286,1987,Master,Single,41020.0,0,0,2013-10-28,68,112,1,54,7,7,36,1,3,2,4,3,0,0,39,217,9,0,4448,0,0.14571163283380528,-1.6391300273590492
9559,1961,PhD,Married,57072.0,0,1,2014-01-24,79,944,0,60,0,0,30,2,7,5,13,5,0,0,65,1034,25,1,4360,3,1.3154733446941873,0.1045114406930207
2849,1979,Graduation,Single,60474.0,0,1,2013-04-01,25,265,199,303,234,9,170,7,10,2,12,7,0,0,47,1180,24,1,4658,1,0.7362427472248348,2.743228411884875
7787,1960,Graduation,Together,62807.0,0,1,2012-08-31,83,526,28,135,10,21,99,3,5,3,12,5,0,0,66,819,20,1,4871,1,0.889622509332303,1.5330761039295915
3102,1981,2n Cycle,Together,19414.0,1,0,2013-10-16,32,2,3,12,3,5,7,1,1,0,3,8,0,0,45,32,4,1,4460,2,-2.136115582569111,-1.0854905618046284
5868,1980,Graduation,Married,19107.0,1,0,2013-08-22,49,2,4,9,10,5,16,2,1,0,3,7,0,0,46,46,4,1,4515,2,-2.029639046413502,-0.713838309143885
8370,1976,2n Cycle,Together,75484.0,0,1,2012-08-02,50,378,97,259,197,194,34,2,7,3,6,4,0,0,50,1159,16,1,4900,3,1.4361286449098294,1.1131537968151066
9988,1976,Master,Single,70379.0,0,1,2013-03-03,84,553,25,142,65,67,8,3,6,3,13,4,0,0,50,860,22,1,4687,3,1.3875775129188888,1.050540167515396
2939,1970,Master,Together,79419.0,0,0,2014-06-22,96,751,127,687,20,15,31,1,4,6,4,2,0,0,56,1631,14,0,4211,3,2.6680929258795745,-1.4956679122439729
5529,1946,PhD,Together,64014.0,2,1,2014-06-10,56,406,0,30,0,0,8,7,8,2,5,7,0,0,80,444,15,3,4223,1,-1.293223273157978,1.5966171065734232
9743,1955,Graduation,Married,76998.0,0,1,2013-01-11,85,1449,89,161,69,35,107,2,11,8,8,6,0,0,71,1910,27,1,4738,3,2.453189646765321,1.7296866002495563
5763,1972,Master,Together,49854.0,1,0,2013-11-10,63,123,17,171,39,0,30,5,6,2,5,6,0,0,54,380,13,1,4435,1,-0.535644996122969,0.5897523492910178
3478,1971,PhD,Married,60585.0,1,1,2013-06-24,17,267,42,309,55,42,21,10,7,4,9,5,0,1,55,736,20,2,4574,1,-0.2326044435891849,3.220631274360362
7494,1950,PhD,Divorced,42873.0,1,1,2013-01-21,11,209,0,40,3,2,15,4,6,1,4,8,0,0,76,269,11,2,4728,1,-1.6556697456588514,1.4053309761972141
1763,1988,Graduation,Together,87679.0,0,0,2013-07-27,62,1259,172,815,97,148,33,1,7,11,10,4,0,1,38,2524,28,0,4541,3,4.132539052120793,0.5820238161884347
7250,1978,Graduation,Together,57867.0,1,0,2013-10-01,48,344,35,178,15,23,17,7,7,2,9,6,0,0,48,612,18,1,4475,1,0.0034150570217572566,1.67221546137043
2005,1990,Graduation,Married,35765.0,1,0,2013-12-11,86,22,3,30,0,5,15,2,2,0,4,6,0,0,36,75,6,1,4404,0,-1.3235728316208257,-0.9263386029155383
10770,1959,Graduation,Married,65492.0,0,0,2014-01-26,73,247,161,295,210,85,47,2,4,7,13,2,0,0,67,1045,24,0,4358,3,2.4257886310872645,-0.6067621522635316
6885,1977,Graduation,Divorced,32952.0,1,0,2013-12-01,36,38,0,12,3,1,1,1,2,0,3,7,0,0,49,55,5,1,4414,0,-1.5776433766143658,-1.2199841936596711
2072,1969,PhD,Together,53374.0,0,1,2012-08-16,34,896,10,101,13,10,34,6,4,2,9,9,0,1,57,1064,15,1,4886,1,-0.34758744017569443,2.812810672852317
9463,1959,Graduation,Together,71706.0,0,1,2012-11-13,16,931,56,253,91,98,14,4,9,5,7,5,0,0,67,1443,21,1,4797,1,1.5735693634886774,1.883113017627677
6318,1988,Graduation,Married,68487.0,0,0,2013-01-13,48,758,12,385,33,89,89,1,9,7,13,4,0,0,38,1366,29,0,4736,3,2.8079304060443624,0.6567606547265608
4093,1975,Master,Together,53253.0,1,1,2013-02-11,61,216,9,57,20,9,125,7,4,3,5,5,0,0,51,436,12,2,4707,1,-0.9174040555662765,2.1538092125019963
5751,1973,2n Cycle,Divorced,31163.0,1,0,2014-02-13,54,2,3,10,11,2,10,1,1,0,3,6,0,0,53,38,4,1,4340,0,-1.5224958819550558,-1.5823733192455518
3340,1977,Graduation,Married,42014.0,1,0,2012-08-17,56,244,15,108,4,15,50,6,7,1,6,8,0,1,49,436,14,1,4885,1,-1.0092592264165101,2.400403912544312
3594,1973,Master,Married,54108.0,1,1,2012-11-05,74,539,6,91,8,6,97,13,8,2,9,8,0,0,53,747,19,2,4805,1,-1.1382262287004736,5.187845432181624
3584,1955,PhD,Single,49667.0,0,0,2012-08-20,35,1181,26,120,17,13,39,2,5,10,5,8,0,1,71,1396,20,0,4882,3,1.0868279013750406,1.3832883686227577
3643,1974,Master,Married,63206.0,0,0,2014-03-20,65,750,8,125,11,8,26,1,4,3,6,2,0,0,52,928,13,0,4305,3,1.6517756796152412,-1.6327108755873505
851,1972,Master,Married,57136.0,1,1,2013-07-09,48,306,5,109,21,109,92,9,5,2,10,6,0,0,54,642,17,2,4559,1,-0.6648601731366921,2.8307053528403294
7706,1975,2n Cycle,Together,46772.0,0,1,2012-11-07,88,350,104,189,197,151,57,6,11,8,5,8,0,0,51,1048,24,1,4803,1,0.24211120197814673,2.9000237273696188
3967,1971,PhD,Married,78931.0,0,0,2013-10-25,19,331,197,170,58,152,35,1,2,8,13,1,0,0,55,943,23,0,4451,3,2.810907144316077,-0.8913764622513007
10128,1958,Graduation,Together,53977.0,0,1,2013-06-08,21,620,16,165,0,24,82,5,5,5,12,5,0,0,68,907,22,1,4590,1,0.7192310322650812,1.443419822587755
486,1988,Graduation,Married,84219.0,0,0,2014-02-02,27,434,137,400,45,137,45,1,3,4,10,1,0,0,38,1198,17,0,4351,3,2.761650161698297,-1.3136902837308893
9,1975,Master,Single,46098.0,1,1,2012-08-18,86,57,0,27,0,0,36,4,3,2,2,8,0,0,51,120,7,2,4884,2,-1.9330994414340799,1.689086064766012
9451,1965,Graduation,Married,73538.0,0,1,2012-11-25,92,811,76,428,99,137,107,3,10,4,9,7,0,0,61,1658,23,1,4785,1,1.6757440421199477,2.0312337260099342
9264,1986,Graduation,Married,79529.0,0,0,2014-04-27,1,423,42,706,73,197,197,1,4,8,9,2,0,0,40,1638,21,0,4267,3,3.091866589638886,-1.1300955788964384
3865,1977,2n Cycle,Together,20981.0,0,0,2013-04-30,14,2,12,10,6,13,30,1,3,1,2,8,0,1,49,73,6,0,4629,2,-1.4741093947702157,-0.8581814675162819
2853,1980,Graduation,Single,51766.0,1,0,2014-03-11,74,60,51,87,6,20,51,2,4,2,4,5,0,0,46,275,10,1,4314,0,-0.3795283810753601,-0.9895994545242661
1490,1962,Graduation,Married,55759.0,0,1,2012-11-28,84,675,0,85,10,7,77,5,10,3,8,8,0,0,64,854,21,1,4782,1,0.16814589188599305,2.3475327476522607
6310,1978,Graduation,Married,33039.0,1,0,2013-09-09,4,30,8,12,8,8,12,1,2,0,4,5,0,0,48,78,6,1,4497,0,-1.1638450618596432,-1.2273857060295683
10380,1972,Master,Married,37787.0,1,0,2013-09-20,50,40,1,40,4,3,18,1,3,0,3,8,0,0,54,106,6,1,4486,2,-1.5263273454782116,-0.8030573943646776
3887,1970,Graduation,Single,27242.0,1,0,2012-11-11,2,3,17,26,20,1,39,2,2,0,3,9,0,1,56,106,5,1,4799,2,-2.079388330377114,0.34742876132020817
4278,1983,PhD,Single,87188.0,0,0,2013-06-03,73,910,111,724,49,74,55,1,10,2,6,3,0,1,43,1923,18,0,4595,3,3.168104140953132,-0.04823846232932292
8643,1971,Graduation,Together,69930.0,0,0,2013-05-26,21,252,98,827,219,70,196,1,4,5,12,3,0,0,55,1662,21,0,4603,3,2.736634513463485,-0.11021768203201336
1998,1976,Graduation,Single,37697.0,1,0,2014-02-07,82,34,6,21,11,4,8,1,2,1,3,6,0,0,50,84,6,1,4346,0,-1.2016254704700116,-1.401438948220875
10795,1973,PhD,Married,37401.0,1,0,2014-05-06,14,19,3,19,3,1,3,2,2,0,3,7,0,0,53,48,5,1,4258,0,-1.5645481079142953,-1.3227960282551212
11110,1973,Graduation,Single,3502.0,1,0,2013-04-13,56,2,1,1,0,0,1,0,0,0,0,14,0,0,53,5,0,1,4646,2,-3.7022208824265075,-0.3933493592597961
2408,1976,Graduation,Married,58597.0,1,1,2012-11-20,20,490,0,184,10,28,21,12,7,4,9,7,0,0,50,733,20,2,4790,1,-0.7591378298986323,4.696482641406849
202,1948,PhD,Widow,82032.0,0,0,2014-04-05,54,332,194,377,149,125,57,0,4,6,7,1,0,0,78,1234,17,0,4289,3,2.8214666566202884,-1.7728674135384332
7998,1958,Graduation,Together,28087.0,1,1,2012-12-11,77,53,8,17,13,0,21,3,2,2,2,7,0,0,68,112,6,2,4769,2,-2.174276017187665,0.7965797461139177
830,1987,PhD,Single,74004.0,0,0,2014-02-24,5,784,48,560,42,176,48,1,4,6,4,3,0,1,39,1658,14,0,4329,3,2.373680327161969,-1.167627869501842
3536,1960,Graduation,Together,19740.0,0,1,2013-03-24,65,7,11,3,10,4,20,2,1,1,3,5,0,0,66,55,5,1,4666,2,-1.599606472767523,-0.48742866979423544
6050,1975,2n Cycle,Married,57036.0,0,1,2012-12-11,33,1171,43,219,19,14,47,4,6,3,13,9,0,0,51,1513,22,1,4769,1,0.6906825724495487,2.3333513787650575
125,1958,2n Cycle,Together,53083.0,1,1,2013-05-15,65,215,7,33,3,0,13,6,5,1,5,7,0,0,68,271,11,2,4614,1,-1.3853438018689592,1.72811312363753
3463,1975,PhD,Married,69283.0,0,1,2014-06-14,41,674,62,134,0,26,8,4,7,3,13,5,0,0,51,904,23,1,4219,3,1.1996734654306853,0.24887271703606262
2804,1975,Master,Single,46098.0,1,1,2012-08-18,86,57,0,27,0,0,36,4,3,2,2,8,0,1,51,120,7,2,4884,2,-1.9330994414340799,1.689086064766012
3745,1988,2n Cycle,Married,23331.0,1,0,2012-09-04,92,5,36,7,0,10,45,2,3,0,3,8,0,0,38,103,6,1,4867,2,-1.9106701947394962,0.5340608189800589
9771,1988,2n Cycle,Single,23331.0,1,0,2012-10-05,97,104,20,101,24,15,5,6,5,1,5,9,0,0,38,269,11,1,4836,1,-1.917557689473469,2.1672672012776966
451,1989,Graduation,Single,9255.0,1,0,2013-12-20,91,9,0,7,2,0,4,1,1,1,2,8,0,0,37,22,4,1,4395,0,-2.358404307072429,-1.2405427467244907
10530,1959,PhD,Widow,67786.0,0,0,2013-12-07,0,431,82,441,80,20,102,1,3,6,6,1,0,1,67,1156,15,0,4408,3,2.2209121219280545,-1.3635378968123513
1079,1971,PhD,Married,71969.0,0,1,2012-10-16,59,1000,0,76,0,0,10,3,3,4,9,8,0,0,55,1086,16,1,4825,1,0.549419213758542,1.705010968493585
8920,1967,Master,Single,59235.0,1,0,2013-01-12,4,448,40,469,80,0,91,3,11,2,12,7,0,0,59,1128,25,1,4737,1,1.01537316381568,1.6523585316082476
6678,1989,Graduation,Together,31928.0,1,0,2014-03-28,5,33,4,24,4,2,5,2,3,0,4,7,0,0,37,72,7,1,4297,0,-1.5444779800540682,-1.1514783387591647
3852,1961,Master,Together,74881.0,1,1,2013-03-08,48,505,72,270,36,27,54,4,9,2,12,5,0,0,65,964,23,2,4682,1,0.9171585860569028,1.8662823444687813
528,1978,Graduation,Married,65819.0,0,0,2012-11-29,99,267,38,701,149,165,63,1,5,4,10,3,0,0,48,1383,19,0,4781,3,2.31371306146835,0.2514220960561037
73,1953,PhD,Single,51411.0,1,2,2013-05-26,81,14,0,3,0,0,1,1,0,0,3,5,0,0,73,18,3,3,4603,0,-1.8990739844419906,-0.2989420148341947
5589,1964,Graduation,Divorced,51983.0,0,1,2012-08-31,95,631,0,115,10,7,30,3,9,2,10,7,0,0,62,793,21,1,4871,1,0.35180348204798595,1.7868885432312869
10212,1986,Master,Together,42386.0,1,0,2013-01-13,43,65,4,16,0,4,11,1,3,0,3,8,0,0,40,100,6,1,4736,2,-1.4247673665803364,-0.12073878596686724
6365,1987,2n Cycle,Married,30390.0,0,0,2013-09-02,5,10,12,12,25,1,20,1,2,0,3,6,0,0,39,80,5,0,4504,2,-0.9852377612643415,-1.457651842724678
5636,1963,Graduation,Single,30983.0,0,0,2012-11-09,50,51,4,50,12,1,49,1,4,0,3,8,0,1,63,167,7,0,4801,2,-1.0931811077531042,-0.23578967745368373
591,1957,Graduation,Widow,66033.0,0,1,2013-01-20,76,293,35,179,46,59,65,2,8,3,7,7,0,0,69,677,18,1,4729,1,0.45028430778103296,0.9399209333270041
2217,1975,2n Cycle,Married,37284.0,1,1,2013-03-29,46,11,1,2,2,1,6,1,0,0,3,6,0,0,51,23,3,2,4661,2,-1.9248802535773508,-0.43306513420358583
2544,1951,Master,Divorced,57530.0,0,1,2013-10-12,68,50,1,27,6,7,1,1,1,1,4,1,0,0,75,92,6,1,4464,0,0.09699699701320433,-1.6368015211620628
7725,1965,2n Cycle,Married,76800.0,0,0,2014-03-08,33,173,26,255,35,71,81,1,4,4,7,1,0,0,61,641,15,0,4317,3,2.010314783231224,-1.712670032037878
8091,1956,Graduation,Married,63943.0,0,1,2012-09-02,50,423,184,368,13,97,21,1,6,4,6,5,0,0,70,1106,16,1,4869,3,1.0343086068750613,0.762401026111246
7321,1962,Graduation,Together,76081.0,0,0,2014-05-23,85,292,30,415,63,33,200,1,4,5,4,2,0,0,64,1033,13,0,4241,3,2.034922012203336,-1.6931321513285542
5462,1974,Graduation,Married,67445.0,0,1,2012-08-12,63,757,80,217,29,80,11,5,9,6,12,6,0,0,52,1174,27,1,4890,1,1.4089971614835712,2.79719089009924
7791,1967,Master,Married,37054.0,1,1,2013-09-15,89,12,1,6,0,1,5,2,1,0,3,7,0,0,59,25,4,2,4491,0,-2.0971517779285187,-0.3478224239508
955,1962,Master,Together,47175.0,1,1,2012-10-28,81,167,2,44,6,2,19,7,4,2,4,8,0,1,64,240,10,2,4813,1,-1.8417142665761885,2.6512347563159806
4037,1976,Graduation,Divorced,31859.0,1,0,2013-06-14,77,3,1,3,8,0,5,1,1,0,2,7,0,0,50,20,3,1,4584,2,-1.7426589728181783,-0.8240683620734026
6642,1961,Graduation,Divorced,27215.0,2,1,2013-01-23,50,30,5,22,8,9,28,4,2,1,4,6,0,0,65,102,7,3,4726,2,-2.520522810720644,1.2093021698616657
2793,1976,PhD,Divorced,70179.0,0,1,2013-07-21,10,532,88,168,69,44,133,3,7,3,13,5,0,0,50,1034,23,1,4547,3,1.396144583672694,0.8206208740733282
5424,1983,Graduation,Married,39922.0,1,0,2013-02-14,30,29,12,59,19,1,36,2,3,0,4,8,0,0,43,156,7,1,4704,2,-1.448679571428127,0.15878776064712002
879,1976,Master,Married,49681.0,0,2,2013-11-04,66,411,0,26,0,0,21,6,7,1,7,7,0,0,50,458,15,2,4441,1,-1.0585031090033508,1.4953976775691578
9530,1988,Graduation,Married,24645.0,1,0,2012-11-01,16,5,3,4,4,1,0,1,1,0,2,8,0,0,38,17,3,1,4809,2,-2.0918367890978744,-0.192456226408867
4828,1954,Graduation,Divorced,79865.0,0,1,2014-06-18,12,71,99,278,185,121,38,1,5,10,5,1,0,0,72,792,20,1,4215,3,2.0434465495183938,-1.3998681979879521
10699,1985,Graduation,Married,44322.0,1,0,2014-06-16,30,46,0,40,3,0,3,2,3,0,3,8,0,0,41,92,6,1,4217,0,-1.4730016465998124,-1.201666875774477
1497,1952,Graduation,Single,47958.0,0,1,2013-01-19,8,268,11,88,15,3,22,2,6,3,5,5,0,0,74,407,14,1,4730,2,-0.11690531549530046,0.2684091602629708
7476,1964,Master,Single,63972.0,0,1,2012-12-02,93,928,63,254,0,12,12,4,5,4,10,4,0,0,62,1269,19,1,4778,1,1.3199932006258326,1.6100377601286555
4390,1954,Graduation,Together,75315.0,0,1,2014-04-15,14,459,15,171,142,23,31,2,5,4,12,2,0,0,72,841,21,1,4279,3,1.8036689988781271,-0.7317798885665612
10478,1950,PhD,Married,55517.0,1,1,2012-09-27,53,483,0,108,0,6,36,5,11,1,6,9,0,1,76,633,18,2,4844,1,-0.8544207812368916,2.7101420966259533
1081,1957,PhD,Married,75283.0,1,2,2013-03-27,26,733,9,180,12,19,66,11,6,3,5,4,0,0,69,1019,14,3,4663,1,-0.4146797231104558,3.8771920592626494
4261,1946,PhD,Single,82800.0,0,0,2012-11-24,23,1006,22,115,59,68,45,1,7,6,12,3,0,1,80,1315,25,0,4786,3,3.0000167970854847,0.4994217088877179
9916,1954,Graduation,Married,38998.0,1,1,2012-11-03,92,34,1,14,0,0,5,3,2,0,3,8,1,0,72,54,5,2,4807,2,-2.2014937375197148,1.0198657296824103
5350,1991,Master,Single,90638.0,0,0,2014-02-13,29,1156,120,915,94,144,96,1,3,4,10,1,0,1,35,2525,17,0,4340,3,3.9982645248450344,-0.8554896481356774
8135,1986,Master,Married,27161.0,1,0,2013-10-28,41,7,4,23,7,0,11,1,1,0,3,7,0,0,40,52,4,1,4448,0,-1.772638783293482,-1.1932754621214683
8685,1977,Graduation,Married,42014.0,1,0,2012-08-17,56,244,15,108,4,15,50,6,7,1,6,8,0,1,49,436,14,1,4885,1,-1.0092592264165101,2.400403912544312
4967,1960,PhD,Together,38201.0,0,1,2013-03-29,19,233,0,23,0,0,12,4,5,1,5,8,0,0,66,268,11,1,4661,2,-1.2924909954653874,0.8950239034725946
2130,1982,Graduation,Together,45203.0,2,0,2014-03-23,4,35,3,67,10,8,24,1,3,1,3,6,0,1,44,147,7,2,4302,0,-1.4089258939001212,-1.1891910660960914
9298,1947,PhD,Together,81574.0,0,0,2014-04-28,89,1252,0,465,46,35,0,1,4,5,8,1,0,0,79,1798,17,0,4266,3,3.211675456395623,-1.2771245606453439
8175,1992,Graduation,Married,34935.0,0,0,2013-06-21,71,34,4,66,3,10,20,1,2,1,4,7,0,0,34,137,7,0,4577,2,-0.856927813767746,-0.934065605911013
6257,1976,Master,Single,60482.0,0,1,2013-01-23,81,255,43,134,37,14,24,1,7,2,7,7,0,0,50,507,16,1,4726,2,0.13251148362589527,0.439277549548207
3790,1956,Graduation,Together,34633.0,2,1,2014-01-23,31,8,1,5,0,0,1,1,1,0,2,6,0,0,70,15,3,3,4361,0,-2.4698619357267906,-0.9521164260825645
9952,1947,Master,Together,78093.0,0,0,2013-12-11,53,368,32,639,13,43,10,1,4,7,5,1,0,0,79,1105,16,0,4404,3,2.491624075247887,-1.2450225047987158
3503,1950,Graduation,Divorced,82460.0,0,0,2013-12-02,78,255,47,573,52,32,15,1,5,3,6,1,0,0,76,974,14,0,4413,3,2.3640781396764243,-1.3109293331066543
5223,1966,Master,Together,45903.0,0,1,2014-04-23,80,33,8,10,2,10,3,2,2,1,3,4,0,0,60,66,6,1,4271,0,-0.7673252081462245,-1.5011835223787584
4608,1987,Graduation,Divorced,81361.0,0,0,2014-02-25,18,163,23,424,27,65,76,1,3,10,13,1,0,1,39,778,26,0,4328,3,2.917746458472935,-1.1346166733401768
1626,1973,PhD,Divorced,35860.0,1,1,2014-05-19,37,15,0,8,4,2,20,2,1,1,2,5,0,1,53,49,4,2,4245,0,-1.7863368313559522,-1.3135509746174727
4764,1952,Master,Together,40442.0,1,1,2012-08-19,52,45,12,52,25,22,13,4,3,1,4,7,0,1,74,169,8,2,4883,2,-1.7990801303089534,1.56298773042115
2471,1965,Graduation,Married,61482.0,0,0,2014-06-27,39,48,58,68,16,66,43,1,3,2,6,2,0,0,61,299,11,0,4206,3,0.9598637868391032,-2.243534062798563
5892,1980,Graduation,Married,34968.0,1,0,2013-04-10,11,158,6,45,8,2,2,7,3,2,5,7,0,0,46,221,10,1,4649,1,-1.5200883748280989,1.631184898455094
2612,1987,Graduation,Married,75794.0,0,0,2013-12-24,33,754,160,625,63,32,48,1,7,5,12,3,0,0,39,1682,24,0,4391,3,3.0757395382121446,-0.5004241807954581
4971,1962,PhD,Together,31497.0,0,1,2012-12-06,22,108,1,28,13,1,4,2,3,1,4,8,0,0,64,155,8,1,4774,2,-1.5785281060454348,0.3484525218577296
5185,1955,Graduation,Married,74268.0,0,0,2013-02-14,83,199,66,315,97,174,41,1,4,3,5,2,0,0,71,892,12,0,4704,3,1.8219585147158017,-0.5503921476978155
10069,1988,Basic,Together,13724.0,1,0,2012-08-31,43,2,7,5,2,15,27,1,2,0,2,9,0,0,38,58,4,1,4871,2,-2.4024300499832068,0.14321815809205782
2262,1965,Master,Together,45143.0,0,1,2013-08-26,74,202,5,74,11,5,14,3,6,1,5,7,0,0,61,311,12,1,4511,0,-0.780968030979207,0.19111546922219735
1131,1967,PhD,Single,52569.0,0,1,2014-04-05,54,85,0,3,0,0,7,1,2,0,4,3,0,0,59,95,6,1,4289,0,-0.3579144827450096,-1.8940507179639603
1041,1973,PhD,Single,48432.0,0,1,2012-10-18,3,322,3,50,4,3,42,5,7,1,6,8,0,1,53,424,14,1,4823,1,-0.8173868609185084,1.8714477891592696
24,1960,Master,Together,17144.0,1,1,2014-02-15,96,18,2,19,0,2,6,5,3,0,4,7,0,0,66,47,7,2,4338,0,-2.560166168403675,0.2859892567157359
3409,1984,Graduation,Single,36108.0,1,0,2013-10-15,68,141,8,129,3,11,47,3,7,1,4,9,0,0,42,339,12,1,4461,2,-1.3032443204800586,0.27106432536653097
7022,1971,Graduation,Married,76445.0,1,0,2012-09-28,2,739,107,309,140,80,35,1,2,5,13,6,0,0,55,1410,20,1,4843,3,1.6371655850255138,1.101942260926351
7943,1975,PhD,Married,36663.0,1,0,2014-04-25,40,18,0,6,3,3,5,1,1,1,3,2,0,0,51,35,5,1,4269,0,-0.6668477716378426,-2.2199722213646655
5272,1965,Master,Married,53843.0,0,1,2013-06-27,64,378,0,88,19,4,73,4,8,5,3,7,0,0,61,562,16,1,4571,1,-0.1992310912090328,0.9714347023235967
5453,1956,Master,Married,90226.0,0,0,2012-09-26,26,1083,108,649,253,151,108,1,4,7,12,2,0,0,70,2352,23,0,4845,3,4.065005144755529,0.8358792671789156
2565,1955,Master,Divorced,70638.0,0,0,2013-06-01,69,1016,12,215,16,12,63,1,4,5,10,3,0,0,71,1334,19,0,4597,3,2.370738997133264,-0.27427400601138185
800,1960,Graduation,Together,44512.0,1,1,2013-08-30,57,23,1,6,0,0,2,2,1,0,3,4,0,0,66,32,4,2,4507,0,-1.4248295014086978,-0.6804430242366374
11092,1961,Graduation,Married,27116.0,1,1,2014-03-02,78,12,1,21,2,2,3,2,2,0,3,7,0,0,65,41,5,2,4323,0,-2.2522796116312485,-0.8026768133346601
5062,1963,PhD,Married,54072.0,1,1,2013-07-27,71,35,0,4,0,0,0,1,2,0,2,8,0,0,63,39,4,2,4541,0,-1.8000994191870558,-0.35893145210525385
8969,1977,Graduation,Married,71855.0,0,1,2013-01-16,59,548,31,422,0,112,28,4,5,5,11,3,0,0,49,1141,21,1,4733,3,1.6781155508108234,1.4057140506255639
4656,1990,2n Cycle,Single,51250.0,1,0,2013-03-30,28,342,32,230,34,32,40,5,10,5,4,9,0,0,36,710,19,1,4660,1,-0.3664627082852627,1.9221774852606925
4480,1973,Master,Married,60432.0,0,1,2014-03-09,61,365,3,15,4,3,11,5,7,2,5,6,0,0,53,401,14,1,4316,1,-0.2178383650436177,0.36358671723071434
9971,1964,PhD,Married,65526.0,0,1,2014-04-11,22,397,19,69,12,0,9,1,4,4,8,2,0,0,62,506,16,1,4283,3,1.0654520406258547,-1.4209191311974245
6729,1988,Graduation,Single,68655.0,0,0,2012-08-10,95,456,19,832,75,118,38,1,4,5,11,3,0,0,38,1538,20,0,4892,3,2.569370428257851,0.6565516810410889
1773,1978,2n Cycle,Married,12393.0,0,0,2012-12-04,38,5,6,15,11,7,13,1,2,0,3,9,0,0,48,57,5,0,4776,2,-1.9045553503821968,-0.3977199575994158
9242,1990,Graduation,Single,64509.0,0,0,2013-08-17,19,836,185,575,24,25,77,1,6,3,9,4,0,1,36,1722,18,0,4520,3,2.3024002268406836,-0.34916470822367707
1764,1975,Graduation,Single,33955.0,1,0,2013-08-09,92,100,2,128,23,7,10,4,5,1,5,8,0,0,51,270,11,1,4528,2,-1.3678172971489861,0.6010936875821322
6215,1977,Graduation,Married,31353.0,1,1,2013-12-29,24,10,0,10,3,1,7,2,1,1,2,8,0,1,49,31,4,2,4386,0,-2.4114103620339944,-0.5997675574815272
10099,1984,Graduation,Married,55434.0,1,0,2013-10-05,21,238,115,215,169,69,76,3,5,3,13,4,0,0,42,882,21,1,4471,3,0.9811364916300269,0.2993320507368983
5423,1983,Graduation,Together,28359.0,1,0,2013-10-27,35,6,0,5,2,1,2,1,1,0,2,7,0,0,43,16,3,1,4449,0,-1.8400515764847358,-1.2500784079251652
940,1987,Graduation,Single,57100.0,1,0,2014-05-18,9,158,11,99,15,11,17,2,3,2,7,3,0,0,39,311,12,1,4246,0,0.21487257477737867,-1.3686140449897306
3011,1965,Graduation,Married,69139.0,0,1,2014-01-27,23,86,12,75,33,15,6,1,4,1,5,4,0,0,61,227,10,1,4357,0,0.20247628194706585,-1.3251737737818783
3298,1956,Master,Married,52973.0,0,1,2012-11-08,92,856,0,76,12,9,199,7,9,6,9,8,0,0,70,1152,24,1,4802,1,0.3964986792423763,3.289066360283092
8286,1965,PhD,Together,51717.0,0,1,2013-08-20,55,98,1,17,0,1,5,1,3,0,4,7,0,0,61,122,7,1,4517,0,-0.963112069462644,-0.7299204135732288
9668,1971,Graduation,Married,18793.0,1,0,2013-01-12,14,4,16,20,0,17,20,3,2,0,4,8,0,0,55,77,6,1,4737,2,-2.1331520354846387,0.395240265242877
5120,1982,2n Cycle,Together,66664.0,0,0,2012-09-25,78,398,96,447,220,96,32,1,5,7,6,3,0,0,44,1289,18,0,4846,3,2.187276075720454,0.3287515989447378
6097,1959,Graduation,Single,50664.0,1,1,2013-01-16,64,313,8,104,6,4,126,9,8,1,6,9,0,0,67,561,15,2,4733,1,-1.503619163345436,3.5449172335564745
7019,1963,Graduation,Together,54414.0,1,1,2013-01-23,49,109,18,16,24,26,18,4,3,1,5,4,0,0,63,211,9,2,4726,1,-0.8813690537070569,0.8812350661914005
7408,1952,PhD,Married,54549.0,0,1,2014-03-03,8,216,2,6,0,0,9,2,5,1,4,7,0,0,74,233,10,1,4322,0,-0.7080519575630426,-0.7953504516638373
8041,1971,PhD,Widow,47111.0,0,1,2012-09-08,35,595,71,153,120,112,41,6,3,2,10,9,0,0,55,1092,15,1,4863,1,-0.46672332358102603,2.7357210856817584
252,1963,PhD,Divorced,41003.0,0,0,2013-03-17,11,123,133,142,71,44,88,1,6,2,8,6,0,0,63,601,16,0,4673,2,0.383957402589355,-0.27296975418311575
9986,1982,Graduation,Together,19444.0,1,0,2014-02-22,8,16,0,23,3,2,10,3,4,1,2,7,0,1,44,54,7,1,4331,0,-1.9138590809690026,-0.7889561266749294
3276,1976,2n Cycle,Together,36301.0,1,0,2013-10-25,53,11,12,35,3,5,12,1,3,0,3,7,0,0,50,78,6,1,4451,0,-1.413882686040191,-1.0343031719913156
3859,1947,PhD,Together,73059.0,0,1,2013-08-31,36,410,112,420,0,82,71,1,9,3,13,4,0,0,79,1095,25,1,4506,3,1.9597433391387393,0.08709766029076652
3570,1969,PhD,Together,42731.0,1,0,2013-10-21,64,159,2,51,6,2,24,3,4,1,5,5,0,0,57,244,10,1,4455,0,-0.6833925361328379,-0.3436259818182071
3783,1959,PhD,Married,52854.0,1,1,2014-03-24,43,105,0,10,0,1,0,2,2,1,4,5,0,0,67,116,7,2,4301,0,-1.1533794104649437,-0.9264627477700247
10207,1978,Graduation,Together,22775.0,1,0,2013-06-19,40,5,1,8,0,0,1,1,1,0,2,8,0,0,48,15,3,1,4579,2,-2.132705154751166,-0.7935030493772942
10906,1948,PhD,Together,46681.0,0,2,2013-10-08,52,269,15,69,15,19,38,2,4,6,4,5,0,0,78,425,14,2,4468,0,-0.591253795909165,-0.06812036599354432
3427,1955,PhD,Married,59821.0,0,1,2013-04-12,11,629,0,70,0,0,35,6,11,2,7,8,0,0,71,734,20,1,4647,1,0.0016220656019315422,2.1585894551384666
5209,1954,Graduation,Divorced,50002.0,0,1,2013-06-17,21,443,5,71,21,16,82,2,8,2,7,7,0,0,72,638,17,1,4581,1,-0.027399618635512143,0.3550814646387933
10711,1945,Graduation,Married,69755.0,0,0,2013-10-02,23,217,77,373,111,23,93,1,3,6,12,1,0,0,81,894,21,0,4474,3,2.4376070462793225,-0.9706817786672686
10785,1969,Graduation,Married,44078.0,1,1,2014-06-19,17,24,1,10,2,0,4,2,2,0,3,5,0,0,57,41,5,2,4214,0,-1.5497210245851498,-1.3425856753838998
2814,1976,Master,Together,30560.0,1,0,2013-06-27,6,9,1,5,4,5,7,1,1,0,3,7,0,0,50,31,4,1,4571,2,-1.721067223672913,-0.8941515879705454
6866,1969,Master,Together,35924.0,1,1,2014-03-23,56,8,0,14,2,3,7,1,1,0,3,5,0,0,57,34,4,2,4302,0,-1.7177233296379943,-1.4695242891074094
1665,1964,PhD,Divorced,64140.0,0,2,2013-09-23,71,1459,0,61,0,15,215,5,2,5,6,5,0,1,62,1750,13,2,4483,1,0.617650455506324,1.4555396414231396
6575,1981,Graduation,Together,56386.0,1,1,2012-10-27,51,230,48,214,13,32,75,8,9,1,7,9,0,0,45,612,17,2,4814,1,-1.135010914914036,3.5549965008140565
3829,1979,Basic,Together,24594.0,1,0,2013-12-10,94,1,3,6,10,0,9,1,1,0,3,5,0,0,47,29,4,1,4405,0,-1.4970784492058558,-1.5177834983652594
3091,1981,2n Cycle,Together,75774.0,1,0,2014-05-02,27,340,21,134,258,14,56,1,7,5,8,4,0,0,45,823,20,1,4262,3,1.474765120107176,-0.8894047568135589
10141,1960,Master,Divorced,39228.0,0,0,2013-05-10,1,7,1,6,0,3,3,1,0,0,3,4,0,0,66,20,3,0,4619,2,-0.6220620736011073,-1.4762751072337874
5177,1974,Master,Married,58494.0,0,1,2013-12-12,56,298,7,68,4,0,19,2,6,2,6,6,0,0,52,396,14,1,4403,0,-0.0472045051455636,-0.39434306398962404
7005,1981,Graduation,Single,58684.0,0,0,2014-06-16,71,479,35,179,28,7,85,1,5,3,12,2,0,0,45,813,20,0,4217,3,1.897652883358121,-1.6040801158551046
6409,1967,Graduation,Divorced,57136.0,0,0,2013-05-18,18,267,140,599,34,12,127,1,7,5,7,6,0,1,59,1179,19,0,4611,3,1.4156501163561908,-0.02929788747053695
7485,1950,PhD,Widow,56551.0,1,1,2014-05-07,48,67,4,32,17,2,16,3,2,1,4,4,0,0,76,138,7,2,4257,0,-0.9547453897026019,-0.8153236335484965
8079,1982,Graduation,Married,22448.0,1,0,2014-02-26,86,3,1,8,23,2,18,3,2,1,3,3,0,0,44,55,6,1,4327,0,-1.2096591783843174,-1.2436469710900013
8395,1961,Graduation,Single,82014.0,0,0,2012-08-20,48,980,37,265,35,163,31,1,3,6,12,6,0,1,65,1511,21,0,4882,3,2.392737863896494,1.0423059064134605
10352,1963,Graduation,Widow,34213.0,1,1,2012-09-07,2,50,4,28,6,3,26,3,3,1,2,9,0,1,63,117,6,2,4864,2,-2.3895315118458305,1.2451875073468865
4931,1977,Graduation,Together,157146.0,0,0,2013-04-29,13,1,0,1725,2,1,1,0,0,28,0,1,0,0,49,1730,28,0,4630,3,5.622101455564281,0.08141609655893013
13,1947,PhD,Widow,25358.0,0,1,2013-07-22,57,19,0,5,0,0,8,2,1,0,3,6,0,0,79,32,4,1,4546,2,-1.7276016708191435,-0.7249204172530929
1834,1978,Master,Single,35544.0,1,0,2014-03-08,77,30,5,23,4,1,4,1,2,0,3,7,0,0,48,67,5,1,4317,0,-1.4985110046102208,-1.4207230280495051
2285,1954,Master,Together,36634.0,0,1,2013-05-28,0,213,9,76,4,3,30,3,5,2,5,7,0,0,72,335,12,1,4601,2,-0.9746000485336327,0.3242864223866196
2295,1954,PhD,Married,62670.0,0,1,2014-02-02,57,539,30,92,80,46,38,1,5,3,13,3,0,0,72,825,21,1,4351,3,1.4216902591630998,-0.7492382573925304
1378,1972,2n Cycle,Together,50334.0,0,1,2013-07-24,24,284,16,160,84,16,134,6,7,4,6,6,0,0,54,694,17,1,4544,1,-0.09631676900010591,1.4575147969365396
2781,1981,Graduation,Single,72066.0,0,0,2014-06-23,55,1003,34,536,134,51,34,1,4,6,6,2,0,1,45,1792,16,0,4210,3,2.7479711705541416,-1.427990257737989
1165,1958,PhD,Single,50729.0,1,1,2013-05-02,62,239,13,143,45,4,52,9,6,2,7,6,0,0,68,496,15,2,4627,1,-1.051353421396963,2.861590576613489
1404,1968,Graduation,Together,34916.0,2,0,2013-05-15,89,51,23,82,33,0,42,4,5,1,3,9,0,0,58,231,9,2,4614,2,-2.141587192112241,1.172699454929146
6457,1976,Graduation,Divorced,64892.0,0,1,2014-05-29,77,527,24,230,32,24,65,2,6,4,12,4,0,0,50,902,22,1,4235,3,1.3607872499303058,-0.5080424935155146
2639,1966,Graduation,Single,43602.0,1,1,2014-01-10,45,19,5,12,10,3,19,3,3,1,2,6,0,0,60,68,6,2,4374,0,-1.7058519941590988,-0.37787425005483116
8299,1989,PhD,Single,33996.0,0,0,2013-09-11,46,40,2,15,8,0,6,1,1,1,3,4,0,0,37,71,5,0,4495,0,-0.5611315955729815,-1.6735153901420343
6437,1985,2n Cycle,Single,41473.0,1,0,2013-06-19,80,21,8,20,15,3,9,1,2,0,3,7,0,0,41,76,5,1,4579,2,-1.3512944738929233,-0.684289045989665
6912,1967,PhD,Married,63246.0,0,2,2013-08-20,60,593,30,91,29,22,7,1,6,3,12,4,0,0,59,772,21,2,4517,3,0.7572966362278939,0.12867791068906423
7327,1959,PhD,Married,36732.0,1,1,2013-12-29,71,21,5,3,10,1,7,3,1,1,4,2,0,0,67,47,6,2,4386,0,-1.1955600705715006,-0.8504242339987939
5299,1970,PhD,Married,69084.0,1,0,2013-11-19,43,1181,107,199,39,30,30,2,7,3,13,8,0,0,56,1586,23,1,4426,3,1.3989777840676634,0.7657529878527197
4127,1967,PhD,Married,77766.0,0,1,2013-02-22,97,1004,59,265,115,59,27,2,11,10,11,6,0,1,59,1529,32,1,4696,3,2.4765118031760096,1.7280610701607422
8143,1985,PhD,Single,37929.0,0,0,2013-07-30,49,202,2,46,3,2,10,2,4,2,5,7,0,1,41,265,11,0,4538,2,-0.5109334315979069,-0.499817074244562
1964,1951,Graduation,Together,86610.0,0,0,2013-09-05,66,446,107,768,33,196,53,1,5,6,6,2,0,0,75,1603,17,0,4501,3,2.9939567527483204,-0.5920234115931217
3690,1986,Master,Married,80141.0,0,0,2013-01-11,20,1184,102,673,52,40,40,1,7,4,10,6,0,1,40,2091,21,0,4738,3,2.8162071871893355,0.8163525317887993
3433,1955,2n Cycle,Married,72635.0,0,0,2013-06-03,54,390,22,323,104,35,107,1,6,8,6,3,0,0,71,981,20,0,4595,3,2.1846823794136223,-0.3647915032892833
3389,1970,Graduation,Married,69016.0,0,1,2012-11-22,61,726,53,363,123,107,161,4,8,9,13,5,0,0,56,1533,30,1,4788,1,2.1688419451129497,2.3369475902161083
4712,1991,2n Cycle,Together,20193.0,0,0,2012-11-28,18,8,8,22,24,11,9,1,1,1,4,4,0,0,35,82,6,0,4782,2,-0.8053247980728458,-0.9399461872180094
1170,1975,Graduation,Married,27573.0,1,0,2013-03-25,45,50,15,110,39,15,15,4,5,1,4,8,0,0,51,244,10,1,4665,2,-1.6087525470304365,0.8369689897708887
6347,1979,Basic,Single,15862.0,1,0,2013-06-27,26,1,1,4,11,9,10,1,1,0,3,8,0,0,47,36,4,1,4571,2,-2.2132797504624904,-0.8066339190440791
4065,1976,PhD,Married,49544.0,1,0,2013-02-12,0,308,0,73,0,0,23,2,5,1,8,7,0,0,50,404,14,1,4706,2,-0.42391107247282417,0.44943994819136424
8230,1980,Graduation,Married,33228.0,1,0,2014-01-23,28,22,2,31,7,4,5,1,2,0,3,7,0,0,46,71,5,1,4361,0,-1.561501321694147,-1.3648887020718607
1215,1978,Graduation,Together,70440.0,0,0,2013-10-08,49,690,117,499,76,102,88,1,5,10,7,3,0,0,48,1572,22,0,4468,3,2.7434616349445657,-0.42626966754746565
5939,1971,Graduation,Together,38232.0,1,1,2014-01-17,84,43,5,28,7,6,33,4,3,1,3,5,0,0,55,122,7,2,4367,0,-1.612642182820632,-0.11052452105328094
2156,1955,PhD,Married,22554.0,1,1,2012-11-03,38,27,0,10,0,0,4,4,2,0,4,5,0,0,71,41,6,2,4807,2,-2.104177691782322,0.884710904909477
7788,1983,PhD,Married,23536.0,1,0,2014-06-04,53,6,0,3,0,0,1,1,0,0,3,3,0,0,43,10,3,1,4229,0,-1.2773144494636275,-2.3424817866390453
10323,1952,Graduation,Married,49413.0,0,1,2013-10-25,88,205,7,41,3,2,46,2,4,2,5,5,0,0,74,304,11,1,4451,0,-0.33935242681917954,-0.5595664856871736
7947,1969,Graduation,Married,42231.0,1,1,2014-03-25,99,24,0,8,0,1,4,1,1,0,3,5,0,0,57,37,4,2,4300,0,-1.5595197883687728,-1.3999768006393525
1891,1980,Master,Divorced,78789.0,0,0,2012-08-08,12,667,50,850,21,83,83,1,4,6,5,2,0,1,46,1754,15,0,4894,3,2.8048959199404297,0.33524970098362084
2570,1968,Graduation,Together,56534.0,0,1,2013-07-23,35,691,7,61,10,0,46,4,10,4,7,8,0,1,58,815,21,1,4545,1,0.20804509159697193,1.319116597870455
9256,1971,Graduation,Single,58350.0,0,1,2013-01-04,5,493,26,206,116,80,80,4,8,3,12,6,0,0,55,1001,23,1,4745,1,0.8608445670517518,1.7378411561320553
295,1989,Graduation,Single,81217.0,0,0,2013-07-19,77,493,70,324,146,40,84,1,3,7,11,1,0,0,37,1157,21,0,4549,3,2.930981726585669,-0.5703048763407622
7397,1951,Graduation,Single,49090.0,0,1,2013-07-19,45,494,5,82,7,0,100,3,7,2,9,7,0,0,75,688,18,1,4549,1,-0.01009566641925204,0.6800553715260242
6349,1987,Master,Divorced,61787.0,0,0,2013-07-06,71,621,73,414,78,48,85,1,8,4,6,5,0,0,39,1319,18,0,4562,3,1.7566777790033674,-0.20451075447928868
10790,1985,PhD,Married,18169.0,1,0,2013-02-19,40,9,0,5,0,0,7,1,1,0,2,8,0,0,41,21,3,1,4699,2,-2.2302036172671897,-0.4874282922322527
10398,1981,2n Cycle,Single,24336.0,1,0,2012-08-27,82,1,6,2,8,2,12,1,1,0,2,7,0,0,45,31,3,1,4875,2,-1.8978227125658627,-0.062397869908139496
2431,1990,Graduation,Married,18222.0,0,0,2012-12-31,70,12,4,19,12,6,14,1,2,0,3,8,0,0,36,67,5,0,4749,2,-1.5862507306788376,-0.5317575283127977
550,1952,Graduation,Divorced,62335.0,0,1,2013-05-23,87,243,131,217,85,6,26,2,3,3,13,2,0,0,74,708,19,1,4606,3,1.3006341120901534,0.03921669357121953
1890,1971,2n Cycle,Together,42033.0,1,1,2012-09-19,95,11,1,4,2,0,7,1,1,0,2,7,0,0,55,25,3,2,4852,2,-1.9666483661872205,0.280478016365286
10742,1983,PhD,Married,86580.0,0,0,2013-02-27,72,532,21,127,26,20,20,0,4,2,5,1,0,0,43,746,11,0,4691,3,2.156271720193848,-1.0925403294199216
10356,1957,PhD,Divorced,41437.0,1,1,2012-09-22,5,29,0,2,0,0,1,1,1,0,3,7,0,0,69,32,4,2,4849,2,-1.9378500232285703,0.21774910032684947
4676,1951,Master,Widow,73705.0,0,2,2014-03-05,86,612,91,520,258,107,107,2,9,6,8,5,0,0,75,1695,23,2,4320,3,1.6421570547415356,0.5305570121040565
8852,1976,Graduation,Married,61064.0,0,1,2012-08-31,80,387,126,342,0,45,180,5,8,4,11,6,0,0,50,1080,23,1,4871,1,0.9387595482316786,2.5245692463476765
3565,1955,Master,Married,38452.0,1,1,2014-03-30,62,56,0,14,0,0,2,3,3,0,3,7,0,0,71,72,6,2,4295,0,-1.9845561488389851,-0.46716035098042535
5294,1989,Graduation,Single,18358.0,1,0,2013-11-20,49,6,8,19,16,4,4,3,3,0,4,7,0,0,37,57,7,1,4425,0,-1.9222977259232932,-0.4938001043993504
1958,1973,PhD,Together,55012.0,0,1,2014-03-21,85,582,0,65,0,0,13,6,8,2,9,5,0,0,53,660,19,1,4304,1,0.291156575863801,0.85289879927836
7349,1973,Basic,Together,9722.0,1,0,2012-10-02,7,6,17,16,6,16,42,4,3,1,3,8,0,1,53,103,7,1,4839,2,-2.3275221418713117,1.0044529584127808
8799,1984,PhD,Married,38175.0,1,0,2013-09-23,6,70,6,69,2,3,3,3,3,1,4,7,0,0,42,153,8,1,4483,2,-1.3424183315002864,-0.22470331778060096
1351,1956,Master,Together,58656.0,0,1,2012-09-20,25,962,12,194,16,24,12,4,7,8,13,6,0,0,70,1220,28,1,4851,1,1.3716917719333432,2.3491949017021643
1045,1965,Graduation,Together,52117.0,0,1,2012-08-16,55,112,10,107,30,0,20,2,5,2,4,7,0,0,61,279,11,1,4886,2,-0.6386731036596125,0.8265470366584071
7732,1978,Graduation,Married,64813.0,1,0,2014-01-02,81,293,0,124,179,97,52,1,7,2,10,5,0,0,48,745,19,1,4382,3,0.9479567000062205,-0.4996031909342128
8070,1973,PhD,Married,54222.0,0,1,2014-03-01,98,199,12,31,3,12,7,1,3,3,5,3,0,0,53,264,11,1,4324,0,0.14828392264157741,-1.4589172199503813
477,1986,Graduation,Married,83512.0,0,0,2014-06-17,31,1060,61,835,80,20,101,1,4,7,10,1,0,1,40,2157,21,0,4216,3,3.785632470713864,-1.1625679053299531
7832,1959,Master,Married,77520.0,0,1,2013-08-28,30,940,44,396,0,88,58,1,8,7,7,4,0,1,67,1526,22,1,4509,3,2.2237064070069086,0.1200412709123411
2202,1978,Graduation,Together,41154.0,0,1,2013-04-09,98,44,2,11,2,3,7,1,1,0,4,5,0,0,48,69,5,1,4650,2,-1.0200126714700655,-0.7258779600135958
7396,1966,Graduation,Married,80398.0,0,0,2012-11-10,92,342,51,936,207,35,26,1,5,8,12,3,0,0,60,1597,25,0,4800,3,3.1979538757440977,0.7013264984264045
4055,1992,Basic,Single,18746.0,1,0,2014-05-29,41,2,10,11,12,9,20,2,3,0,3,6,0,0,34,64,6,1,4235,0,-1.7348125463167323,-1.5056780851265905
10340,1984,Graduation,Together,35196.0,1,0,2012-11-13,68,75,12,141,43,39,187,6,6,1,5,8,0,0,42,497,12,1,4797,1,-1.238192024025437,2.0789450468598605
10091,1956,Graduation,Single,60230.0,0,1,2013-05-20,78,520,20,367,39,81,40,2,6,3,6,5,0,0,70,1067,15,1,4609,3,0.7857632231096777,0.34485970931697835
7629,1977,Graduation,Married,22108.0,1,1,2014-05-08,46,5,3,9,6,2,6,2,2,0,3,7,0,0,49,31,5,2,4256,0,-2.384692225438504,-1.0428225496347983
10640,1974,Graduation,Together,44392.0,1,1,2013-09-05,71,87,5,71,7,12,29,5,4,1,4,7,0,0,52,211,9,2,4501,1,-1.6855049426170483,0.9574464489885566
3498,1976,PhD,Married,55424.0,0,1,2012-11-25,6,462,61,184,10,53,107,4,7,5,9,6,0,1,50,877,21,1,4785,1,0.5670640176950994,1.7009393080703803
6742,1979,Graduation,Married,17688.0,1,0,2013-01-13,82,2,2,1,3,1,2,1,1,0,2,8,1,0,47,11,3,1,4736,2,-2.2362776991535602,-0.34661866491285054
1172,1983,PhD,Married,92491.0,0,0,2013-05-01,71,979,44,935,29,25,22,1,7,5,12,3,0,1,43,2034,24,0,4628,3,3.75901812349969,0.3708386364304156
569,1991,Graduation,Single,90273.0,0,0,2013-12-14,32,704,129,853,120,74,111,1,5,6,7,2,0,1,35,1991,18,0,4401,3,3.447403947573916,-0.7042917977340083
4686,1962,PhD,Widow,82571.0,0,0,2014-04-02,28,861,31,558,62,95,79,0,6,5,13,2,0,0,64,1686,24,0,4292,3,3.4713444218961715,-1.1931705415386094
1381,1982,PhD,Single,38513.0,1,0,2014-01-28,20,172,3,115,16,0,18,5,6,1,5,8,0,1,44,324,12,1,4356,0,-1.2539400475088618,0.46657287547890586
2634,1979,Master,Single,16653.0,1,0,2014-04-18,10,5,7,31,15,4,7,3,2,1,3,6,0,1,47,69,6,1,4276,0,-1.859548819589864,-1.1110426227927046
10905,1955,Graduation,Together,42586.0,1,1,2012-10-29,7,194,2,56,0,0,0,5,4,1,6,8,0,1,71,252,11,2,4812,1,-1.7488059403570893,1.9456011973247573
1744,1965,Basic,Single,23529.0,0,1,2013-01-07,67,9,7,13,3,2,20,1,1,1,2,6,0,0,61,54,4,1,4742,2,-1.671813860314898,-0.5116903415372166
1000,1961,Master,Together,74881.0,1,1,2013-03-08,48,505,72,270,36,27,54,4,9,2,12,5,0,0,65,964,23,2,4682,1,0.9171585860569028,1.8662823444687813
3828,1951,Graduation,Married,71107.0,0,1,2013-02-17,61,533,10,217,198,174,195,2,7,6,13,4,0,0,75,1327,26,1,4701,3,2.1071942170900515,1.0830024544581456
8605,1964,PhD,Together,46910.0,1,1,2014-03-23,36,48,0,14,0,0,6,2,2,0,3,6,0,0,62,68,5,2,4302,0,-1.625048935673457,-0.9389766350789183
10304,1959,Graduation,Married,18690.0,0,0,2012-12-28,77,6,1,7,23,4,19,1,1,1,2,8,0,0,67,60,4,0,4752,2,-1.6425068079752483,-0.5617337082394139
4351,1955,Graduation,Divorced,37244.0,1,1,2013-04-27,90,18,2,10,0,0,25,1,1,1,2,7,0,0,71,55,4,2,4632,2,-1.9925932023178108,-0.28153484331633555
10129,1966,Graduation,Together,82427.0,0,0,2014-03-12,35,482,147,509,104,107,107,1,3,5,12,1,0,0,60,1456,20,0,4313,3,3.1244869092952854,-1.1892696954062207
2499,1958,2n Cycle,Single,75342.0,0,1,2013-05-06,38,204,97,97,21,118,26,1,5,2,10,4,0,0,68,563,17,1,4623,3,1.070954357933529,-0.13298276862453295
10092,1954,Graduation,Divorced,70044.0,0,1,2013-02-18,46,1073,0,250,153,14,14,4,7,10,5,5,0,0,72,1504,22,1,4700,1,1.6564725361319794,1.7148202670107275
7500,1967,Graduation,Single,79146.0,1,1,2014-04-24,33,245,16,223,21,43,16,2,8,1,8,6,0,0,59,564,17,2,4270,0,0.2711967205058129,-0.17914337422302326
5796,1963,Graduation,Married,77437.0,0,0,2013-11-26,70,560,21,442,29,44,29,1,4,5,13,1,0,0,63,1125,22,0,4419,3,2.877905120610864,-0.9094835892579134
10556,1959,Graduation,Married,54984.0,0,1,2014-05-24,51,173,13,131,32,3,6,4,6,1,6,7,0,0,67,358,13,1,4240,0,-0.5402058380263358,-0.1360627545734563
1064,1971,PhD,Married,42403.0,1,0,2013-12-11,18,22,1,11,0,5,3,1,1,0,3,8,0,0,55,42,4,1,4404,0,-1.6115705313152793,-1.15306880806151
48,1964,Graduation,Together,55761.0,0,1,2014-04-24,97,136,1,12,0,3,32,2,4,1,3,6,0,0,62,184,8,1,4270,0,-0.6529988437127461,-1.0636336130316983
7610,1983,Graduation,Together,37292.0,1,0,2013-04-18,32,275,0,86,10,23,66,5,6,3,5,8,0,0,43,460,14,1,4641,1,-1.0349845133071096,1.3799107699109525
263,1945,PhD,Single,45576.0,0,0,2014-05-28,9,56,19,29,2,14,25,1,3,1,3,8,0,1,81,145,7,0,4236,0,-0.802010170323051,-1.74966374757456
10814,1947,Graduation,Together,70321.0,0,0,2013-01-16,6,303,23,751,82,26,191,1,6,5,13,4,0,1,79,1376,24,0,4733,3,2.52907177460955,0.38637238802765944
9710,1969,PhD,Divorced,58086.0,0,1,2013-01-20,80,708,7,62,0,0,15,2,11,3,7,8,0,0,57,792,21,1,4729,1,0.38658441366149426,1.2117367379637636
9292,1952,Graduation,Married,81795.0,0,0,2012-10-26,74,324,132,693,27,118,88,1,4,11,7,2,0,0,74,1382,22,0,4815,3,3.0270178366288683,0.3926121414989915
10250,1947,Basic,Together,28389.0,0,0,2012-11-20,49,1,5,3,7,4,8,1,1,0,2,7,0,0,79,28,3,0,4790,2,-1.350828806163575,-0.6312284698778995
7881,1946,Master,Married,66835.0,0,0,2013-09-28,21,620,26,195,34,17,141,1,6,4,13,2,0,0,80,1033,23,0,4478,3,2.4427041088204007,-0.7109678639309097
5847,1969,Graduation,Divorced,69901.0,0,1,2013-05-29,95,312,21,206,102,92,149,3,7,3,10,5,0,0,57,882,20,1,4600,1,1.1012434896493808,0.8679505803585723
737,1949,PhD,Married,80360.0,0,0,2013-03-03,56,1493,86,454,112,43,43,2,4,4,5,2,0,0,77,2231,13,0,4687,3,3.0426770960127283,0.2332079970272595
3571,1961,PhD,Together,63342.0,0,1,2012-10-16,48,918,21,118,13,10,21,3,8,3,5,6,0,1,65,1101,16,1,4825,1,0.7005593994645145,1.413228567140728
7807,1974,Graduation,Married,44989.0,0,1,2012-09-12,26,98,0,106,49,10,106,5,5,1,5,6,0,0,52,369,11,1,4859,1,-0.7852461599647442,1.5755883658207435
3878,1980,2n Cycle,Single,31859.0,1,0,2014-02-27,3,3,4,7,15,8,11,1,1,0,3,7,0,0,46,48,4,1,4326,0,-1.6826857448267811,-1.545862363739097
5092,1949,PhD,Widow,51569.0,0,1,2013-02-12,39,380,0,47,6,0,34,4,7,1,7,8,0,1,77,467,15,1,4706,1,-0.5660949903094835,1.344016477509908
2154,1971,Graduation,Widow,30372.0,1,1,2012-12-25,33,15,0,12,7,3,7,3,2,0,3,7,0,0,55,44,5,2,4755,2,-2.254830890170651,0.6506271839961317
5394,1979,Basic,Single,16014.0,1,1,2013-03-17,42,3,9,4,7,8,7,4,1,1,4,3,0,0,47,38,6,2,4673,2,-1.9183361149645615,0.2512263749744275
3798,1968,Graduation,Married,41120.0,1,1,2013-11-06,80,24,2,23,0,8,24,3,2,1,3,6,0,0,58,81,6,2,4439,0,-1.740003164837101,-0.16978904474400275
3524,1971,Master,Single,39763.0,1,0,2013-08-04,9,80,1,60,4,6,16,2,5,1,2,9,0,1,55,167,8,1,4533,2,-1.5579947080180188,-0.15194760189725692
5247,1955,PhD,Married,38725.0,1,1,2014-05-10,52,31,0,6,2,1,5,2,1,0,4,4,0,0,71,45,5,2,4254,0,-1.4879431234063338,-1.3413224314318095
5883,1972,Graduation,Married,77981.0,1,0,2013-05-26,78,138,120,204,16,126,60,3,7,4,7,5,0,0,54,664,18,1,4603,1,0.97388350458419,0.7245444562849358
2118,1964,2n Cycle,Married,62905.0,0,1,2013-09-10,68,166,75,96,119,107,59,3,7,2,8,4,0,0,62,622,17,1,4496,3,0.6982733898830229,0.17849055885443285
8812,1979,2n Cycle,Divorced,13533.0,1,0,2013-03-10,45,12,3,8,8,0,17,2,2,0,3,7,0,0,47,48,5,1,4680,2,-2.0895589617798027,-0.2510966761405759
6616,1975,Graduation,Together,59481.0,0,1,2013-10-23,47,178,3,85,71,66,58,2,3,3,8,2,0,0,51,461,14,1,4453,3,0.7022667725760534,-0.7411375100282499
2797,1977,Graduation,Married,72117.0,0,1,2013-08-20,34,707,20,171,65,60,50,1,9,7,9,5,0,0,49,1073,25,1,4517,3,1.7510228730982111,0.22747785457699987
4328,1986,2n Cycle,Married,21955.0,1,0,2013-09-07,81,5,1,7,17,14,11,2,2,1,3,6,0,0,40,55,6,1,4499,0,-1.653102754633354,-0.7402693430459933
9167,1956,Graduation,Married,67131.0,0,1,2013-03-26,72,465,71,250,93,35,62,3,9,2,12,6,0,0,70,976,23,1,4664,1,1.1308060147715358,1.2962912060136593
10560,1980,PhD,Single,36802.0,1,0,2014-06-16,23,16,1,2,0,0,1,1,1,0,3,5,0,0,46,20,4,1,4217,0,-1.2517830779166774,-2.055319542991963
2631,1982,Graduation,Together,71853.0,0,0,2013-05-08,29,358,108,413,141,97,32,1,2,8,6,1,0,0,44,1149,16,0,4621,3,2.3828445486107013,-0.6980647303031161
8312,1961,Basic,Married,28249.0,0,0,2014-06-15,80,1,9,7,2,14,10,1,2,0,3,6,0,0,65,43,5,0,4218,0,-1.0468825801690782,-2.166066176835804
5534,1975,Master,Married,47808.0,0,1,2013-10-20,30,123,1,26,2,0,72,2,3,2,3,7,0,0,51,224,8,1,4456,0,-0.9860359709145624,-0.5318791156500541
5093,1974,PhD,Divorced,25509.0,1,0,2012-09-18,15,40,3,30,10,7,11,3,3,0,3,9,0,1,52,101,6,1,4853,2,-2.1277003941252635,0.8693084136281635
7592,1946,PhD,Married,51012.0,0,0,2013-04-18,86,102,9,63,2,9,24,1,4,1,4,6,0,0,80,209,9,0,4641,2,-0.13223200377431127,-0.6873589335786279
8895,1985,Graduation,Single,70596.0,0,0,2012-10-05,68,347,44,534,17,0,26,1,3,5,12,2,0,0,41,968,20,0,4836,3,2.3048593711744236,0.16218327588185374
8584,1952,PhD,Together,85431.0,0,0,2013-06-08,54,376,53,462,168,53,53,1,2,7,7,0,0,0,74,1165,16,0,4590,3,2.8796988482938697,-0.8164519603386455
2694,1967,Graduation,Married,42664.0,0,1,2014-03-18,44,21,0,3,0,0,0,1,1,0,3,6,0,0,59,24,4,1,4307,0,-1.2766639436274894,-1.6395010504085636
8910,1955,Graduation,Together,42586.0,1,1,2012-10-29,7,194,2,56,0,0,0,5,4,1,6,8,0,1,71,252,11,2,4812,1,-1.7488059403570893,1.9456011973247573
7433,1985,Graduation,Single,29760.0,1,0,2012-08-29,87,64,4,68,7,5,17,4,3,1,4,8,0,0,41,165,8,1,4873,2,-1.7345937227240837,1.3346835412856826
164,1977,PhD,Married,28973.0,0,0,2012-10-13,59,206,0,46,3,2,12,2,5,1,5,8,0,0,49,269,11,0,4828,2,-0.8717593101877921,0.38085146894786737
10477,1973,PhD,Together,39435.0,1,0,2013-08-06,16,71,0,18,0,0,13,1,3,1,2,7,0,0,53,102,6,1,4531,2,-1.3326604299881686,-0.8387080447006536
2681,1984,2n Cycle,Married,65370.0,0,0,2013-08-01,1,71,22,112,138,89,29,1,2,3,13,1,0,0,42,461,18,0,4536,3,1.7871074355444612,-1.1321645220011733
5150,1979,Basic,Single,20194.0,1,0,2012-12-17,64,0,4,7,11,10,15,2,2,0,3,6,0,0,47,47,5,1,4763,2,-1.7633995986958662,-0.10376103104801604
5283,1976,PhD,Single,42473.0,1,1,2014-02-17,72,93,1,21,0,4,25,3,2,1,4,5,0,0,50,144,7,2,4336,0,-1.4295470500902467,-0.5077467849393944
9645,1968,Graduation,Married,64590.0,0,0,2012-10-14,98,920,138,168,36,46,30,1,9,4,10,6,0,0,58,1338,23,0,4827,3,1.9956920299750494,0.9083829603968488
10678,1959,Graduation,Together,71232.0,0,1,2013-11-28,91,653,17,170,34,26,17,2,11,2,10,7,0,0,67,917,23,1,4417,3,1.0807838215557994,0.4478339722614285
7261,1971,Graduation,Together,34600.0,1,1,2013-01-01,8,199,33,60,8,3,15,5,5,2,5,8,0,1,55,318,12,2,4748,1,-1.813248125031696,1.809470178718502
9648,1967,Graduation,Single,46904.0,1,1,2012-11-03,20,153,4,56,0,9,31,4,5,1,4,8,0,0,59,253,10,2,4807,1,-1.6366252694477657,1.593855083503742
2870,1973,Graduation,Married,49094.0,0,1,2012-09-21,6,376,0,38,11,8,69,5,6,3,6,6,0,0,53,502,15,1,4850,1,-0.335941930745782,1.7735464403942287
8008,1983,Graduation,Together,36075.0,1,0,2013-12-09,54,46,0,30,12,1,30,1,2,0,4,6,0,0,43,119,6,1,4406,0,-1.2169124279944583,-1.2656056107972478
1513,1979,2n Cycle,Together,60839.0,1,1,2012-08-28,72,600,21,128,223,150,128,13,2,2,12,8,0,0,47,1250,16,2,4874,1,-0.7612965894766112,5.437243633398808
6173,1979,Graduation,Together,77298.0,0,1,2013-11-02,46,425,115,292,23,35,79,1,6,6,11,3,0,0,47,969,23,1,4443,3,1.996610702763629,-0.3126212807295799
1419,1950,Graduation,Together,34026.0,1,1,2013-08-05,11,18,6,15,12,8,17,3,2,1,3,5,0,0,76,76,6,2,4532,0,-1.754976162398094,-0.15165242488433933
9150,1963,PhD,Single,48918.0,1,1,2014-04-12,21,52,0,9,0,0,1,2,1,0,4,4,0,0,63,62,5,2,4282,0,-1.2514758201799343,-1.2522327044665524
7960,1962,2n Cycle,Together,82122.0,0,0,2013-08-15,89,734,22,350,151,25,100,1,3,9,13,1,0,0,64,1382,25,0,4522,3,3.3924783965061005,-0.36671526313171765
1250,1976,Graduation,Single,37697.0,1,0,2014-02-07,82,34,6,21,11,4,8,1,2,1,3,6,0,0,50,84,6,1,4346,0,-1.2016254704700116,-1.401438948220875
9905,1952,Graduation,Together,34074.0,1,1,2013-07-13,69,135,1,41,10,1,67,5,3,3,3,6,0,0,74,255,9,2,4555,1,-1.7141729093601001,0.94856997011058
10691,1960,Master,Married,28520.0,1,1,2013-06-14,55,11,0,10,0,2,20,1,1,1,2,6,0,0,66,43,4,2,4584,0,-2.0426287401992123,-0.6144487849159022
7002,1955,Graduation,Single,62535.0,0,1,2013-10-03,13,163,48,90,0,45,52,1,3,2,8,3,0,0,71,398,13,1,4473,0,0.5508305027305198,-0.9806455221523774
2952,1977,Master,Single,36273.0,1,0,2014-04-16,80,29,3,30,3,2,9,2,3,0,3,6,0,0,49,76,6,1,4278,0,-1.3151462839091985,-1.2697955233052955
8439,1964,Graduation,Together,63404.0,0,2,2014-06-06,97,734,26,70,11,44,17,2,6,3,4,4,0,0,62,902,13,2,4227,0,0.2949205830578114,-0.6025623782794963
762,1981,2n Cycle,Together,75774.0,1,0,2014-05-02,27,340,21,134,258,14,56,1,7,5,8,4,0,0,45,823,20,1,4262,3,1.474765120107176,-0.8894047568135589
2831,1976,Graduation,Together,78416.0,0,1,2014-06-27,99,453,38,279,188,38,183,2,7,7,10,3,0,0,50,1179,24,1,4206,3,2.196550177566783,-0.44363254214541276
6977,1974,Graduation,Together,75702.0,0,1,2012-10-14,87,1073,0,629,145,37,37,1,10,5,13,6,0,0,52,1921,28,1,4827,3,2.5710797300991945,1.6896934870406255
6289,1951,Master,Together,59385.0,1,1,2013-04-28,85,135,0,10,0,4,36,2,3,1,4,5,0,0,75,185,8,2,4631,0,-0.8672630726870911,0.1049610067932367
4168,1966,Graduation,Single,37070.0,1,1,2013-03-20,30,231,7,137,4,15,39,9,5,1,8,7,0,1,60,433,14,2,4670,1,-1.6537792384159191,2.9425749547702904
8397,1951,Graduation,Married,44689.0,1,1,2014-01-10,82,18,0,5,0,0,11,2,1,1,2,7,0,0,75,34,4,2,4374,0,-1.920643513281294,-0.6358506244849698
9284,1958,Graduation,Together,53977.0,0,1,2013-06-08,21,620,16,165,0,24,82,5,5,5,12,5,0,0,68,907,22,1,4590,1,0.7192310322650812,1.443419822587755
6237,1966,PhD,Single,7144.0,0,2,2013-12-07,92,81,4,33,5,2,291,0,23,1,1,0,0,0,60,416,25,2,4408,0,0.2011937436746813,-1.1271584517089919
3130,1964,Graduation,Single,18701.0,1,1,2013-06-04,95,12,4,2,10,6,10,4,2,0,4,5,0,0,62,44,6,2,4594,0,-2.1758620286637282,0.35959315405753095
1619,1956,Graduation,Married,90369.0,0,0,2014-04-28,2,292,51,981,224,23,17,1,4,6,6,1,0,1,70,1588,16,0,4266,3,3.1495876128012386,-1.455269075662229
1990,1974,PhD,Single,63159.0,0,0,2012-11-05,74,965,34,586,89,86,37,1,3,5,8,3,0,0,52,1797,16,0,4805,3,2.3969270297816294,0.2844108079124472
5513,1966,Graduation,Together,37758.0,1,1,2012-10-04,49,27,2,10,0,0,1,2,1,0,3,8,0,0,60,40,4,2,4837,2,-2.243675518850706,0.6719389411837609
269,1963,PhD,Single,46757.0,0,1,2012-11-16,71,777,30,163,0,51,122,6,4,4,7,9,0,0,63,1143,15,1,4794,1,-0.42336030425603527,2.60609618805571
8093,1969,Master,Married,79734.0,0,0,2014-06-28,72,572,8,232,23,62,17,1,4,3,6,1,0,0,57,914,13,0,4205,3,2.1843854724982688,-1.955014139401536
10513,1992,Graduation,Together,63207.0,0,0,2013-01-20,68,438,169,565,91,169,70,1,2,3,6,7,0,0,34,1502,11,0,4729,3,1.1608230546946796,0.24255145744371326
10177,1954,Graduation,Divorced,72071.0,0,1,2013-02-14,4,531,69,300,150,138,150,3,5,4,8,2,0,0,72,1338,17,1,4704,3,1.8169683811117208,0.7040887736191903
2549,1983,PhD,Together,21840.0,1,0,2013-07-21,80,17,0,9,0,0,1,1,1,0,3,9,0,0,43,27,4,1,4547,2,-2.2383895768598547,-0.6651195307557348
5782,1982,2n Cycle,Together,58582.0,0,1,2013-09-28,15,402,35,106,101,77,42,2,9,2,9,5,0,0,44,763,20,1,4478,3,0.7938700849739926,0.036937597573247244
10057,1951,Graduation,Single,72282.0,0,0,2013-07-19,70,503,27,419,90,139,153,1,5,7,9,7,0,1,75,1331,21,0,4549,3,1.8560447535361362,0.19206260590445573
10307,1956,Graduation,Married,50387.0,0,2,2013-08-31,91,369,9,87,12,14,34,3,6,2,8,5,0,0,70,525,16,2,4506,1,-0.3592467344562888,0.5437621493177799
8566,1961,PhD,Together,32583.0,1,1,2014-06-15,10,5,0,3,0,0,1,1,1,0,2,7,0,0,65,9,3,2,4218,0,-2.2300626549439024,-1.5656161950261525
2415,1962,Graduation,Together,62568.0,0,1,2014-04-07,99,362,17,398,80,35,61,3,5,3,5,4,0,0,64,953,13,1,4287,0,0.7153264474773173,-0.4180908091514917
5684,1971,Master,Divorced,44635.0,1,1,2013-10-11,25,56,0,9,0,0,3,2,2,0,3,7,0,0,55,68,5,2,4465,0,-1.846000543847438,-0.3972587328021794
8334,1971,Master,Single,33316.0,1,1,2013-10-04,34,79,1,31,4,4,12,3,2,1,4,6,0,0,55,131,7,2,4472,0,-1.8257223081616991,-0.10173016844401106
9166,1968,Graduation,Married,63967.0,0,1,2013-08-09,57,387,84,141,73,35,162,3,4,4,12,2,0,0,58,882,20,1,4528,3,1.4607934986999853,0.23380454214760188
1440,1978,2n Cycle,Together,52513.0,0,0,2012-09-04,84,367,17,241,104,188,232,2,9,5,9,7,0,0,48,1149,23,0,4867,3,1.32120665457618,1.3352196360214783
78,1969,Graduation,Married,25293.0,1,0,2013-09-15,51,15,0,11,0,2,9,1,1,1,2,8,0,0,57,37,4,1,4491,2,-1.9925149019600643,-0.9548282567864989
5441,1965,PhD,Widow,54111.0,0,1,2013-08-25,97,267,6,54,8,3,50,2,5,2,6,5,0,0,61,388,13,1,4512,0,-0.033579642899368045,-0.2461153974299746
5302,1986,Graduation,Together,78394.0,0,0,2013-02-15,13,298,27,697,216,24,166,1,4,6,5,2,0,1,40,1428,15,0,4703,3,2.5250561692038986,-0.29228833382731473
4687,1958,Master,Married,80739.0,0,0,2013-05-23,92,674,92,736,39,0,92,1,3,11,9,1,0,0,68,1633,23,0,4606,3,3.443235299608874,-0.14682680506827514
1087,1975,Master,Together,22669.0,1,0,2013-05-22,30,16,14,36,37,22,48,3,4,1,2,9,0,1,51,173,7,1,4607,2,-2.069446269298535,0.2821088396098486
6859,1987,Graduation,Single,29236.0,1,0,2013-10-08,30,37,4,24,16,9,9,2,4,0,3,9,0,0,39,99,7,1,4468,2,-1.9107800323047461,-0.416132659766398
9860,1959,Graduation,Together,44911.0,0,1,2013-03-15,11,159,0,22,2,1,31,3,4,1,4,7,0,0,67,215,9,1,4675,2,-1.070697825941945,0.39250483490625565
7129,1962,PhD,Married,54693.0,0,1,2013-02-17,72,686,17,142,23,26,35,8,6,4,13,6,0,0,64,929,23,1,4701,1,0.44619829809487843,2.9561932571853653
5866,1974,Graduation,Together,48186.0,1,0,2014-03-20,39,97,3,66,12,7,34,3,4,1,4,7,0,0,52,219,9,1,4305,0,-0.9911368098738592,-0.5576383326864831
10521,1977,Graduation,Married,54809.0,1,1,2013-09-11,0,63,6,57,13,13,22,4,2,1,5,4,0,1,49,174,8,2,4495,0,-0.9844825355116628,0.1483629323150673
7393,1978,Graduation,Together,41580.0,1,1,2012-12-10,15,56,5,24,4,0,3,3,2,1,3,5,0,0,48,92,6,2,4770,2,-1.5652616910445474,0.5304305537596405
7849,1970,PhD,Married,80336.0,0,0,2013-09-09,12,209,19,456,160,142,66,1,2,9,13,1,0,0,56,1052,24,0,4497,3,2.9943089477903437,-0.6864279473134728
332,1957,Graduation,Married,47743.0,0,1,2013-03-22,56,198,2,43,0,12,20,3,4,1,6,6,0,0,69,275,11,1,4668,2,-0.6486102620437758,0.42231643286791287
9847,1955,2n Cycle,Married,62972.0,0,1,2012-08-03,39,313,15,47,20,0,192,2,7,4,3,6,0,0,71,587,14,1,4899,1,0.2147433694886187,1.0068439515293253
531,1954,PhD,Divorced,57333.0,0,1,2012-09-22,55,941,14,397,76,58,176,11,8,5,9,6,0,1,72,1662,22,1,4849,1,0.8240540016123575,4.53177911396207
9576,1982,PhD,Together,32313.0,1,0,2013-02-11,60,86,4,56,2,4,7,3,4,0,4,9,0,0,44,159,8,1,4707,2,-1.7883988516024147,0.6651435069759215
6906,1953,Master,Widow,84953.0,0,0,2013-06-03,73,167,48,602,63,72,72,1,3,10,4,2,0,1,73,1024,17,0,4595,3,2.4841815812875496,-0.5382978574774165
7419,1968,Master,Divorced,27071.0,1,0,2014-04-23,90,8,3,19,0,2,3,2,2,0,3,6,0,0,58,35,5,1,4271,0,-1.617956498647433,-1.3752051640319738
3170,1957,Master,Together,68148.0,0,0,2013-08-31,86,389,66,408,37,57,85,1,4,4,6,2,0,0,69,1042,14,0,4506,3,1.9304294967868685,-0.9629521448629395
8527,1965,Master,Together,65735.0,1,1,2013-12-07,37,239,7,119,4,15,11,5,6,2,6,7,0,0,61,395,14,2,4408,1,-0.7456355733954125,1.048128518069655
7872,1975,PhD,Married,86836.0,0,0,2012-09-12,7,179,21,273,0,21,63,1,6,10,6,5,0,1,51,557,22,0,4859,3,1.9376334996992994,0.5457069030443632
9931,1963,PhD,Married,4023.0,1,1,2014-06-23,29,5,0,1,1,1,1,15,0,0,0,19,0,0,63,9,0,2,4210,1,-6.109099663297424,4.232172720778291
10595,1990,Graduation,Married,30093.0,0,0,2013-07-08,19,2,6,28,13,4,16,1,2,0,3,7,0,0,36,69,5,0,4560,2,-1.1647897044000124,-1.1718658960280715
4609,1966,PhD,Married,57705.0,0,1,2014-01-11,14,383,0,53,6,4,40,3,8,1,6,6,0,0,60,486,15,1,4373,0,-0.01372732568733387,-0.12293449521035736
5010,1988,Graduation,Single,25008.0,1,0,2014-02-02,72,2,8,8,6,1,9,2,1,0,3,8,0,0,38,34,4,1,4351,0,-2.070512339109611,-0.9850464516641046
4427,1995,2n Cycle,Single,83257.0,0,0,2012-09-18,56,536,27,590,38,107,67,1,5,10,12,6,1,1,31,1365,27,0,4853,3,2.682249966113433,1.1998374661815108
11148,1975,Graduation,Together,22280.0,1,0,2013-05-19,85,2,1,4,3,1,2,1,1,0,2,8,0,0,51,13,3,1,4610,2,-2.131736338375783,-0.6628072855697892
1168,1978,PhD,Married,72159.0,0,0,2012-10-29,62,322,53,899,34,40,53,1,4,6,10,2,0,0,48,1401,20,0,4812,3,2.6939958657725995,0.24714886256494226
9595,1961,Graduation,Together,64260.0,0,0,2013-01-11,1,539,169,816,20,0,30,1,4,5,4,3,0,1,65,1574,13,0,4738,3,2.0261681024546987,-0.18565707459095454
10163,1984,PhD,Single,82733.0,0,0,2013-09-10,28,712,50,420,65,38,38,1,8,4,7,4,0,1,42,1323,19,0,4496,3,2.4533130925312068,-0.4209148085021994
2886,1971,Master,Divorced,74290.0,0,1,2013-08-12,70,1121,0,72,0,12,12,4,10,8,10,6,0,0,55,1217,28,1,4525,1,1.7315952080011843,1.5852024748060303
6710,1951,Master,Single,58217.0,2,1,2012-11-17,84,68,1,13,3,5,13,1,2,0,4,6,0,0,75,103,6,3,4793,2,-1.6498780229799097,0.534095886606246
5316,1976,Master,Together,21024.0,0,0,2013-07-04,89,36,4,18,6,2,18,1,2,0,4,7,0,0,50,84,6,0,4564,2,-1.274141973521145,-1.070414229493976
9029,1972,PhD,Married,70116.0,0,0,2013-01-26,73,707,44,603,95,58,29,1,2,8,12,1,0,0,54,1536,22,0,4723,3,3.0556994640937845,0.024158874867054984
521,1985,Graduation,Together,54006.0,1,0,2012-09-18,42,174,77,203,6,24,97,2,8,1,7,7,0,0,41,581,16,1,4853,1,-0.03583246295250621,1.0622762313758634
1459,1966,PhD,Married,69063.0,0,1,2012-11-07,16,666,35,124,69,8,26,1,5,3,5,3,0,0,60,928,13,1,4803,3,1.1409824335391547,0.12156239750214332
10241,1975,2n Cycle,Divorced,11448.0,0,0,2013-12-15,16,0,0,0,6,2,6,1,1,0,2,6,0,0,51,14,3,0,4400,2,-1.594103662036035,-1.9174796940682324
1630,1979,Graduation,Single,61825.0,0,1,2013-08-07,56,162,50,100,55,30,27,1,4,2,8,4,0,0,47,424,14,1,4530,0,0.4641563097737394,-0.6035298432395958
3254,1971,Graduation,Married,70886.0,1,0,2013-10-14,65,407,70,239,103,88,53,1,5,4,4,2,0,0,55,960,13,1,4462,3,1.3861971439062484,-0.8480113508329715
9064,1982,Graduation,Married,69109.0,0,0,2012-11-09,10,823,25,459,124,29,95,1,6,6,7,4,0,1,44,1555,19,0,4801,3,2.334837323515565,0.4040602426014071
3678,1973,Graduation,Widow,60208.0,1,1,2012-10-07,13,488,23,71,15,0,59,11,8,3,7,7,0,1,53,656,18,2,4834,1,-0.8407844303552646,4.37090946681579
4227,1968,Master,Together,32889.0,1,1,2013-09-06,78,28,0,13,4,2,8,3,2,1,3,5,0,0,58,55,6,2,4500,0,-1.7787469904926034,-0.17538026224114836
9467,1984,Graduation,Single,34738.0,1,0,2014-05-11,51,3,2,10,3,0,2,1,1,0,3,6,0,0,42,20,4,1,4253,0,-1.4585706573823773,-1.8113537342579826
8486,1971,Master,Together,30538.0,1,0,2012-10-01,27,284,0,52,8,3,20,4,9,0,4,10,0,0,55,367,13,1,4840,2,-1.5907810563357798,1.7280211282655176
2186,1977,2n Cycle,Together,82326.0,0,0,2014-03-10,30,938,142,754,159,81,183,1,5,10,6,2,0,1,49,2257,21,0,4315,3,3.673437744416997,-0.7429573219788239
3286,1967,PhD,Divorced,26642.0,1,0,2014-03-01,71,13,2,15,2,2,8,2,2,0,3,6,0,0,59,42,5,1,4324,0,-1.626653451293891,-1.2529639397328955
8602,1964,Graduation,Divorced,69932.0,0,1,2013-06-12,97,412,172,153,150,105,57,2,7,6,11,4,0,0,62,1049,24,1,4586,3,1.7342798197055533,0.6216352194510614
3722,1972,Graduation,Single,44503.0,1,1,2014-04-16,83,31,1,8,0,0,8,2,2,0,3,6,0,0,54,48,5,2,4278,0,-1.6825838688785526,-0.968293911092507
6715,1948,PhD,Single,60200.0,0,1,2013-01-02,3,502,19,132,0,6,26,6,6,2,11,6,0,0,78,685,19,1,4747,1,0.24377855429321785,2.109226933658359
4796,1952,Graduation,Divorced,49638.0,0,1,2014-04-19,71,18,10,3,3,5,0,1,1,0,3,2,0,0,74,39,4,1,4275,0,-0.4232372415097512,-2.1595738228334134
9612,1987,2n Cycle,Single,23830.0,0,0,2014-02-07,3,1,8,6,4,8,16,1,1,0,3,7,0,0,39,43,4,0,4346,0,-1.399823002005671,-1.846110834625731
3766,1959,Master,Widow,33051.0,0,0,2012-08-16,15,100,71,243,108,94,219,3,9,1,8,9,0,1,67,835,18,0,4886,2,-0.12520925108790737,1.4683600525257892
1399,1958,Graduation,Married,72905.0,0,0,2014-01-21,52,407,114,445,181,165,203,1,3,7,9,1,0,0,68,1515,19,0,4363,3,2.8996454954832815,-1.1001753033502626
1570,1951,PhD,Together,69702.0,0,1,2013-02-19,8,664,9,240,50,19,57,2,7,7,10,4,0,0,75,1039,24,1,4699,3,1.6964362407615348,0.8226289552293179
3426,1975,Graduation,Divorced,70300.0,1,0,2013-07-15,89,1045,61,338,60,46,46,3,5,5,13,8,0,0,51,1596,23,1,4553,1,1.3776450220949863,1.492892825216344
3074,1984,PhD,Married,70643.0,0,0,2012-10-15,66,1218,107,304,23,143,33,1,5,8,4,6,0,1,42,1828,17,0,4826,3,2.1467749566125764,0.7926514079265239
8341,1969,PhD,Married,30396.0,1,0,2014-04-30,22,15,0,6,0,1,12,2,1,1,2,7,0,1,57,34,4,1,4264,0,-1.7957077249701223,-1.3769800977827682
5180,1968,PhD,Divorced,50616.0,0,1,2014-04-18,56,128,0,16,0,1,4,2,4,0,4,7,0,0,58,149,8,1,4276,0,-0.979355756122071,-1.0019437991158775
6461,1969,Master,Single,62772.0,0,1,2013-05-19,74,581,49,157,43,8,108,1,5,6,11,2,0,0,57,946,22,1,4610,3,1.7649914705518641,-0.06989965496567126
7679,1985,PhD,Single,30298.0,0,0,2014-05-19,48,6,3,12,6,1,0,1,1,1,3,3,0,0,41,28,5,0,4245,0,-0.5151374808717045,-2.4990991356484216
10702,1984,Graduation,Single,52413.0,1,0,2012-11-03,67,185,8,133,56,56,12,2,7,1,7,7,0,0,42,450,15,1,4807,2,-0.23625436158001123,0.8689286599363807
7505,1957,PhD,Married,44155.0,1,1,2014-01-19,24,22,1,9,0,0,14,1,1,1,2,4,0,0,69,46,4,2,4365,0,-1.3606978383556618,-1.4216705257080795
5113,1971,PhD,Divorced,86979.0,0,0,2013-11-07,67,584,100,835,65,83,35,1,5,5,5,2,0,1,55,1702,15,0,4438,3,2.9564362547463108,-0.8154549099135886
10858,1975,Graduation,Together,76532.0,1,1,2013-09-09,38,355,30,177,90,138,30,4,9,5,7,5,0,0,51,820,21,2,4497,1,0.7036730524968491,1.2234229240038994
2961,1982,Graduation,Married,42081.0,1,0,2013-02-26,86,175,10,110,54,6,27,2,6,3,4,6,0,0,44,382,13,1,4692,2,-0.48042943097495694,0.2988653158029296
2747,1988,PhD,Married,67546.0,0,0,2012-08-31,90,864,134,768,150,38,172,1,4,10,5,3,0,0,38,2126,19,0,4871,3,2.9623991293707106,0.7478965173510744
3010,1989,Master,Together,88420.0,0,0,2014-05-02,87,957,153,612,99,95,153,1,4,7,8,1,0,0,37,2069,19,0,4262,3,3.7154975117499864,-1.0773130259688475
5790,1985,Graduation,Married,31158.0,1,0,2013-01-27,62,25,6,16,20,0,5,2,2,0,3,8,0,0,41,72,5,1,4722,2,-1.8332019072453165,0.08671704333378975
6892,1968,Graduation,Divorced,61671.0,0,1,2014-06-03,23,641,7,56,0,0,28,8,10,4,6,8,0,0,58,732,20,1,4230,1,-0.10740116182971464,1.7073892374286863
1743,1974,Graduation,Single,69719.0,0,0,2014-05-26,99,273,86,208,177,14,43,1,2,3,5,1,0,0,52,801,10,0,4238,3,1.6831908090345893,-2.0528129044442607
3578,1949,Graduation,Divorced,49160.0,0,1,2013-10-20,29,122,21,43,25,10,15,2,3,1,6,6,0,0,77,236,10,1,4456,0,-0.6504558864628629,-0.5570421561687899
8462,1978,Basic,Together,24882.0,1,0,2012-09-09,52,1,4,10,29,0,36,1,1,1,2,6,0,0,48,80,4,1,4862,2,-1.6221547004595567,-0.1906567379299063
5558,1954,PhD,Single,90933.0,0,0,2014-03-31,90,1020,31,430,62,63,79,1,4,6,4,1,0,0,72,1685,14,0,4294,3,3.1421313938195503,-1.3369569958007532
4619,1945,PhD,Single,113734.0,0,0,2014-05-28,9,6,2,3,1,262,3,0,27,0,0,1,0,0,81,277,27,0,4236,3,3.3721649800815063,-1.7116944937442915
8780,1950,PhD,Together,59292.0,0,1,2013-06-13,71,378,14,68,19,14,14,2,3,5,8,3,0,0,76,507,16,1,4585,3,0.7027409276094768,-0.12876740233970824
10789,1964,PhD,Married,45759.0,1,1,2013-02-23,13,42,1,18,3,0,4,2,2,0,3,7,0,0,62,68,5,2,4695,2,-1.8201461069165692,0.21333069940661814
10779,1983,Graduation,Single,22148.0,0,0,2014-04-13,16,15,5,14,0,4,11,1,1,0,3,7,0,0,43,49,4,0,4281,0,-1.4303010445019653,-2.011577615214848
5896,1987,Master,Married,73395.0,0,0,2014-03-18,94,272,7,80,20,7,11,1,4,4,6,2,0,0,39,397,14,0,4307,3,1.5183166380275404,-1.6912080866947319
2337,1971,Graduation,Divorced,29819.0,1,0,2013-10-24,77,9,1,24,2,1,2,3,3,0,3,6,0,0,55,39,6,1,4452,0,-1.562769258366337,-0.5185758141648035
10951,1968,Graduation,Married,45688.0,0,1,2014-01-25,20,279,0,18,0,0,9,2,3,1,8,4,0,0,58,306,12,1,4359,0,-0.21176908448946696,-0.9766863901928411
544,1954,Graduation,Married,62820.0,0,0,2013-05-11,51,398,61,265,138,61,53,1,3,4,6,1,0,0,72,976,13,0,4618,3,1.8525195513703803,-0.9150262695742123
17,1971,PhD,Married,60491.0,0,1,2013-09-06,81,637,47,237,12,19,76,4,6,11,7,5,0,0,55,1028,24,1,4500,1,1.1820222282981871,1.1016588423541975
10680,1986,Graduation,Together,33235.0,1,0,2014-02-05,71,45,0,16,2,1,6,1,3,0,3,7,0,0,40,70,6,1,4348,0,-1.4864247178491743,-1.3071081823454103
3265,1959,Graduation,Married,35701.0,0,0,2013-03-19,36,21,1,9,7,3,5,1,1,0,3,6,0,0,67,46,4,0,4671,2,-0.9439501450249805,-1.0086833210745023
5623,1980,Master,Married,31535.0,1,0,2013-09-26,95,15,4,13,0,0,19,1,1,1,2,7,0,0,46,51,4,1,4480,0,-1.6577333346913063,-1.0293652663876156
5832,1960,2n Cycle,Together,92556.0,0,0,2014-04-20,32,493,183,352,184,23,28,0,3,5,13,0,0,0,66,1263,21,0,4274,3,3.4990631302281763,-1.7271498107127432
5544,1970,Graduation,Single,67384.0,0,1,2012-11-10,32,957,40,175,158,53,107,2,7,8,5,5,0,0,56,1490,20,1,4800,3,1.6015129271466064,1.2107185463463312
6417,1971,Master,Together,80573.0,0,0,2012-10-14,85,829,138,430,60,92,15,1,4,6,13,2,0,0,55,1564,23,0,4827,3,3.215579197936495,0.5403690999399143
5831,1967,Graduation,Married,77870.0,0,1,2012-08-22,93,1017,50,500,65,50,133,3,5,5,5,8,0,1,59,1815,15,1,4880,1,1.2301570459566247,2.1221161268752375
7101,1963,PhD,Widow,52278.0,0,1,2013-01-25,24,953,0,71,0,0,174,6,10,5,10,8,0,0,63,1198,25,1,4724,1,0.5332374340695418,2.7362982564143974
10176,1968,Graduation,Single,57107.0,0,1,2012-08-24,44,159,0,120,0,0,137,7,4,4,8,8,0,1,58,416,16,1,4878,1,-0.6334572575966937,2.840181221226501
2326,1990,Graduation,Married,18929.0,0,0,2013-02-16,15,32,0,8,23,4,18,1,1,0,4,6,0,0,36,85,5,0,4702,2,-1.234753744968003,-0.9592216604174728
4385,1981,PhD,Single,36038.0,1,0,2013-05-31,82,23,0,15,0,2,7,2,3,0,3,6,0,0,45,47,6,1,4598,2,-1.3382778832118682,-0.4170041394953216
2929,1976,Graduation,Single,20180.0,0,0,2013-02-20,27,18,42,24,15,20,18,1,2,1,4,7,0,0,50,137,7,0,4698,2,-1.2025497944219288,-0.7183034814179936
10686,1965,PhD,Together,34230.0,1,1,2012-12-26,72,15,0,4,0,0,2,1,1,0,2,7,0,0,61,21,3,2,4754,2,-2.155388548254745,-0.04264752223455792
2546,1977,2n Cycle,Single,31878.0,0,1,2014-06-22,7,23,4,5,10,5,23,1,1,0,4,3,0,0,49,70,5,1,4211,0,-0.9262301733897917,-2.2960089708125713
3283,1972,2n Cycle,Married,70932.0,0,1,2014-01-19,57,200,193,100,46,185,185,2,6,2,12,3,0,0,54,909,20,1,4365,3,1.5422185029967708,-0.367972408021218
3138,1956,Graduation,Single,91249.0,0,0,2012-10-20,84,1324,27,119,71,108,27,0,7,9,6,4,0,1,70,1676,22,0,4821,3,3.221298216301734,0.484126476463916
4994,1943,Master,Single,77598.0,0,0,2013-10-01,53,1193,33,281,129,66,33,1,7,5,13,3,0,0,83,1735,25,0,4475,3,3.230800320371674,-0.18089494169769724
7966,1959,Graduation,Single,80982.0,1,1,2013-01-08,48,505,137,401,104,22,22,3,11,5,11,5,1,0,67,1191,27,2,4741,1,1.5689630333892222,1.984703687268317
3112,1977,Master,Married,22701.0,1,0,2013-09-05,2,2,4,9,0,4,5,1,1,0,3,5,0,0,49,24,4,1,4501,0,-1.5697082478123483,-1.3710560099280453
10872,1969,PhD,Married,55212.0,0,1,2012-11-23,65,1103,0,45,0,0,34,3,4,2,11,8,0,0,57,1182,17,1,4787,1,0.31261669794996977,1.6184576658191776
2181,1970,Graduation,Married,70617.0,0,0,2013-06-23,45,353,61,753,40,46,27,1,3,3,7,2,0,0,56,1280,13,0,4575,3,2.1078382819022083,-0.775498379225848
1867,1957,Graduation,Single,64849.0,0,0,2012-11-13,42,652,48,350,94,84,108,1,9,3,6,5,0,1,69,1336,18,0,4797,3,1.835516090693024,0.4145744463351045
1518,1965,Master,Married,62694.0,1,1,2013-06-17,29,379,6,157,25,91,91,5,9,3,7,7,0,0,61,749,19,2,4581,1,-0.20689476282992952,1.841601257075982
5734,1974,PhD,Married,61917.0,1,1,2013-11-20,83,46,4,36,2,2,1,1,2,0,4,5,0,0,52,91,6,2,4425,0,-0.944763540756779,-0.89022762925416
2878,1947,PhD,Married,67472.0,0,1,2013-09-28,93,162,31,127,8,17,69,2,4,2,7,3,0,0,79,414,13,1,4478,3,0.6268101460976442,-0.5267246012030657
1458,1982,Master,Married,21059.0,1,0,2014-01-07,40,8,3,19,3,3,8,3,3,0,3,6,0,0,44,44,6,1,4377,0,-1.769569285719516,-0.7961768155058389
7007,1968,Master,Married,29543.0,2,0,2014-04-01,47,17,3,18,3,4,18,2,3,1,2,7,0,0,58,63,6,2,4293,0,-2.1255923596421122,-0.8548612726274462
6200,1951,Graduation,Married,75903.0,0,1,2013-04-08,50,340,108,185,130,38,100,2,6,6,9,3,0,0,75,901,21,1,4651,3,1.7144240217624849,0.45746930105187184
1403,1975,2n Cycle,Together,34984.0,1,1,2012-09-06,40,8,4,15,3,5,3,2,1,0,3,7,0,0,51,38,4,2,4865,2,-2.141554661871867,0.6006437652358233
4827,1956,PhD,Single,54998.0,0,1,2013-03-10,3,154,22,202,39,30,8,5,4,2,9,4,0,1,70,455,15,1,4680,1,0.09330051646594983,1.0717205483842889
6250,1949,PhD,Widow,54356.0,0,1,2012-11-19,62,710,15,30,20,0,0,3,11,2,8,8,0,1,77,775,21,1,4791,1,0.21084072649824584,1.6629554285191528
9291,1959,Master,Married,34242.0,0,1,2014-03-23,25,8,2,4,0,0,1,1,0,0,3,5,0,0,67,15,3,1,4302,0,-1.37515931274384,-1.881928649256722
2478,1973,Graduation,Married,25410.0,1,0,2013-08-31,48,2,2,4,13,13,4,1,1,0,4,4,0,0,53,38,5,1,4506,0,-1.2509562463123107,-1.3695911675276418
1139,1984,PhD,Married,73356.0,0,0,2014-02-06,56,1050,14,322,0,14,112,1,5,11,5,2,0,1,42,1512,21,0,4347,3,2.865930945919612,-0.9227900818341583
5138,1950,Graduation,Together,28320.0,0,1,2013-01-14,68,19,1,14,3,2,4,1,1,0,3,8,0,0,76,43,4,1,4735,2,-1.9097494188200437,-0.26437637819408505
5393,1977,Graduation,Single,23763.0,1,0,2012-08-07,64,22,0,6,6,2,6,1,1,0,3,7,0,0,49,42,4,1,4895,2,-1.8435238434057222,0.018236444350591557
10413,1984,Graduation,Married,72570.0,0,0,2014-04-25,67,274,83,216,151,141,224,1,4,6,12,1,0,0,42,1089,22,0,4269,3,2.734490043344254,-1.3493033886864012
5015,1976,Master,Married,34529.0,1,0,2012-09-14,94,68,6,38,3,6,41,2,2,2,3,7,0,0,50,162,7,1,4857,2,-1.3756645423876213,0.49702623437152427
10868,1951,Graduation,Widow,70792.0,0,0,2013-02-06,82,344,45,654,104,11,114,2,3,4,10,3,0,0,75,1272,17,0,4712,3,2.129698097884746,0.263911854680594
10676,1982,Graduation,Married,63211.0,0,0,2012-11-02,3,145,193,459,205,26,145,2,3,8,7,2,0,1,44,1173,18,0,4808,3,2.0867560966432412,0.2898343632389636
2495,1974,Master,Married,83891.0,0,1,2014-06-20,24,217,38,350,111,85,15,1,4,7,10,1,0,0,52,816,21,1,4213,3,2.2212420344839137,-1.3215923662923252
7842,1968,Graduation,Single,36065.0,1,1,2013-03-31,54,18,7,34,10,2,3,3,3,0,3,8,0,0,58,74,6,2,4659,2,-2.2020991890582318,0.6192935300295516
9955,1954,Graduation,Together,39898.0,0,1,2013-02-12,20,69,8,26,12,7,12,2,3,0,4,7,0,0,72,134,7,1,4706,2,-1.3013604283188809,0.02085970897491939
6663,1940,PhD,Single,51141.0,0,0,2013-07-08,96,144,0,7,0,0,6,1,3,1,4,5,0,0,86,157,8,0,4560,0,-0.06483288084693493,-1.0816354792076455
2162,1976,Graduation,Married,56939.0,0,1,2013-09-18,19,256,34,103,90,29,49,2,3,3,10,3,0,0,50,561,16,1,4488,3,0.6767198386702592,-0.4387552598717816
3434,1951,Graduation,Single,80872.0,0,0,2014-05-12,60,483,72,567,94,12,108,1,4,4,10,1,0,0,75,1336,18,0,4252,3,2.870472676386503,-1.464387143909545
7919,1976,PhD,Together,72335.0,0,0,2012-08-13,2,1285,105,653,28,21,0,1,10,4,8,8,0,1,50,2092,22,0,4889,3,2.3627230734453284,1.4652526716648266
5626,1964,PhD,Single,61798.0,0,0,2013-11-23,13,338,4,89,11,8,13,1,4,2,9,4,0,0,62,463,15,0,4422,3,1.0130192540875165,-1.2024295241374292
6428,1950,PhD,Widow,76842.0,0,0,2014-05-03,37,605,10,345,84,54,32,1,1,8,7,0,0,0,76,1130,16,0,4261,3,2.645500577506026,-1.7688440715779348
8514,1976,Graduation,Together,29478.0,1,0,2014-01-17,59,8,0,7,3,1,1,1,1,0,3,6,0,0,50,20,4,1,4367,0,-1.573569209925972,-1.5173352634861172
10448,1956,Graduation,Single,46998.0,0,1,2012-10-22,55,172,41,86,45,6,27,5,5,3,5,7,0,0,70,377,13,1,4819,1,-0.7675948399713655,1.726381304993243
2109,1990,Graduation,Single,96843.0,0,0,2013-04-23,60,448,71,951,40,17,17,1,6,11,10,2,0,1,36,1544,27,0,4636,3,3.8104818544358703,0.240255314439706
7530,1950,PhD,Widow,56551.0,1,1,2014-05-07,48,67,4,32,17,2,16,3,2,1,4,4,0,0,76,138,7,2,4257,0,-0.9547453897026019,-0.8153236335484965
8925,1965,Master,Married,70053.0,0,1,2013-07-03,38,512,53,98,81,179,89,3,8,5,10,5,0,0,61,1012,23,1,4565,3,1.3837951616277968,0.892047762399978
3009,1962,PhD,Widow,71670.0,0,0,2013-07-09,8,1462,16,128,0,0,160,1,5,3,6,6,0,1,64,1766,14,0,4559,3,1.9076952641347285,-0.1438619347285082
6355,1978,Graduation,Married,44359.0,1,1,2014-06-17,19,20,0,14,7,3,1,3,2,0,4,3,0,0,48,45,6,2,4216,0,-1.211356617564849,-1.2104642936599792
3517,1952,Graduation,Single,40887.0,1,1,2013-05-06,32,50,4,44,10,10,43,3,3,1,3,9,0,1,74,161,7,2,4623,2,-2.1339772685211935,0.7178574330651422
1158,1966,Graduation,Divorced,48877.0,0,1,2014-01-05,27,102,1,15,2,0,24,1,3,0,4,7,0,0,60,144,7,1,4379,0,-1.020075739168459,-1.136731577224159
6203,1947,Graduation,Together,74485.0,0,0,2013-08-24,58,499,149,815,173,49,49,1,6,7,12,3,0,0,79,1734,25,0,4513,3,3.161496889869579,-0.08627903747552342
7165,1972,Graduation,Together,64474.0,0,1,2013-10-22,59,381,35,172,56,86,93,2,8,2,10,5,0,0,54,823,20,1,4454,3,0.9894291197426681,0.06635771234144558
3595,1963,Graduation,Together,77226.0,0,1,2014-02-28,29,631,43,239,128,76,21,2,6,8,12,3,0,0,63,1138,26,1,4325,3,2.2436570349642904,-0.12939400324480368
8537,1949,Graduation,Widow,72643.0,0,0,2013-02-27,60,526,80,553,123,94,53,1,3,10,7,2,0,1,77,1429,20,0,4691,3,2.7253368577630734,-0.06916436194346645
4331,1978,Master,Together,85738.0,0,0,2014-01-23,41,913,26,376,17,26,13,1,3,6,11,1,0,0,48,1371,20,0,4361,3,3.132317092045591,-1.0690468967400322
6281,1966,Graduation,Divorced,55686.0,0,1,2013-02-14,27,673,0,199,37,47,26,2,6,3,5,4,0,0,60,982,14,1,4704,3,0.7049974694344597,0.3259235580173893
4338,1983,Graduation,Single,39062.0,1,0,2014-03-25,28,23,0,9,0,0,12,1,1,0,3,4,0,0,43,44,4,1,4300,0,-1.0090391253864224,-1.9331257708426117
2452,1971,Graduation,Together,34600.0,1,1,2013-01-01,8,199,33,60,8,3,15,5,5,2,5,8,0,1,55,318,12,2,4748,1,-1.813248125031696,1.809470178718502
9507,1975,Graduation,Married,40794.0,0,1,2013-04-07,18,261,23,73,4,23,50,2,6,3,5,7,0,0,51,434,14,1,4652,2,-0.5933094548926657,0.29814792511432475
8360,1971,2n Cycle,Married,54690.0,1,1,2013-11-07,76,111,16,37,7,9,18,3,3,1,5,3,0,0,55,198,9,2,4438,0,-0.6409337969662467,-0.31766762539017585
10311,1969,Graduation,Married,4428.0,0,1,2013-10-05,0,16,4,12,2,4,321,0,25,0,0,1,0,0,57,359,25,1,4471,0,0.36647019114703056,-1.2852680490387876
5117,1963,2n Cycle,Married,32632.0,0,0,2012-08-02,32,63,151,137,153,19,53,2,4,4,8,5,0,0,63,576,16,0,4900,2,0.27958702432700333,0.5193075834734543
4867,1968,PhD,Single,38236.0,1,1,2013-09-20,2,58,0,18,2,0,10,4,3,0,4,7,0,0,58,88,7,2,4486,0,-2.0004681926588,0.3560632714817119
9289,1979,Graduation,Married,36781.0,1,0,2014-04-10,16,29,1,17,0,3,13,1,2,1,2,8,0,1,47,63,5,1,4284,0,-1.661217871598815,-1.449073493018884
10913,1984,Master,Single,31385.0,1,0,2012-12-05,56,3,2,12,0,1,9,1,1,0,2,8,0,1,42,27,3,1,4775,2,-1.9194907856706738,-0.20818193018996786
3032,1984,Graduation,Married,24570.0,1,0,2013-02-27,97,28,34,62,11,14,44,3,4,0,4,9,0,0,42,193,8,1,4691,2,-1.9254026654205918,0.6428211295983913
8524,1974,PhD,Divorced,25509.0,1,0,2012-09-18,15,40,3,30,10,7,11,3,3,0,3,9,0,1,52,101,6,1,4853,2,-2.1277003941252635,0.8693084136281635
3334,1951,Graduation,Married,94642.0,0,0,2014-02-12,35,879,143,797,106,143,143,0,5,7,9,1,0,0,75,2211,21,0,4341,3,4.158664695560983,-1.0823815080797063
4470,1962,Master,Married,58646.0,0,1,2013-06-10,3,62,1,44,6,5,22,1,2,1,4,4,0,0,64,140,7,1,4588,0,-0.2987292355374039,-0.9350564247627309
1406,1975,Graduation,Single,53201.0,1,1,2013-02-12,49,280,7,81,20,0,27,8,6,3,5,7,0,0,51,415,14,2,4706,1,-1.2235680490448186,2.7956184865532174
8619,1957,Graduation,Together,21994.0,0,1,2012-12-24,4,9,0,6,3,1,3,1,0,0,3,5,0,0,69,22,3,1,4756,2,-1.6456999129482885,-0.7312353062449193
10821,1978,Graduation,Married,57113.0,1,1,2013-02-06,45,182,4,33,0,2,42,6,4,1,5,7,0,0,48,263,10,2,4712,1,-1.3680032991453575,1.9383506226285732
4552,1991,Graduation,Married,51373.0,0,0,2013-06-22,37,83,2,101,64,26,117,1,3,5,3,4,0,0,35,393,11,0,4576,3,0.4757957135854719,-1.0099489362520375
898,1986,Graduation,Married,23477.0,1,0,2013-10-21,39,38,15,54,3,8,29,3,3,0,4,8,0,0,40,147,7,1,4455,2,-1.9035413224285065,-0.24728702427241853
9797,1956,Graduation,Married,58116.0,0,1,2014-04-13,38,228,19,130,4,11,51,2,3,3,8,2,0,0,70,443,14,1,4281,0,0.6509261129268032,-1.226112592777087
10949,1963,PhD,Divorced,72968.0,0,0,2013-12-16,8,1092,37,592,145,37,55,1,5,5,8,3,0,1,63,1958,18,0,4399,3,2.851779447473222,-0.6949718843184354
8212,1971,Master,Married,39791.0,0,1,2013-03-28,89,85,15,27,13,13,21,2,3,1,4,7,0,0,55,174,8,1,4662,2,-1.1880082308381978,0.03775790616982012
6248,1947,Master,Single,91712.0,0,0,2013-10-17,47,1276,24,746,94,29,48,0,9,7,11,3,0,1,79,2217,27,0,4459,3,4.144396550220216,-0.24034647992094949
10164,1958,Graduation,Single,94472.0,0,1,2014-04-03,75,1017,33,417,108,100,16,1,5,5,5,5,0,0,68,1691,15,1,4291,3,2.14186689566217,-0.4825198571746488
4547,1960,Graduation,Together,13672.0,1,1,2013-04-17,86,6,2,9,2,1,5,2,1,0,3,8,0,0,66,25,4,2,4642,2,-2.7946748013869054,0.08298528054302315
6815,1980,2n Cycle,Married,96547.0,0,0,2014-05-23,4,448,21,125,52,101,62,0,7,6,8,2,0,1,46,809,21,0,4241,3,2.8698737526571767,-1.7385876558479674
4122,1975,Graduation,Married,79205.0,0,0,2012-08-29,73,504,23,117,179,28,44,1,6,5,4,4,0,1,51,895,15,0,4873,3,1.788298071728242,0.30005711512209354
10841,1975,PhD,Together,56559.0,0,1,2012-12-25,46,226,22,133,41,31,31,3,4,3,8,4,0,0,51,484,15,1,4755,1,0.31233607879270026,0.6866689802931935
5370,1973,PhD,Married,32644.0,1,0,2013-01-16,38,239,3,141,0,7,23,4,7,1,6,8,0,0,53,413,14,1,4733,2,-1.1027958195603678,1.273136351854691
176,1980,2n Cycle,Single,67506.0,0,1,2014-01-02,73,90,38,67,33,36,67,1,4,1,6,3,0,0,46,331,11,1,4382,0,0.4982376131163011,-1.2522855820245251
4860,1970,Graduation,Single,24206.0,1,0,2013-03-08,66,7,2,8,3,2,3,1,1,0,3,6,0,0,56,25,4,1,4682,2,-1.6816088126342001,-0.6815708185746806
10757,1967,PhD,Divorced,28420.0,1,0,2013-12-24,36,4,2,5,2,0,0,1,1,0,2,6,0,0,59,13,3,1,4391,0,-1.6729550079914641,-1.5304117325145514
4023,1970,Graduation,Married,22979.0,1,0,2012-09-06,29,16,17,19,20,21,22,3,3,2,2,8,0,1,56,115,7,1,4865,2,-1.9371234781436493,0.8323681434187804
6679,1966,Graduation,Single,33279.0,0,0,2014-06-12,29,10,3,3,0,0,0,1,0,0,3,3,0,0,60,16,3,0,4221,0,-0.5898953901748228,-2.6673038723485343
9923,1972,Master,Single,46423.0,1,1,2013-09-18,6,68,0,16,0,0,8,3,2,0,4,7,0,0,54,92,6,2,4488,0,-1.8006115082433678,0.03024337681564547
7181,1977,Graduation,Married,30368.0,0,1,2013-11-07,97,35,0,13,2,0,2,2,2,0,3,8,0,0,49,52,5,1,4438,0,-1.8620320474644823,-0.6492541637840872
3599,1970,Graduation,Married,63684.0,0,1,2012-11-26,61,575,80,428,208,93,80,3,8,4,8,5,0,0,56,1464,20,1,4784,1,1.4316309985021995,1.5011349251453256
405,1964,Graduation,Divorced,41638.0,0,1,2013-02-13,68,315,0,31,4,0,91,4,5,5,3,8,0,0,62,441,13,1,4705,1,-0.9306286396867888,1.2326824609807099
6870,1959,PhD,Divorced,68805.0,0,1,2013-09-17,73,182,2,49,17,13,20,1,3,1,7,2,0,0,67,283,11,1,4489,0,0.6589392504437978,-1.099913344397865
832,1966,PhD,Together,65814.0,0,1,2014-03-02,90,561,14,113,10,14,35,3,8,2,10,5,0,0,60,747,20,1,4323,3,0.8914038456309509,0.052962411182453706
2002,1958,Graduation,Divorced,71964.0,0,0,2013-05-20,81,587,51,932,180,34,86,1,5,6,5,3,0,0,68,1870,16,0,4609,3,2.6553704266222424,-0.17378504799198433
3657,1986,Graduation,Single,39146.0,1,0,2013-02-14,1,94,1,33,13,12,12,3,4,0,4,8,0,0,40,165,8,1,4704,2,-1.477122839023665,0.49744310514855894
500,1977,Graduation,Together,96876.0,0,0,2013-08-06,79,908,43,735,40,194,21,1,7,7,9,2,0,1,49,1941,23,0,4531,3,3.8883885326152066,-0.0652785527500013
1951,1981,Basic,Married,34445.0,0,0,2013-01-27,92,228,122,122,208,129,30,6,11,2,8,9,0,0,45,839,21,0,4722,1,-0.09929336190384952,2.232368688545859
3262,1958,Graduation,Single,68281.0,0,0,2012-08-07,31,995,112,417,42,48,41,1,2,9,13,5,0,1,68,1655,24,0,4895,3,2.5533845245149607,1.0628533575659473
4102,1975,2n Cycle,Married,37284.0,1,1,2013-03-29,46,11,1,2,2,1,6,1,0,0,3,6,0,0,51,23,3,2,4661,2,-1.9248802535773508,-0.43306513420358583
7042,1983,Graduation,Married,36790.0,0,0,2013-03-01,14,3,3,14,15,21,10,1,2,1,2,9,0,1,43,66,5,0,4689,2,-1.35238237768452,-0.5543785853056972
10598,1967,Graduation,Together,27943.0,1,1,2013-04-15,89,12,1,16,4,1,3,3,2,0,3,8,0,0,59,37,5,2,4644,2,-2.469866217426437,0.5259679185025292
255,1951,Graduation,Divorced,22263.0,1,1,2014-03-30,31,17,0,2,0,0,2,2,1,0,3,6,1,0,75,21,4,2,4295,0,-2.2875405133167463,-1.1271369086613316
2375,1972,Graduation,Together,30261.0,1,2,2012-09-25,75,8,0,5,0,3,6,1,0,0,3,8,0,0,54,22,3,3,4846,2,-2.8797460257462024,0.6358688884742493
9829,1978,Graduation,Together,28587.0,1,0,2014-02-12,42,22,4,17,12,10,13,3,2,0,4,6,0,0,48,78,6,1,4341,0,-1.5709014351601378,-0.847920359086464
6214,1982,Master,Married,43815.0,1,0,2013-04-05,53,14,10,29,4,7,15,1,2,0,3,6,0,0,44,79,5,1,4654,2,-1.133552708889384,-0.6260955501880813
4954,1956,Graduation,Married,48195.0,1,1,2014-01-21,53,106,27,68,52,7,5,6,4,2,5,6,0,0,70,265,11,2,4363,1,-1.3400900518085406,0.8921548375938115
7861,1952,Master,Married,77027.0,0,1,2014-02-05,23,820,57,242,45,0,11,2,8,3,6,4,0,0,74,1175,17,1,4348,3,1.5301421555800092,-0.3457721604450237
4837,1965,PhD,Married,71322.0,0,1,2013-02-16,57,753,43,226,69,10,204,2,8,5,13,4,0,0,61,1305,26,1,4702,3,2.0928232573767116,1.074534386338638
9423,1979,Master,Married,32765.0,1,0,2014-02-23,49,13,3,17,7,3,3,2,2,0,4,5,0,0,47,46,6,1,4330,0,-1.2587861484829446,-1.3136315047178149
4198,1965,Graduation,Together,29672.0,1,1,2013-03-12,6,9,1,3,0,4,8,1,0,0,3,6,0,0,61,25,3,2,4678,2,-2.1074309855686972,-0.46257428779332976
153,1953,Graduation,Divorced,23272.0,0,0,2013-10-17,29,19,3,6,4,2,12,1,1,0,3,4,0,0,73,46,4,0,4459,0,-0.8937935642589669,-1.8877640577908674
9323,1949,Master,Together,49912.0,0,1,2012-09-07,5,520,8,223,32,49,42,4,10,5,7,8,0,1,77,874,22,1,4864,1,0.1661283393537698,2.1829889416928223
10001,1985,2n Cycle,Together,7500.0,1,0,2012-08-01,98,5,17,17,13,14,34,4,2,1,3,9,0,0,41,100,6,1,4901,2,-2.584518835572226,1.3413472185726474
3945,1947,PhD,Widow,68117.0,0,1,2013-03-10,80,618,44,215,0,17,36,2,11,8,4,6,0,1,79,930,23,1,4680,3,1.1909024278698743,1.0108117819804108
3799,1955,Graduation,Married,67225.0,0,1,2013-11-26,4,315,35,322,46,7,143,3,7,2,11,5,0,0,71,868,20,1,4419,3,0.9990434051683847,0.26362932151211527
8625,1976,Graduation,Married,17649.0,1,0,2013-11-12,70,15,1,23,0,5,1,3,3,0,3,8,0,0,50,45,6,1,4433,2,-2.174001237337801,-0.3768760160558681
3491,1975,Graduation,Together,55914.0,0,1,2013-04-29,32,384,60,364,119,101,232,4,11,6,8,7,0,0,51,1260,25,1,4630,1,0.9820994285925119,1.7528748200682944
983,1984,Graduation,Married,40059.0,1,0,2013-09-28,82,110,29,92,28,10,145,1,6,2,3,8,0,0,42,414,11,1,4478,0,-0.8961307886697082,-0.44638070020834913
9119,1950,Graduation,Together,60905.0,0,1,2013-12-05,27,208,17,76,36,17,38,2,3,3,7,2,0,0,76,392,13,1,4410,0,0.6079684520199472,-0.9424320314750414
4786,1977,Graduation,Married,75330.0,1,1,2012-10-04,94,555,82,257,93,61,61,4,10,3,12,6,0,0,49,1109,25,2,4837,1,1.0203678140584025,2.601897073407415
5872,1951,Graduation,Single,60689.0,0,1,2013-06-01,23,240,90,216,63,6,24,4,4,4,10,3,0,0,75,639,18,1,4597,1,0.8095968662229519,0.6436118676157733
6568,1984,Graduation,Married,38680.0,1,0,2013-03-28,97,11,0,36,15,5,12,1,2,0,3,7,0,0,42,79,5,1,4662,2,-1.4057372271222568,-0.45247781427878314
5628,1982,Graduation,Together,61416.0,0,0,2013-02-08,25,848,154,323,201,61,78,1,10,3,10,6,0,0,44,1665,23,0,4710,3,2.168866838225754,0.6122492744199081
5631,1991,Graduation,Single,49767.0,0,0,2013-05-02,92,202,47,197,55,42,149,1,5,4,8,4,0,0,35,692,17,0,4627,3,1.0816845735586904,-0.44271791783360886
4974,1970,Graduation,Single,83273.0,1,2,2012-09-25,98,433,89,650,16,102,102,10,4,6,9,7,0,0,56,1392,19,3,4846,1,-0.019996064916429617,4.886602815791977
8416,1981,Graduation,Married,29009.0,1,0,2013-11-29,19,6,6,15,10,5,2,2,2,0,3,6,0,0,45,44,5,1,4416,0,-1.5851423664674773,-1.052506389876175
5454,1979,Master,Married,45057.0,1,0,2013-12-01,80,37,0,7,3,0,3,1,2,0,3,5,0,0,47,50,5,1,4414,0,-0.9564408783461845,-1.3716736776417269
4095,1971,Graduation,Married,37150.0,1,0,2012-09-11,80,167,37,64,49,34,116,8,4,3,6,7,0,0,55,467,13,1,4860,1,-1.1275985253647811,2.8317008794651195
5474,1970,Graduation,Single,43020.0,1,0,2013-11-30,79,45,7,99,4,25,43,3,4,1,4,6,0,0,56,223,9,1,4415,0,-0.9224481007442602,-0.36157777760475124
4268,1959,Graduation,Married,53154.0,0,1,2014-06-09,50,129,0,21,0,1,7,1,3,1,4,4,0,0,67,158,8,1,4224,0,-0.3375463216614888,-1.8340945987238517
10701,1973,Graduation,Married,65308.0,0,0,2013-09-11,60,713,0,264,120,80,34,1,7,8,12,4,0,0,53,1211,27,0,4495,3,2.4814099310110445,-0.13626697451755154
3507,1970,Graduation,Single,76467.0,1,0,2012-08-17,44,676,161,426,210,44,58,2,2,5,5,6,0,1,56,1575,12,1,4885,3,1.2075944665363516,1.2816810584807616
2079,1947,2n Cycle,Married,81044.0,0,0,2013-12-27,0,450,26,535,73,98,26,1,5,6,10,1,0,0,79,1208,21,0,4388,3,2.9434561149078435,-1.0723730375123874
626,1951,Graduation,Married,32871.0,1,1,2013-03-09,28,22,2,12,0,2,5,1,1,0,3,4,0,0,75,43,4,2,4681,2,-1.6125428345305377,-0.614231216001218
4426,1975,Graduation,Single,55801.0,1,1,2013-09-22,35,367,4,51,6,4,95,6,7,2,6,7,0,0,51,527,15,2,4484,1,-0.8714245484356098,1.6259778039529011
2591,1959,Graduation,Widow,76320.0,0,1,2014-06-22,49,526,35,214,69,53,35,2,6,3,4,2,0,0,67,932,13,1,4211,3,1.4045339960234648,-1.203120973629609
10509,1955,Master,Single,36927.0,1,1,2014-06-02,46,51,0,16,0,0,4,2,3,0,3,8,0,0,71,71,6,2,4231,0,-2.121757725835564,-0.8650307221315185
6382,1953,Graduation,Together,48794.0,1,1,2014-06-26,97,25,0,11,3,0,15,1,1,0,3,4,0,0,73,54,4,2,4207,0,-1.2299947110605398,-1.7440089512637496
6673,1965,Graduation,Single,23478.0,0,0,2013-03-19,51,28,6,27,12,17,39,1,3,0,3,8,0,0,61,129,6,0,4671,2,-1.3597894840948048,-0.6742905803873935
7441,1973,Graduation,Divorced,71128.0,1,0,2012-10-06,80,958,159,447,20,0,31,3,2,10,12,7,0,0,53,1615,24,1,4835,1,1.646281634872924,2.173011994108229
1071,1976,PhD,Divorced,70179.0,0,1,2013-07-21,10,532,88,168,69,44,133,3,7,3,13,5,0,0,50,1034,23,1,4547,3,1.396144583672694,0.8206208740733282
10061,1950,Graduation,Married,59462.0,0,1,2013-01-05,29,724,17,143,0,8,196,2,9,2,12,7,0,0,76,1088,23,1,4744,1,0.9415824497501534,1.269764216085774
7187,1969,Master,Together,51381.5,1,1,2013-05-18,52,375,42,48,94,66,96,7,4,10,4,3,0,0,57,721,18,2,4611,1,-0.012738386243070384,1.99923985413934
8775,1969,Graduation,Together,38361.0,1,0,2013-12-27,74,39,0,56,20,8,14,3,3,1,3,7,0,0,57,137,7,1,4388,0,-1.3960875485093296,-0.4550759284342917
1612,1981,PhD,Single,51381.5,1,0,2013-05-31,82,23,0,15,0,2,7,2,3,0,3,6,0,0,45,47,6,1,4598,2,-0.9902674435547071,-0.3534075758355883
2345,1982,PhD,Together,70038.0,0,0,2013-10-25,54,587,54,348,71,54,130,1,4,4,8,2,0,0,44,1244,16,0,4451,3,2.255391893953145,-0.9781782477408915
322,1978,Graduation,Together,42554.0,1,1,2013-01-12,93,29,1,11,0,0,0,2,2,0,3,4,0,0,48,41,5,2,4737,2,-1.3840420725650997,0.019136501832252736
10897,1974,Graduation,Married,67445.0,0,1,2012-08-12,63,757,80,217,29,80,11,5,9,6,12,6,0,0,52,1174,27,1,4890,1,1.4089971614835712,2.79719089009924
123,1951,Graduation,Widow,67046.0,0,1,2013-01-06,92,544,35,133,23,151,107,2,4,5,4,2,0,0,75,993,13,1,4743,3,1.2660882779912102,0.25966026567271455
6103,1948,Graduation,Married,42192.0,0,0,2013-09-06,40,40,15,15,17,6,7,1,2,1,3,4,0,0,78,100,6,0,4500,0,-0.289851831274628,-1.577368798044572
7899,1952,PhD,Married,77610.0,0,1,2012-10-29,70,1245,33,332,21,33,16,2,4,7,4,7,0,0,74,1680,15,1,4812,3,1.3471160630482684,1.415599730550579
10500,1984,Graduation,Married,31761.0,1,0,2014-04-05,96,19,1,20,16,14,28,2,3,0,4,5,0,0,42,98,7,1,4289,0,-1.1623740790842907,-1.3126551560674062
1655,1979,Graduation,Together,34350.0,1,0,2013-10-19,81,16,3,15,2,1,11,1,1,0,3,7,0,0,47,48,4,1,4457,0,-1.600883893528534,-1.0962083813688084
2406,1949,Graduation,Together,54591.0,0,1,2013-08-05,63,376,4,94,12,9,24,3,6,2,8,5,0,0,77,519,16,1,4532,1,0.19207297743023802,0.27893129018168644
2712,1956,Graduation,Married,71866.0,0,1,2013-12-25,85,184,178,178,103,39,33,1,6,3,10,3,0,0,70,715,19,1,4390,3,1.4223291227964119,-0.7037617160085651
5517,1969,Graduation,Married,25293.0,1,0,2013-09-15,51,15,0,11,0,2,9,1,1,1,2,8,0,0,57,37,4,1,4491,2,-1.9925149019600643,-0.9548282567864989
10643,1987,PhD,Single,42000.0,0,0,2013-01-10,23,124,83,267,85,59,35,2,5,2,11,5,0,1,39,653,18,0,4739,3,0.6764286105177644,0.231986593804227
2254,1983,Graduation,Married,69520.0,0,0,2013-07-07,95,627,120,414,121,80,93,1,9,6,5,5,0,0,43,1455,20,0,4561,3,2.1774087866519163,-0.010766087634848782
10281,1970,Graduation,Divorced,64713.0,1,0,2014-02-07,11,180,60,241,13,54,54,2,5,5,7,4,0,1,56,602,17,1,4346,3,0.7763304224253588,-0.6137157088805096
6958,1977,Master,Married,27889.0,1,0,2013-07-05,42,14,0,4,0,0,8,1,1,1,2,6,0,0,49,26,4,1,4563,2,-1.6063752121646733,-1.0130105367934532
954,1960,Basic,Widow,22123.0,0,0,2014-03-27,77,3,3,24,34,7,31,1,2,1,3,5,0,0,66,102,6,0,4298,0,-0.9047565798213566,-2.038140912686889
5079,1971,Graduation,Married,51381.5,1,1,2013-03-03,82,71,1,16,0,0,9,4,2,1,3,8,0,0,55,97,6,2,4687,2,-1.8999384656109624,1.1228349528568842
10339,1954,Master,Together,51381.5,0,1,2013-06-23,83,161,0,22,0,0,24,2,4,1,4,6,0,0,72,207,9,1,4575,0,-0.6691446724876157,-0.22284364061939033
4643,1973,Graduation,Married,27803.0,1,0,2012-08-26,40,8,26,46,38,9,49,2,3,0,4,8,0,0,53,176,7,1,4876,2,-1.7012339114380555,0.5896759436015736
3117,1955,Graduation,Single,51381.5,0,1,2013-10-18,95,264,0,21,12,6,147,3,6,1,5,7,0,0,71,450,12,1,4458,0,-0.5199197331676643,0.14567416565682814
6497,1960,Graduation,Married,51651.0,0,1,2012-11-07,32,293,6,23,13,6,92,4,6,2,5,8,0,0,66,433,13,1,4803,1,-0.7190796340274691,1.4952958260111873
5396,1988,Graduation,Married,68487.0,0,0,2013-01-13,48,758,12,385,33,89,89,1,9,7,13,4,0,0,38,1366,29,0,4736,3,2.8079304060443624,0.6567606547265608
5250,1943,Master,Widow,51381.5,0,0,2013-10-30,75,532,126,490,164,126,126,1,5,5,11,1,0,1,83,1564,21,0,4446,3,2.586431145044676,-0.8327337000518866
1052,1969,Graduation,Married,56796.0,0,1,2013-02-16,24,656,38,161,62,47,37,3,8,9,7,7,0,0,57,1001,24,1,4702,1,0.7977582068419298,1.4809519147782235
2802,1992,2n Cycle,Married,87000.0,0,0,2012-12-15,61,196,25,607,67,17,49,1,4,6,7,2,0,0,34,961,17,0,4765,3,2.47817299877415,-0.10721884691044976
6343,1959,Graduation,Married,79823.0,0,1,2014-03-31,6,835,73,380,114,73,43,1,6,9,7,2,0,0,67,1518,22,1,4294,3,2.5963486238783378,-0.7277009578373781
6507,1980,Graduation,Single,30828.0,1,0,2013-10-04,16,16,11,15,2,0,12,2,1,1,4,3,0,0,46,56,6,1,4472,0,-0.964111430572692,-1.2215221499310036
7901,1971,Master,Married,34109.0,0,1,2013-11-06,39,9,1,5,2,1,4,1,0,0,3,4,0,0,55,22,3,1,4439,0,-1.1970827421858707,-1.62014795105648
4865,1974,Master,Divorced,53367.0,1,1,2013-08-31,2,229,7,140,10,3,11,7,5,1,8,7,0,1,52,400,14,2,4506,1,-1.1765361414579942,1.874820066105442
2686,1969,Basic,Together,22390.0,0,0,2013-10-21,49,0,1,4,15,1,5,1,1,0,2,7,0,0,57,26,3,0,4455,2,-1.4942336669613898,-1.558746586490861
3107,1976,Graduation,Together,71322.0,0,1,2014-05-02,31,121,24,124,24,15,42,1,4,1,7,2,0,0,50,350,12,1,4262,0,0.8180480407418731,-1.6787829455079617
7734,1993,Graduation,Absurd,79244.0,0,0,2012-12-19,58,471,102,125,212,61,245,1,4,10,7,1,0,1,33,1216,21,0,4761,3,2.9327054719556043,-0.008382150577155356
1146,1949,Master,Together,49912.0,0,1,2012-09-07,5,520,8,223,32,49,42,4,10,5,7,8,0,1,77,874,22,1,4864,1,0.1661283393537698,2.1829889416928223
11031,1950,PhD,Married,48699.0,1,1,2013-05-21,90,26,1,10,2,0,1,1,1,0,3,5,0,0,76,40,4,2,4608,0,-1.4077771559058294,-0.5528590868874412
7428,1975,Graduation,Together,80144.0,0,0,2013-09-30,47,240,132,445,250,192,108,1,3,7,8,1,0,0,51,1367,18,0,4476,3,2.8794013998741317,-0.8680165914319544
975,1956,Graduation,Single,54252.0,1,1,2013-05-28,25,178,4,26,8,4,44,5,4,1,5,6,0,0,70,264,10,2,4601,1,-1.198107936201304,1.1556513881481358
1103,1976,Master,Married,81929.0,1,0,2012-09-29,60,1486,55,278,49,0,185,2,4,4,10,6,0,1,50,2053,18,1,4842,3,2.1077730786125217,1.6437228495595178
3422,1975,Graduation,Married,76068.0,0,1,2012-11-29,67,1115,12,128,33,12,76,1,2,3,4,6,0,0,51,1376,9,1,4781,3,0.9232095490295058,0.49507052096932713
1055,1976,Master,Married,53204.0,1,1,2014-03-20,40,29,0,8,2,0,6,1,1,0,3,4,0,0,50,45,4,2,4305,0,-1.1525634569017844,-1.5282863604678902
6544,1949,PhD,Together,67911.0,0,1,2014-05-22,63,529,0,356,63,28,0,3,6,7,11,3,0,0,77,976,24,1,4242,3,1.7085061620002502,-0.17482261920329142
1241,1984,2n Cycle,Married,14796.0,1,0,2012-09-17,1,13,3,8,7,4,16,2,1,0,3,9,0,1,42,51,4,1,4854,2,-2.469482834387173,0.37844507320893217
2909,1974,PhD,Married,78128.0,0,1,2014-02-19,89,934,24,230,16,24,36,2,8,4,6,3,0,0,52,1264,18,1,4334,3,1.879656411309473,-0.3539760935734818
5802,1972,Basic,Married,14188.0,0,0,2013-02-28,40,2,7,11,16,12,27,1,2,0,4,6,0,0,54,75,6,0,4690,2,-1.280072811710842,-0.9415311185428334
1407,1986,Basic,Married,20425.0,1,0,2012-10-29,5,4,12,5,3,16,17,2,2,0,3,7,0,0,40,57,5,1,4812,2,-1.9354317692995355,0.09156085854644455
6183,1962,Master,Married,58646.0,0,1,2013-06-10,3,62,1,44,6,5,22,1,2,1,4,4,0,0,64,140,7,1,4588,0,-0.2987292355374039,-0.9350564247627309
340,1970,Graduation,Divorced,72967.0,0,1,2012-12-15,1,158,35,179,0,0,125,2,7,2,8,5,0,1,56,497,17,1,4765,1,0.7125426823080883,0.6256959219153762
5991,1949,Master,Married,48150.0,0,1,2013-06-08,24,173,2,39,3,2,47,3,5,1,4,7,0,0,77,266,10,1,4590,2,-0.889677510709066,0.2544970933339087
3104,1961,Graduation,Single,82332.0,0,0,2012-09-17,89,830,59,968,51,79,19,1,5,3,12,2,0,1,65,2006,20,0,4854,3,3.4306644051649227,0.6416415547802614
9729,1955,Graduation,Widow,58275.0,1,1,2013-06-02,48,189,10,253,56,43,64,6,8,2,7,7,0,0,71,615,17,2,4596,1,-0.6107569829563958,2.073349949260815
1008,1981,PhD,Together,44953.0,0,0,2012-12-21,31,728,17,133,11,8,124,1,7,3,13,6,0,0,45,1021,23,0,4759,3,1.268790042111519,0.45985402369446365
11091,1953,Graduation,Together,34587.0,1,1,2014-05-16,68,7,2,9,2,0,2,2,1,0,3,4,0,0,73,22,4,2,4248,0,-1.6593096149930069,-1.4101609464429674
3969,1974,Master,Together,43018.0,0,1,2013-11-01,46,35,4,17,7,6,64,1,2,2,2,5,0,0,52,133,6,1,4444,0,-0.8807816813162774,-1.2630563140690827
1916,1954,Master,Married,45736.0,0,1,2013-07-24,92,188,3,180,20,3,43,5,7,1,6,7,0,0,72,437,14,1,4544,1,-0.6773967063812216,1.0879232531304321
9907,1969,Master,Together,66476.0,0,1,2013-12-04,80,742,28,152,25,9,57,2,6,8,10,4,0,0,57,1013,24,1,4411,3,1.6183012433662165,0.10480574362246443
87,1981,2n Cycle,Married,27733.0,1,0,2013-08-26,16,0,7,5,26,2,17,2,2,0,3,7,0,0,45,57,5,1,4511,2,-1.7715405906193518,-0.6763516650169893
8659,1952,PhD,Together,69805.0,0,1,2014-01-21,50,750,71,174,13,10,20,2,6,8,11,2,0,0,74,1038,25,1,4363,3,2.1056403183181116,-0.23895258874458364
6262,1962,Master,Single,72217.0,0,0,2013-04-10,93,816,42,450,55,56,154,1,3,10,8,2,0,0,64,1573,21,0,4649,3,2.9063118167160518,-0.052210736242465514
6147,1971,Graduation,Divorced,25818.0,1,0,2012-10-18,51,5,2,8,2,2,9,1,0,1,2,7,0,0,55,28,3,1,4823,2,-1.8767297676451946,-0.2317254383850344
8832,1976,Master,Together,37509.0,1,0,2012-09-12,24,37,5,56,12,8,5,2,3,0,4,7,0,0,50,123,7,1,4859,2,-1.3608017596188975,0.4235356221474507
10067,1976,2n Cycle,Together,25176.0,1,1,2013-08-10,79,4,0,4,0,0,5,1,1,0,2,7,0,0,50,13,3,2,4527,0,-2.369108770367303,-0.686348148781039
7532,1980,Graduation,Married,43586.0,0,1,2012-08-30,26,99,2,11,4,0,16,3,3,0,4,8,0,0,46,132,7,1,4872,2,-1.4565267854718793,0.9391765460939419
4915,1956,2n Cycle,Married,53230.0,0,1,2012-08-03,86,176,72,98,136,21,229,4,5,2,12,5,0,0,70,732,19,1,4899,1,0.46612531618792813,1.8222809624751586
2115,1957,Graduation,Together,50116.0,1,1,2014-06-20,68,54,0,10,0,0,2,2,1,0,4,5,0,0,69,66,5,2,4213,0,-1.3771539565053932,-1.2549669497011153
2088,1972,Graduation,Together,84906.0,0,0,2013-10-04,98,997,15,414,99,30,76,1,5,6,12,2,0,0,54,1631,23,0,4472,3,3.3667321723287738,-0.3598697324171499
2493,1966,Graduation,Married,61286.0,0,1,2013-08-02,34,356,0,107,19,9,117,2,7,1,8,5,0,0,60,608,16,1,4535,3,0.48144200997578207,-0.012281935381883215
6292,1986,PhD,Married,82333.0,0,0,2013-03-30,60,1311,0,359,46,89,17,1,4,3,10,2,0,1,40,1822,17,0,4660,3,3.077866360080686,-0.11257009635484691
1631,1965,PhD,Together,65220.0,0,0,2012-09-03,3,890,63,292,0,25,12,4,8,4,7,6,0,1,61,1282,19,0,4868,1,1.4648908448128541,1.6919853975373307
10104,1974,Graduation,Together,33590.0,2,1,2013-11-03,65,4,0,2,0,0,2,1,1,0,2,7,0,0,52,8,3,3,4442,0,-2.656704821919528,-0.5785177114231518
3006,1976,Graduation,Divorced,30992.0,1,0,2013-04-22,83,17,0,14,7,3,2,1,1,0,3,7,0,0,50,43,4,1,4637,2,-1.6775047841104291,-0.6249991968164886
3919,1976,Master,Single,72309.0,0,0,2013-03-11,64,960,0,883,50,38,0,1,5,6,8,3,0,1,50,1931,19,0,4679,3,2.8992095481560347,0.1543717555377685
11181,1949,PhD,Married,156924.0,0,0,2013-08-29,85,2,1,2,1,1,1,0,0,0,0,0,0,0,77,8,0,0,4508,3,2.6191926299060535,-2.1578169727720957
642,1980,Basic,Married,16005.0,1,0,2012-08-14,69,1,3,2,20,30,47,3,2,1,2,8,0,0,46,103,5,1,4888,2,-2.219420102587968,0.8149668925811527
4369,1957,Master,Absurd,65487.0,0,0,2014-01-10,48,240,67,500,199,0,163,3,3,5,6,2,0,0,69,1169,14,0,4374,3,1.8151658898534946,-0.6764171087592185
10127,1965,Graduation,Married,58692.0,0,1,2014-04-06,21,301,11,61,4,7,11,1,8,2,4,7,0,0,61,395,14,1,4288,0,-0.15181428661742732,-0.9434855729841887
271,1969,Graduation,Widow,40590.0,1,1,2013-10-02,30,154,0,50,6,11,37,5,3,4,3,6,0,0,57,258,10,2,4474,0,-1.5135911919004632,0.7605641725946896
4973,1970,Graduation,Single,20587.0,1,0,2014-05-11,39,2,3,6,4,1,9,1,1,1,2,7,0,0,56,25,4,1,4253,0,-1.9478433224010905,-1.7571060080344683
2948,1954,Master,Divorced,62637.0,0,1,2014-03-01,76,104,12,48,4,12,5,1,2,2,5,2,0,0,72,185,9,1,4324,0,0.3101005447502243,-1.6909852137098178
2715,1966,Master,Divorced,29435.0,1,1,2012-08-06,11,70,3,37,4,2,64,4,3,2,2,9,0,1,60,180,7,2,4896,2,-2.4525785295125107,1.7142908797784608
10432,1974,Graduation,Divorced,19346.0,1,0,2014-01-30,26,2,0,9,3,6,2,1,1,0,3,8,0,0,52,22,4,1,4354,0,-2.1494539434324196,-1.381291221342522
9216,1971,Graduation,Married,35788.0,1,1,2014-01-23,34,23,2,11,3,1,4,2,2,0,3,6,0,0,55,44,5,2,4361,0,-1.896623609216525,-0.8367451326075372
7124,1968,Graduation,Divorced,36997.0,1,1,2013-02-01,72,43,4,12,8,0,27,5,2,1,4,5,0,0,58,94,7,2,4717,1,-1.7341646650122233,1.1293115910007658
9727,1957,Graduation,Married,23539.0,0,0,2014-02-28,13,4,24,11,16,1,25,1,2,0,4,6,0,0,69,81,6,0,4325,0,-1.0772425734472924,-1.913415797423165
5136,1973,Graduation,Single,65333.0,0,1,2014-01-17,58,654,7,92,0,15,30,7,9,4,8,6,0,0,53,798,21,1,4367,1,0.5164622081214979,1.6238568660910433
9790,1957,Graduation,Single,78499.0,0,0,2013-11-23,12,912,72,170,47,36,97,1,11,3,4,4,0,1,69,1334,18,0,4422,3,2.297089682459692,-0.6970129872260152
1818,1971,PhD,Together,29732.0,1,0,2014-03-25,23,25,0,8,0,1,4,1,2,0,2,9,0,0,55,38,4,1,4300,0,-2.0714107726306623,-1.35693243154487
1100,1960,Master,Together,41275.0,1,2,2014-03-24,33,24,4,22,0,2,9,4,3,1,3,5,0,0,66,61,7,3,4301,0,-2.0787069954922517,-0.034259539000244886
7873,1973,PhD,Together,63516.0,1,1,2013-07-06,30,141,11,114,15,14,5,4,4,1,7,5,0,0,53,300,12,2,4562,1,-0.5893368983694914,0.7476238999139746
10609,1962,PhD,Married,42769.0,0,1,2013-10-12,15,71,0,13,3,1,0,2,1,1,4,4,0,0,64,88,6,1,4464,0,-0.8362751449297725,-1.0591114553172858
6950,1958,Master,Married,49572.0,1,1,2013-12-15,25,35,1,16,0,1,1,2,2,0,3,7,0,0,68,54,5,2,4400,0,-1.7466343439989003,-0.5566454197616314
7233,1972,Graduation,Married,69209.0,0,0,2012-09-17,4,496,32,849,229,48,128,2,5,3,6,4,0,0,54,1782,14,0,4854,3,2.1336971369099627,0.7179155150293383
9481,1976,Graduation,Married,17148.0,1,0,2014-01-28,80,9,9,11,13,10,16,4,3,1,3,8,0,0,50,68,7,1,4356,0,-2.1744725696885645,-0.19624399437038087
7699,1969,Graduation,Widow,40590.0,1,1,2013-10-02,30,154,0,50,6,11,37,5,3,4,3,6,0,0,57,258,10,2,4474,0,-1.5135911919004632,0.7605641725946896
2711,1976,Master,Together,30560.0,1,0,2013-06-27,6,9,1,5,4,5,7,1,1,0,3,7,0,0,50,31,4,1,4571,2,-1.721067223672913,-0.8941515879705454
8933,1983,2n Cycle,Married,32146.0,1,0,2014-05-12,16,26,3,23,4,7,3,2,2,0,4,6,0,0,43,66,6,1,4252,0,-1.4363463562816332,-1.4314375194692686
8726,1964,2n Cycle,Divorced,41713.0,1,1,2014-04-29,57,77,8,44,10,10,25,5,3,1,4,6,0,0,62,174,8,2,4265,0,-1.6792024641974088,0.11274114813772482
1515,1975,Master,Together,34176.0,0,1,2014-01-22,9,11,2,7,4,2,2,1,1,0,3,3,0,0,51,28,4,1,4362,0,-0.9687075817698414,-1.9375802986997133
5186,1955,PhD,Married,58482.0,0,1,2014-03-12,59,576,7,115,19,7,7,2,7,4,9,6,0,0,71,731,20,1,4313,3,0.6066445786065249,-0.24543267643890324
10157,1965,Graduation,Single,59686.0,0,1,2014-01-25,78,89,15,89,34,42,5,1,4,1,6,4,0,0,61,274,11,1,4359,0,0.10624259190981118,-1.2362882831907043
5667,1964,PhD,Married,60896.0,0,1,2012-10-11,90,1013,30,399,60,46,153,3,9,10,4,6,0,1,62,1701,23,1,4830,1,1.5933898516400686,1.9881469233162243
902,1980,Graduation,Together,62994.0,1,0,2014-03-04,74,224,12,48,4,12,12,1,6,2,4,6,0,0,46,312,12,1,4321,0,-0.06382436947358436,-1.0218447072470815
977,1957,Graduation,Together,47320.0,0,1,2013-08-01,10,200,19,111,50,15,19,6,5,1,8,6,0,0,69,414,14,1,4536,1,-0.588798076557961,1.175049922521701
7313,1949,2n Cycle,Widow,74859.0,0,0,2013-06-03,63,570,73,614,133,102,73,1,6,5,11,3,0,0,77,1565,22,0,4595,3,2.8442383226428336,-0.05288965075285743
7600,1992,Basic,Single,15253.0,1,0,2013-10-28,13,1,3,3,8,1,13,2,1,0,3,7,0,0,34,29,4,1,4448,2,-2.142813871528681,-0.9560642316553063
9706,1974,PhD,Single,31560.0,1,0,2013-06-24,98,62,1,20,4,0,7,2,2,1,3,8,0,0,52,94,6,1,4574,2,-1.734629517276518,-0.21716057408186232
2429,1954,Graduation,Divorced,72071.0,0,1,2013-02-14,4,531,69,300,150,138,150,3,5,4,8,2,0,0,72,1338,17,1,4704,3,1.8169683811117208,0.7040887736191903
3520,1990,Master,Single,91172.0,0,0,2013-03-27,94,162,28,818,0,28,56,0,4,3,7,3,0,1,36,1092,14,0,4663,3,2.402804060455481,-0.6197521843461035
10394,1984,Graduation,Married,90000.0,0,0,2013-12-23,91,675,144,133,94,192,241,1,4,8,5,1,0,0,42,1479,17,0,4392,3,3.1433462995678108,-1.0110713318513562
4548,1981,Graduation,Single,41967.0,1,1,2013-11-23,66,23,4,10,0,2,15,1,1,0,3,4,0,0,45,54,4,2,4422,0,-1.3903552081951536,-1.2278617804463277
9362,1965,Graduation,Single,69263.0,0,1,2014-03-05,14,492,5,32,13,5,21,1,9,1,7,6,0,0,61,568,17,1,4320,3,0.5871941520458295,-0.7499095234794412
3968,1970,2n Cycle,Divorced,65706.0,0,0,2013-06-28,77,918,10,129,13,0,129,1,11,3,12,7,0,1,56,1199,26,0,4570,3,1.9170325593034512,0.4101927225585905
4084,1975,Graduation,Together,60934.0,0,1,2014-01-17,41,224,155,155,192,93,54,2,6,4,11,4,0,0,51,873,21,1,4367,3,1.175535053406345,-0.2644039281814302
6721,1951,Graduation,Married,71965.0,0,1,2013-07-29,21,572,19,286,50,38,248,3,6,3,5,3,0,0,75,1213,14,1,4539,3,1.3554663031159964,0.22350437767421918
2829,1955,Graduation,Married,65210.0,0,1,2014-03-10,25,626,0,70,0,7,28,2,9,3,8,6,0,0,71,731,20,1,4315,3,0.7492198514963397,-0.24991950767632712
1772,1975,PhD,Married,79174.0,0,0,2013-01-11,2,1074,37,518,193,92,129,1,5,6,7,2,0,1,51,2043,18,0,4738,3,3.2352563002690204,0.14172063658098505
1544,1967,Master,Divorced,81380.0,0,0,2012-12-22,51,741,68,689,224,68,103,1,4,2,10,2,0,0,59,1893,16,0,4758,3,3.0503677393805457,0.116554475283429
492,1973,PhD,YOLO,48432.0,0,1,2012-10-18,3,322,3,50,4,3,42,5,7,1,6,8,0,0,53,424,14,1,4823,1,-0.8173868609185084,1.8714477891592696
4377,1971,Graduation,Married,52914.0,0,1,2013-01-07,32,254,10,44,30,10,227,2,7,3,3,7,0,0,55,575,13,1,4742,2,-0.26009653066142785,0.6096731428529976
4541,1955,Graduation,Together,38946.0,0,1,2013-10-24,84,116,6,82,6,6,41,2,3,1,6,5,0,0,71,257,10,1,4452,0,-0.679791388221635,-0.666302820217447
1321,1974,Graduation,Married,26067.0,1,0,2013-11-04,49,22,2,18,0,2,12,3,3,0,3,8,0,0,52,56,6,1,4441,2,-1.9801061231883268,-0.33996179081331057
8858,1972,PhD,Married,44325.0,0,1,2013-03-07,69,516,0,21,0,0,5,4,8,2,7,8,0,0,54,542,17,1,4683,1,-0.5337947023717483,1.4020145759587361
3266,1964,Graduation,Married,42523.0,0,0,2014-04-23,96,14,36,11,3,26,35,1,1,1,4,2,0,0,62,125,6,0,4271,0,0.08861348074039603,-2.3707214123418456
11187,1978,Basic,Single,26487.0,1,0,2013-05-20,23,2,8,10,12,14,23,3,2,1,3,5,0,0,48,69,6,1,4609,2,-1.458124091443939,-0.28376719372390913
8207,1957,2n Cycle,Married,53233.0,0,1,2014-03-18,18,28,0,9,3,0,0,1,1,0,3,4,0,0,69,40,4,1,4307,0,-0.6937493295107183,-1.8680310052962774
9723,1960,Graduation,Married,67716.0,0,1,2013-01-10,8,530,142,217,62,9,56,4,7,4,13,5,0,0,66,1016,24,1,4739,1,1.3184997576520727,1.689874451295726
2666,1972,Master,Married,76234.0,0,1,2014-02-06,21,519,50,167,130,0,41,1,8,3,11,3,0,0,54,907,22,1,4347,3,1.8492540429873157,-0.6700580477018809
5721,1956,PhD,Married,84117.0,0,0,2014-05-11,60,611,76,749,59,45,26,1,7,10,6,2,0,0,70,1566,23,0,4253,3,3.280449715205504,-1.0174634104936304
10652,1957,Master,Together,65487.0,0,0,2014-01-10,48,240,67,500,199,0,163,3,3,5,6,2,0,0,69,1169,14,0,4374,3,1.8151658898534946,-0.6764171087592185
1646,1972,Basic,Married,25224.0,1,0,2014-03-16,36,4,9,12,11,2,8,2,1,1,3,3,0,0,54,46,5,1,4309,0,-1.1595305559109927,-1.7102086114034976
4418,1983,Master,Single,89616.0,0,0,2013-02-25,36,671,47,655,145,111,15,1,7,5,12,2,0,1,43,1644,24,0,4693,3,3.532900820738507,0.23566681684689605
2656,1971,Graduation,Divorced,40851.0,1,1,2013-02-21,63,23,1,7,0,4,24,1,1,1,2,7,0,0,55,59,4,2,4697,2,-1.9143767185297713,-0.12017787700776228
7990,1947,Graduation,Married,27469.0,0,0,2012-08-02,2,9,1,2,3,2,0,1,0,0,3,6,0,0,79,17,3,0,4900,2,-1.2239012168507253,-0.5193738538508862
8722,1957,2n Cycle,Married,82347.0,0,0,2012-11-06,38,556,54,845,202,133,63,1,7,7,10,3,0,1,69,1853,24,0,4804,3,3.3734109152230336,0.7034064756302961
7118,1957,Graduation,Married,73803.0,0,1,2012-08-01,61,833,80,363,52,26,174,2,9,5,6,6,0,1,69,1528,20,1,4901,3,1.6197627813343487,1.6791067742488621
2980,1952,Master,Single,8820.0,1,1,2013-03-22,52,12,0,13,4,2,4,4,3,0,3,8,0,0,74,35,6,2,4668,2,-2.925442364389651,0.8405067212365361
1839,1974,Graduation,Single,43322.0,0,0,2014-04-21,25,56,7,48,10,2,18,1,3,0,4,7,0,0,52,141,7,0,4273,0,-0.6821898054486321,-1.7675001530475676
10722,1973,Graduation,Together,55593.0,0,1,2013-08-21,63,293,8,124,11,4,106,2,6,6,3,6,0,0,53,546,15,1,4516,0,0.07750915817825063,0.0028788150588731805
2632,1954,Graduation,Married,50501.0,1,1,2013-06-18,10,297,0,38,13,0,152,7,5,4,4,6,0,1,72,500,13,2,4580,1,-1.0500997922155924,1.935808652361758
9014,1975,Graduation,Married,37085.0,1,1,2014-06-26,65,39,1,16,2,0,3,4,3,0,3,8,0,0,51,61,6,2,4207,0,-2.266979560609046,-0.2601155177971625
7620,1990,Basic,Single,16185.0,1,0,2013-08-05,71,5,11,16,21,8,45,2,2,2,2,8,0,0,36,106,6,1,4532,2,-2.0821937530212122,-0.41980328902683095
10968,1969,Graduation,Single,57731.0,0,1,2012-11-23,0,266,21,300,65,8,44,4,8,8,6,6,0,0,57,704,22,1,4787,1,0.538705346449736,1.6947306693012034
11133,1973,PhD,YOLO,48432.0,0,1,2012-10-18,3,322,3,50,4,3,42,5,7,1,6,8,0,1,53,424,14,1,4823,1,-0.8173868609185084,1.8714477891592696
2736,1978,Graduation,Married,73807.0,0,1,2013-01-02,88,366,124,156,71,78,54,2,5,5,11,2,0,0,48,849,21,1,4747,3,1.8058899920798401,0.6069699737876484
1876,1990,Graduation,Married,18929.0,0,0,2013-02-16,15,32,0,8,23,4,18,1,1,0,4,6,0,0,36,85,5,0,4702,2,-1.234753744968003,-0.9592216604174728
5959,1968,Graduation,Single,35893.0,1,1,2012-10-15,80,158,0,23,0,0,18,6,3,1,5,8,0,0,58,199,9,2,4826,1,-2.1217159042977194,2.253217803042261
1092,1980,Graduation,Married,61014.0,0,1,2012-08-11,17,269,129,495,182,43,29,4,9,3,4,7,0,0,46,1147,16,1,4891,1,0.4357457218670108,2.0128804189927734
4333,1954,Graduation,Together,32144.0,1,1,2014-03-23,76,41,0,10,0,0,3,4,2,1,3,7,0,0,72,54,6,2,4302,0,-2.211062445155842,-0.1395190110310861
3850,1963,Basic,Together,14918.0,0,1,2012-12-07,52,3,3,3,15,4,15,1,1,0,3,6,0,0,63,43,4,1,4773,2,-1.8800735001386915,-0.48437939077960734
6168,1963,Graduation,Divorced,45146.0,1,1,2013-07-15,28,33,0,5,0,0,15,2,1,1,2,4,0,0,63,53,4,2,4553,0,-1.4009874884786202,-0.578905741899037
607,1955,2n Cycle,Divorced,41769.0,0,1,2013-02-13,31,302,29,131,32,0,27,6,8,1,7,8,0,0,71,521,16,1,4705,1,-0.8289344428841137,2.007080922960623
10469,1981,Graduation,Together,88325.0,0,0,2014-02-05,42,519,71,860,93,27,53,1,6,2,9,2,0,0,45,1623,17,0,4348,3,3.039590947448317,-1.0165907205358173
6983,1950,Master,Divorced,38054.0,1,1,2014-05-01,24,23,2,17,2,1,0,2,2,0,3,7,0,0,76,45,5,2,4263,0,-2.0178995650964575,-0.9774711668419522
3661,1995,2n Cycle,Single,80617.0,0,0,2012-10-12,42,594,51,631,72,55,32,1,4,6,8,2,0,0,31,1435,18,0,4829,3,2.7816706113430754,0.22683499919477987
9303,1976,Graduation,Married,5305.0,0,1,2013-07-30,12,12,4,7,1,3,5,0,1,0,0,13,0,0,50,32,1,1,4538,2,-3.4218805964800083,-0.7953352370765622
692,1954,Graduation,Together,36807.0,1,1,2012-12-20,88,4,2,5,0,0,5,1,1,0,2,6,0,0,72,16,3,2,4760,2,-1.9273438144742037,-0.12427110670381215
736,1983,Graduation,Together,28427.0,1,0,2013-03-21,67,18,3,19,3,3,6,2,2,0,3,8,0,0,43,52,5,1,4669,2,-1.9110038530749212,-0.0686659488176009
9589,1948,PhD,Widow,82032.0,0,0,2014-04-05,54,332,194,377,149,125,57,0,4,6,7,1,0,0,78,1234,17,0,4289,3,2.8214666566202884,-1.7728674135384332
4838,1978,Graduation,Together,22775.0,1,0,2013-06-19,40,5,1,8,0,0,1,1,1,0,2,8,0,0,48,15,3,1,4579,2,-2.132705154751166,-0.7935030493772942
9246,1985,Master,Together,40101.0,1,0,2012-10-14,73,171,3,129,26,24,62,4,6,1,6,7,0,0,41,415,13,1,4827,1,-0.8144358277083648,1.426848393702962
6261,1979,Graduation,Married,58025.0,0,1,2013-11-26,81,270,31,88,11,48,22,3,3,2,10,4,0,0,47,470,15,1,4419,0,0.33872198352517846,-0.1778820658535055
7366,1982,Master,Single,75777.0,0,0,2013-07-04,12,712,26,538,69,13,80,1,3,6,11,1,0,1,44,1438,20,0,4564,3,2.9563261952852016,-0.5728033427883056
10659,1979,2n Cycle,Together,7500.0,1,0,2013-05-07,7,2,8,11,3,8,21,4,3,2,2,7,0,0,47,53,7,1,4622,2,-2.2538340838064266,0.2691946689577223
1448,1963,Master,Married,33562.0,1,2,2014-06-25,33,21,12,12,0,3,3,3,2,0,4,4,0,0,63,51,6,3,4208,0,-2.0849187300594205,-0.8155458100715711
4286,1970,PhD,Single,57642.0,0,1,2014-01-09,24,580,6,58,8,0,27,3,7,6,6,4,0,0,56,679,19,1,4375,3,0.737153408726114,-0.10756340955975985
4749,1968,Graduation,Together,58554.0,1,1,2012-09-26,55,368,24,68,38,0,88,6,8,2,6,7,0,0,58,586,16,2,4845,1,-0.6851981510728054,2.697316715617783
4478,1979,Graduation,Married,63777.0,1,1,2013-03-24,87,457,5,106,15,17,53,8,11,1,6,8,0,0,47,653,18,2,4666,1,-0.6934345164966921,3.1621605308603704
4201,1962,Graduation,Single,57967.0,0,1,2013-03-03,39,229,7,137,4,0,91,5,4,2,8,5,0,0,64,468,14,1,4687,1,-0.050013938514026246,1.226502182614899
8720,1978,2n Cycle,Together,51381.5,0,0,2012-08-12,53,32,2,1607,12,4,22,0,0,0,1,0,0,0,48,1679,1,0,4890,3,1.6589612215550678,-0.9789862975588886
10084,1972,Graduation,Married,24434.0,2,0,2014-05-18,9,3,2,8,20,0,17,2,2,1,2,7,0,0,54,50,5,2,4246,0,-2.3274360734811834,-1.0946238722270307
7004,1984,Graduation,Single,11012.0,1,0,2013-03-16,82,24,3,26,7,1,23,3,3,1,2,9,0,0,42,84,6,1,4674,2,-2.4537053002078992,0.39580284017080963
9817,1970,Master,Single,44802.0,0,0,2012-08-21,71,853,10,143,13,10,20,2,9,4,12,8,0,0,56,1049,25,0,4881,1,1.0181270620419116,1.5071171777045034
8080,1986,Graduation,Single,26816.0,0,0,2012-08-17,50,5,1,6,3,4,3,1,0,0,3,4,0,0,40,22,3,0,4885,2,-0.8829196901267903,-0.7564287072876601
8372,1974,Graduation,Married,34421.0,1,0,2013-07-01,81,3,3,7,6,2,9,1,1,0,2,7,0,0,52,30,3,1,4567,2,-1.67543652133464,-0.8513194159162941
10870,1967,Graduation,Married,61223.0,0,1,2013-06-13,46,709,43,182,42,118,247,2,9,3,4,5,0,0,59,1341,16,1,4585,3,1.0868423509357599,0.3889387333839623
4001,1946,PhD,Together,64014.0,2,1,2014-06-10,56,406,0,30,0,0,8,7,8,2,5,7,0,0,80,444,15,3,4223,1,-1.293223273157978,1.5966171065734232
7270,1981,Graduation,Divorced,56981.0,0,0,2014-01-25,91,908,48,217,32,12,24,1,2,3,13,6,0,0,45,1241,18,0,4359,3,1.4171619626464274,-0.6512623736814274
8235,1956,Master,Together,69245.0,0,1,2014-01-24,8,428,30,214,80,30,61,2,6,5,10,3,0,0,70,843,21,1,4360,3,1.4983705479425327,-0.4203258541610487
9405,1954,PhD,Married,52869.0,1,1,2012-10-15,40,84,3,61,2,1,21,3,3,1,4,7,0,1,72,172,8,2,4826,2,-1.4463734899964618,1.123120438399153
